"","person_code","perceiver.id","target.id","Knowing","Liking","Meta_Liking","Friend","Leader"
"1","AN04MA",56,24,2,4,4,2,2
"2","AN04MA",56,13,2,4,4,2,2
"3","AN04MA",56,35,3,5,4,2,2
"4","AN04MA",56,19,4,6,5,2,1
"5","AN04MA",56,NA,NA,NA,NA,NA,NA
"6","AN04MA",56,20,3,5,4,2,1
"7","AN04MA",56,12,4,6,5,2,2
"8","AN04MA",56,3,4,2,3,2,2
"9","AN04MA",56,56,NA,NA,NA,NA,NA
"10","AN04MA",56,46,3,4,4,2,2
"11","AN04MA",56,25,2,4,4,2,1
"12","AN04MA",56,4,3,6,5,2,1
"13","AN04MA",56,47,5,5,4,1,2
"14","AN04MA",56,26,4,4,4,2,1
"15","AN04MA",56,61,4,4,4,2,2
"16","AN04MA",56,40,4,6,5,1,2
"17","AN04MA",56,62,3,6,4,1,2
"18","AN04MA",56,41,2,4,4,2,2
"19","AN04MA",56,45,5,6,5,1,2
"20","AN04MA",56,28,3,5,4,2,2
"21","AN04MA",56,63,6,6,5,1,2
"22","AN04MA",56,74,5,5,4,2,2
"23","AN04MA",56,21,6,6,5,1,1
"24","AN04MA",56,64,4,3,4,2,2
"25","AN04MA",56,71,4,6,5,2,2
"26","AN04MA",56,43,4,5,4,2,2
"27","AN04MA",56,18,2,4,4,2,2
"28","AN04MA",56,9,5,6,5,2,1
"29","AN04MA",56,14,2,5,4,2,1
"30","AN04MA",56,27,2,4,4,2,2
"31","AN04MA",56,6,3,4,4,2,1
"32","AN04MA",56,49,5,5,5,1,2
"33","AN04MA",56,66,2,4,4,2,2
"34","AN04MA",56,73,3,5,4,2,2
"35","AN04MA",56,42,2,4,4,2,1
"36","AN04MA",56,34,2,4,4,2,2
"37","AN04MA",56,29,4,6,5,2,2
"38","AN04MA",56,8,3,6,5,2,2
"39","AN04MA",56,51,2,5,4,2,2
"40","AN04MA",56,30,2,5,4,2,2
"41","AN04MA",56,39,2,4,4,2,2
"42","AN04MA",56,5,6,6,5,1,2
"43","AN04MA",56,48,4,6,5,1,2
"44","AN04MA",56,44,2,5,4,2,2
"45","AN04MA",56,23,2,4,4,2,2
"46","AN04MA",56,2,4,6,5,2,2
"47","AN04MA",56,54,2,3,4,2,2
"48","AN04MA",56,55,2,4,4,2,2
"49","AN04MA",56,50,5,6,5,1,2
"50","AN04MA",56,59,3,6,4,2,2
"51","AN04MA",56,38,3,6,5,2,2
"52","AN04MA",56,17,6,6,5,1,2
"53","AN04MA",56,60,3,5,4,2,2
"54","AN04MA",56,36,3,4,4,2,2
"55","AN04MA",56,52,2,5,4,2,2
"56","AN04MA",56,72,3,5,4,2,1
"57","AN04MA",56,57,4,6,5,2,2
"58","AN04MA",56,16,4,6,4,2,1
"59","AN04MA",56,15,4,5,4,2,2
"60","AN04MA",56,58,3,5,4,2,2
"61","AN04MA",56,7,2,5,4,2,2
"62","AN04MA",56,22,3,4,4,2,2
"63","AN04MA",56,37,2,5,4,2,2
"64","AN04MA",56,65,3,6,5,2,2
"65","AN04MA",56,53,2,4,4,2,2
"66","AN04MA",56,33,3,5,4,2,2
"67","AN04MA",56,1,5,6,5,1,2
"68","AN04MA",56,31,2,4,4,2,1
"69","AN04MA",56,10,6,6,5,1,2
"70","AN04MA",56,11,2,3,4,2,2
"71","AN04MA",56,32,2,4,4,2,2
"72","AN09DI",4,9,3,5,3,2,1
"73","AN09DI",4,10,2,4,3,2,2
"74","AN09DI",4,53,2,4,4,2,2
"75","AN09DI",4,52,1,NA,NA,NA,NA
"76","AN09DI",4,31,2,4,3,2,2
"77","AN09DI",4,64,3,5,3,2,1
"78","AN09DI",4,71,3,3,3,2,2
"79","AN09DI",4,32,2,3,3,2,2
"80","AN09DI",4,22,2,3,3,2,2
"81","AN09DI",4,1,2,4,4,2,2
"82","AN09DI",4,65,2,3,3,2,2
"83","AN09DI",4,43,4,4,4,2,1
"84","AN09DI",4,44,2,3,3,2,2
"85","AN09DI",4,11,2,3,3,2,2
"86","AN09DI",4,54,2,3,3,2,2
"87","AN09DI",4,72,3,5,5,2,1
"88","AN09DI",4,33,4,5,4,2,2
"89","AN09DI",4,12,3,4,4,2,1
"90","AN09DI",4,38,2,4,4,2,2
"91","AN09DI",4,17,2,4,3,2,2
"92","AN09DI",4,60,3,4,4,2,2
"93","AN09DI",4,39,2,2,2,2,2
"94","AN09DI",4,18,3,4,4,2,2
"95","AN09DI",4,61,2,5,3,2,1
"96","AN09DI",4,40,2,3,4,2,2
"97","AN09DI",4,19,2,4,4,2,1
"98","AN09DI",4,23,2,4,4,2,1
"99","AN09DI",4,2,4,5,5,1,2
"100","AN09DI",4,66,2,4,3,2,2
"101","AN09DI",4,16,2,3,3,2,2
"102","AN09DI",4,59,3,4,4,2,1
"103","AN09DI",4,21,2,4,3,2,2
"104","AN09DI",4,29,2,3,4,2,2
"105","AN09DI",4,8,4,5,5,2,1
"106","AN09DI",4,51,2,4,3,2,2
"107","AN09DI",4,30,3,4,4,2,2
"108","AN09DI",4,35,2,3,3,2,2
"109","AN09DI",4,14,3,4,3,2,1
"110","AN09DI",4,57,2,4,4,2,2
"111","AN09DI",4,36,2,2,3,2,2
"112","AN09DI",4,15,3,4,4,2,2
"113","AN09DI",4,58,3,4,4,2,2
"114","AN09DI",4,37,1,NA,NA,NA,NA
"115","AN09DI",4,63,2,3,3,2,2
"116","AN09DI",4,73,1,NA,NA,NA,NA
"117","AN09DI",4,55,2,3,3,2,2
"118","AN09DI",4,34,2,3,3,2,2
"119","AN09DI",4,13,3,4,4,2,2
"120","AN09DI",4,56,3,3,3,2,2
"121","AN09DI",4,24,2,3,2,2,2
"122","AN09DI",4,3,2,4,4,2,2
"123","AN09DI",4,26,2,4,3,2,2
"124","AN09DI",4,5,2,3,3,2,2
"125","AN09DI",4,62,2,3,3,2,2
"126","AN09DI",4,41,4,4,4,2,1
"127","AN09DI",4,20,2,3,3,2,2
"128","AN09DI",4,NA,NA,NA,NA,NA,NA
"129","AN09DI",4,42,3,4,4,2,2
"130","AN09DI",4,28,3,4,4,2,2
"131","AN09DI",4,7,2,2,2,2,2
"132","AN09DI",4,50,1,NA,NA,NA,NA
"133","AN09DI",4,45,2,4,4,2,2
"134","AN09DI",4,25,2,4,4,2,2
"135","AN09DI",4,4,NA,NA,NA,NA,NA
"136","AN09DI",4,74,4,5,5,2,2
"137","AN09DI",4,46,2,3,4,2,2
"138","AN09DI",4,6,3,4,4,2,1
"139","AN09DI",4,49,2,4,4,2,2
"140","AN09DI",4,47,2,3,3,2,2
"141","AN09DI",4,27,2,2,3,2,2
"142","AN09DI",4,48,2,2,3,2,2
"143","AN09RO",41,15,5,5,5,2,2
"144","AN09RO",41,36,3,4,4,2,2
"145","AN09RO",41,57,4,6,5,2,2
"146","AN09RO",41,4,4,4,3,2,1
"147","AN09RO",41,11,3,4,4,2,2
"148","AN09RO",41,10,2,1,1,2,2
"149","AN09RO",41,14,5,3,4,2,1
"150","AN09RO",41,33,2,3,3,2,2
"151","AN09RO",41,58,4,5,4,2,1
"152","AN09RO",41,56,2,4,4,2,2
"153","AN09RO",41,54,2,3,3,2,2
"154","AN09RO",41,25,6,4,6,2,1
"155","AN09RO",41,34,4,6,5,2,1
"156","AN09RO",41,47,2,3,3,2,2
"157","AN09RO",41,72,6,6,5,1,1
"158","AN09RO",41,37,2,3,3,2,2
"159","AN09RO",41,65,3,1,2,2,1
"160","AN09RO",41,32,6,5,6,1,1
"161","AN09RO",41,16,6,4,4,1,1
"162","AN09RO",41,42,6,6,6,1,1
"163","AN09RO",41,64,3,4,4,2,2
"164","AN09RO",41,12,2,2,2,2,2
"165","AN09RO",41,46,4,5,5,2,2
"166","AN09RO",41,35,2,3,3,2,2
"167","AN09RO",41,1,2,4,4,2,2
"168","AN09RO",41,29,2,2,3,2,2
"169","AN09RO",41,8,3,5,4,2,2
"170","AN09RO",41,51,4,1,4,2,1
"171","AN09RO",41,NA,NA,NA,NA,NA,NA
"172","AN09RO",41,66,3,5,4,2,2
"173","AN09RO",41,53,6,5,5,1,2
"174","AN09RO",41,63,2,2,2,2,2
"175","AN09RO",41,5,3,4,3,2,2
"176","AN09RO",41,73,2,1,3,2,1
"177","AN09RO",41,45,2,4,3,2,2
"178","AN09RO",41,24,5,5,5,2,1
"179","AN09RO",41,13,6,6,6,1,1
"180","AN09RO",41,74,3,5,4,2,1
"181","AN09RO",41,18,6,5,5,1,2
"182","AN09RO",41,61,2,4,4,2,2
"183","AN09RO",41,40,4,3,4,2,1
"184","AN09RO",41,30,4,6,4,2,1
"185","AN09RO",41,2,2,5,4,2,1
"186","AN09RO",41,20,4,5,4,2,2
"187","AN09RO",41,31,3,3,4,2,2
"188","AN09RO",41,52,2,4,4,2,2
"189","AN09RO",41,59,2,3,3,2,2
"190","AN09RO",41,21,2,4,4,2,2
"191","AN09RO",41,71,3,2,2,2,2
"192","AN09RO",41,55,2,2,3,2,2
"193","AN09RO",41,22,2,2,3,2,2
"194","AN09RO",41,50,2,5,4,2,2
"195","AN09RO",41,44,3,4,4,2,2
"196","AN09RO",41,26,6,6,5,1,2
"197","AN09RO",41,19,6,5,5,1,1
"198","AN09RO",41,27,3,4,4,2,2
"199","AN09RO",41,6,5,5,5,2,2
"200","AN09RO",41,49,4,5,4,2,2
"201","AN09RO",41,9,6,5,5,2,1
"202","AN09RO",41,3,4,3,5,2,2
"203","AN09RO",41,39,2,3,3,2,2
"204","AN09RO",41,62,2,4,4,2,2
"205","AN09RO",41,43,3,3,4,2,2
"206","AN09RO",41,28,2,4,4,2,2
"207","AN09RO",41,7,2,1,3,2,2
"208","AN09RO",41,48,2,4,4,2,2
"209","AN09RO",41,23,3,2,2,2,2
"210","AN09RO",41,41,NA,NA,NA,NA,NA
"211","AN09RO",41,17,2,3,3,2,2
"212","AN09RO",41,38,4,2,3,2,2
"213","AN09RO",41,60,4,4,4,2,2
"214","AN11WO",7,12,2,5,5,2,1
"215","AN11WO",7,34,3,5,5,2,1
"216","AN11WO",7,33,3,5,5,2,1
"217","AN11WO",7,50,4,5,5,2,1
"218","AN11WO",7,14,4,5,5,2,1
"219","AN11WO",7,13,3,5,5,2,1
"220","AN11WO",7,57,2,5,5,2,1
"221","AN11WO",7,55,3,5,5,2,1
"222","AN11WO",7,49,5,6,5,1,1
"223","AN11WO",7,47,5,6,6,1,1
"224","AN11WO",7,7,NA,NA,NA,NA,NA
"225","AN11WO",7,45,2,5,5,2,1
"226","AN11WO",7,24,3,5,5,2,1
"227","AN11WO",7,3,3,5,5,2,1
"228","AN11WO",7,74,5,6,5,2,1
"229","AN11WO",7,56,3,5,5,2,1
"230","AN11WO",7,35,3,5,5,2,1
"231","AN11WO",7,4,2,5,5,2,1
"232","AN11WO",7,5,3,5,5,2,1
"233","AN11WO",7,48,2,5,5,2,1
"234","AN11WO",7,27,3,5,5,2,1
"235","AN11WO",7,6,4,5,5,2,1
"236","AN11WO",7,28,4,5,5,2,1
"237","AN11WO",7,54,2,5,5,2,1
"238","AN11WO",7,42,4,5,5,2,1
"239","AN11WO",7,21,5,6,6,2,1
"240","AN11WO",7,64,3,5,5,2,1
"241","AN11WO",7,71,3,5,5,2,1
"242","AN11WO",7,46,5,5,5,2,1
"243","AN11WO",7,25,3,5,5,2,1
"244","AN11WO",7,26,3,5,5,2,1
"245","AN11WO",7,39,3,5,5,2,1
"246","AN11WO",7,18,2,5,5,2,1
"247","AN11WO",7,61,3,5,5,2,1
"248","AN11WO",7,NA,NA,NA,NA,NA,NA
"249","AN11WO",7,20,5,5,5,2,1
"250","AN11WO",7,63,4,5,5,2,1
"251","AN11WO",7,73,3,5,5,2,1
"252","AN11WO",7,32,3,4,4,2,1
"253","AN11WO",7,37,3,5,5,2,1
"254","AN11WO",7,16,3,5,5,2,1
"255","AN11WO",7,59,2,5,5,2,1
"256","AN11WO",7,43,3,5,5,2,1
"257","AN11WO",7,22,4,6,6,2,1
"258","AN11WO",7,1,4,6,6,2,1
"259","AN11WO",7,65,5,6,6,1,1
"260","AN11WO",7,72,4,5,5,2,1
"261","AN11WO",7,40,2,5,5,2,1
"262","AN11WO",7,19,3,5,5,2,1
"263","AN11WO",7,62,6,6,6,1,1
"264","AN11WO",7,41,3,5,5,2,1
"265","AN11WO",7,11,5,5,5,2,1
"266","AN11WO",7,53,3,5,5,2,1
"267","AN11WO",7,60,3,5,5,2,1
"268","AN11WO",7,8,3,5,5,2,1
"269","AN11WO",7,38,3,5,5,2,1
"270","AN11WO",7,17,3,5,5,2,1
"271","AN11WO",7,23,3,5,5,2,1
"272","AN11WO",7,2,2,5,5,2,1
"273","AN11WO",7,51,5,6,6,2,1
"274","AN11WO",7,44,6,6,6,1,1
"275","AN11WO",7,30,3,5,5,2,1
"276","AN11WO",7,29,6,6,6,1,1
"277","AN11WO",7,66,4,5,5,2,1
"278","AN11WO",7,58,2,5,5,2,1
"279","AN11WO",7,10,3,5,5,2,1
"280","AN11WO",7,9,3,5,5,2,1
"281","AN11WO",7,36,3,5,5,2,1
"282","AN11WO",7,15,3,5,5,2,1
"283","AN11WO",7,31,3,4,4,2,1
"284","AN11WO",7,52,2,4,4,2,1
"285","AN13FR",52,51,3,3,3,2,2
"286","AN13FR",52,9,3,3,3,2,1
"287","AN13FR",52,52,NA,NA,NA,NA,NA
"288","AN13FR",52,29,2,3,3,2,2
"289","AN13FR",52,8,3,4,3,2,2
"290","AN13FR",52,30,2,4,3,2,2
"291","AN13FR",52,26,2,3,3,2,2
"292","AN13FR",52,5,2,3,3,2,2
"293","AN13FR",52,19,2,4,3,2,2
"294","AN13FR",52,7,3,1,3,2,2
"295","AN13FR",52,56,2,3,3,2,2
"296","AN13FR",52,21,2,3,3,2,2
"297","AN13FR",52,64,2,2,3,2,2
"298","AN13FR",52,62,2,3,3,2,2
"299","AN13FR",52,42,2,4,3,2,2
"300","AN13FR",52,27,2,3,3,2,2
"301","AN13FR",52,35,2,3,3,2,2
"302","AN13FR",52,14,2,2,3,2,2
"303","AN13FR",52,57,2,4,3,2,2
"304","AN13FR",52,58,3,4,3,2,1
"305","AN13FR",52,50,2,3,3,2,2
"306","AN13FR",52,54,2,3,3,2,2
"307","AN13FR",52,33,3,4,3,2,2
"308","AN13FR",52,37,2,3,3,2,2
"309","AN13FR",52,16,2,3,3,2,2
"310","AN13FR",52,59,2,3,3,2,2
"311","AN13FR",52,71,2,3,3,2,2
"312","AN13FR",52,4,2,3,3,2,1
"313","AN13FR",52,25,2,3,3,2,1
"314","AN13FR",52,6,2,4,3,2,1
"315","AN13FR",52,49,2,3,3,2,2
"316","AN13FR",52,28,2,2,3,2,2
"317","AN13FR",52,18,2,3,3,2,2
"318","AN13FR",52,15,2,3,3,2,2
"319","AN13FR",52,11,2,3,3,2,2
"320","AN13FR",52,40,2,4,3,2,1
"321","AN13FR",52,41,2,3,3,2,2
"322","AN13FR",52,20,2,3,3,2,2
"323","AN13FR",52,63,2,3,3,2,2
"324","AN13FR",52,38,2,3,3,2,2
"325","AN13FR",52,48,2,3,3,2,2
"326","AN13FR",52,17,2,3,3,2,2
"327","AN13FR",52,46,2,3,3,2,2
"328","AN13FR",52,31,2,3,3,2,2
"329","AN13FR",52,47,2,3,3,2,2
"330","AN13FR",52,NA,NA,NA,NA,NA,NA
"331","AN13FR",52,61,2,2,3,2,2
"332","AN13FR",52,36,2,3,3,2,2
"333","AN13FR",52,44,2,3,3,2,2
"334","AN13FR",52,23,2,3,3,2,2
"335","AN13FR",52,66,2,3,3,2,2
"336","AN13FR",52,12,2,3,3,2,2
"337","AN13FR",52,73,2,3,3,2,2
"338","AN13FR",52,45,2,3,3,2,2
"339","AN13FR",52,3,2,4,3,2,2
"340","AN13FR",52,60,2,3,3,2,2
"341","AN13FR",52,13,2,3,3,2,2
"342","AN13FR",52,10,2,3,3,2,2
"343","AN13FR",52,39,3,4,3,2,2
"344","AN13FR",52,32,2,2,3,2,2
"345","AN13FR",52,65,3,4,3,2,2
"346","AN13FR",52,72,2,2,3,2,2
"347","AN13FR",52,2,2,3,3,2,1
"348","AN13FR",52,24,3,1,3,2,2
"349","AN13FR",52,74,3,4,3,2,2
"350","AN13FR",52,34,2,2,3,2,2
"351","AN13FR",52,43,2,3,3,2,2
"352","AN13FR",52,53,2,4,3,2,2
"353","AN13FR",52,1,2,3,3,2,2
"354","AN13FR",52,55,2,4,3,2,2
"355","AN13FR",52,22,2,3,3,2,2
"356","AN13TR",49,73,4,4,4,2,1
"357","AN13TR",49,54,2,4,4,2,2
"358","AN13TR",49,16,5,5,4,2,1
"359","AN13TR",49,46,3,5,4,2,1
"360","AN13TR",49,22,5,4,4,2,2
"361","AN13TR",49,32,4,4,4,2,1
"362","AN13TR",49,11,2,3,3,2,2
"363","AN13TR",49,44,5,6,5,2,2
"364","AN13TR",49,66,4,4,4,2,1
"365","AN13TR",49,53,4,4,4,2,1
"366","AN13TR",49,74,3,4,4,2,1
"367","AN13TR",49,50,5,5,5,2,1
"368","AN13TR",49,37,2,4,4,2,2
"369","AN13TR",49,55,2,4,3,2,2
"370","AN13TR",49,72,5,5,4,2,1
"371","AN13TR",49,26,4,5,4,2,1
"372","AN13TR",49,5,2,3,3,2,2
"373","AN13TR",49,25,3,4,4,2,1
"374","AN13TR",49,10,2,3,3,2,2
"375","AN13TR",49,27,3,4,4,2,2
"376","AN13TR",49,6,3,4,4,2,1
"377","AN13TR",49,23,3,4,4,2,2
"378","AN13TR",49,33,3,3,3,2,2
"379","AN13TR",49,12,3,4,4,2,2
"380","AN13TR",49,57,3,5,4,2,1
"381","AN13TR",49,29,4,4,4,2,2
"382","AN13TR",49,58,2,4,4,2,2
"383","AN13TR",49,59,4,4,4,2,1
"384","AN13TR",49,9,4,5,4,2,1
"385","AN13TR",49,52,2,4,4,2,2
"386","AN13TR",49,31,3,4,4,2,1
"387","AN13TR",49,71,3,4,4,2,1
"388","AN13TR",49,1,3,4,4,2,2
"389","AN13TR",49,65,5,6,5,2,2
"390","AN13TR",49,47,5,4,5,2,2
"391","AN13TR",49,2,2,4,4,2,2
"392","AN13TR",49,49,NA,NA,NA,NA,NA
"393","AN13TR",49,28,4,4,4,2,2
"394","AN13TR",49,36,3,4,4,2,2
"395","AN13TR",49,15,3,4,4,2,2
"396","AN13TR",49,45,3,4,4,2,2
"397","AN13TR",49,34,2,4,4,2,2
"398","AN13TR",49,13,4,5,4,2,1
"399","AN13TR",49,56,3,4,4,2,1
"400","AN13TR",49,35,2,3,3,2,2
"401","AN13TR",49,48,3,4,4,2,2
"402","AN13TR",49,4,4,5,4,2,1
"403","AN13TR",49,61,3,4,4,2,2
"404","AN13TR",49,40,4,4,4,2,1
"405","AN13TR",49,NA,NA,NA,NA,NA,NA
"406","AN13TR",49,14,4,3,3,2,2
"407","AN13TR",49,7,5,4,4,2,1
"408","AN13TR",49,20,4,4,4,2,1
"409","AN13TR",49,51,3,4,4,2,1
"410","AN13TR",49,30,3,4,4,2,1
"411","AN13TR",49,38,3,4,4,2,1
"412","AN13TR",49,17,3,3,3,2,2
"413","AN13TR",49,60,2,4,4,2,2
"414","AN13TR",49,64,4,4,4,2,1
"415","AN13TR",49,18,4,4,4,2,1
"416","AN13TR",49,39,2,4,4,2,2
"417","AN13TR",49,41,4,5,4,2,1
"418","AN13TR",49,3,4,4,4,2,1
"419","AN13TR",49,19,4,5,4,2,1
"420","AN13TR",49,62,5,6,5,2,1
"421","AN13TR",49,21,5,6,5,2,1
"422","AN13TR",49,63,3,4,4,2,2
"423","AN13TR",49,8,4,4,4,2,1
"424","AN13TR",49,42,4,5,4,2,1
"425","AN13TR",49,24,2,4,4,2,2
"426","AN13TR",49,43,3,4,4,2,1
"427","AN15MA",45,48,3,6,4,2,1
"428","AN15MA",45,21,2,6,4,2,1
"429","AN15MA",45,42,3,5,4,2,1
"430","AN15MA",45,54,2,6,4,2,1
"431","AN15MA",45,64,4,6,4,2,1
"432","AN15MA",45,5,3,6,4,2,1
"433","AN15MA",45,33,3,6,4,2,1
"434","AN15MA",45,53,2,6,4,2,1
"435","AN15MA",45,63,3,6,4,2,1
"436","AN15MA",45,12,2,6,4,2,1
"437","AN15MA",45,27,3,6,4,2,1
"438","AN15MA",45,15,3,6,4,2,1
"439","AN15MA",45,16,3,6,4,2,1
"440","AN15MA",45,26,2,6,4,2,1
"441","AN15MA",45,52,2,6,4,2,1
"442","AN15MA",45,66,2,6,4,2,1
"443","AN15MA",45,73,3,6,4,2,1
"444","AN15MA",45,32,2,6,4,2,1
"445","AN15MA",45,11,2,4,4,2,1
"446","AN15MA",45,62,2,6,4,2,1
"447","AN15MA",45,51,2,6,4,2,1
"448","AN15MA",45,20,3,6,4,2,1
"449","AN15MA",45,19,3,6,4,2,1
"450","AN15MA",45,36,3,6,4,2,1
"451","AN15MA",45,44,2,6,4,2,1
"452","AN15MA",45,10,2,6,4,2,1
"453","AN15MA",45,57,2,6,4,2,1
"454","AN15MA",45,38,2,6,4,2,1
"455","AN15MA",45,17,2,6,4,2,1
"456","AN15MA",45,60,2,6,4,2,1
"457","AN15MA",45,59,4,6,4,2,1
"458","AN15MA",45,18,2,6,4,2,1
"459","AN15MA",45,8,3,6,4,2,1
"460","AN15MA",45,14,3,5,4,2,1
"461","AN15MA",45,41,3,6,4,2,1
"462","AN15MA",45,30,3,6,4,2,1
"463","AN15MA",45,9,3,6,4,2,1
"464","AN15MA",45,35,3,6,4,2,1
"465","AN15MA",45,4,3,6,4,2,1
"466","AN15MA",45,58,2,6,4,2,1
"467","AN15MA",45,6,3,6,4,2,1
"468","AN15MA",45,71,2,6,4,2,1
"469","AN15MA",45,43,2,6,4,2,1
"470","AN15MA",45,39,2,6,4,2,1
"471","AN15MA",45,22,3,6,4,2,1
"472","AN15MA",45,50,3,6,4,2,1
"473","AN15MA",45,61,4,6,4,2,1
"474","AN15MA",45,1,2,6,4,2,1
"475","AN15MA",45,56,4,6,4,2,1
"476","AN15MA",45,46,2,6,4,2,1
"477","AN15MA",45,72,2,6,4,2,1
"478","AN15MA",45,25,2,6,4,2,1
"479","AN15MA",45,31,2,6,4,2,1
"480","AN15MA",45,23,2,6,4,2,1
"481","AN15MA",45,2,2,6,4,2,1
"482","AN15MA",45,NA,NA,NA,NA,NA,NA
"483","AN15MA",45,13,2,6,4,2,1
"484","AN15MA",45,49,3,6,4,2,1
"485","AN15MA",45,28,3,6,4,2,1
"486","AN15MA",45,29,2,6,4,2,1
"487","AN15MA",45,7,2,4,4,2,1
"488","AN15MA",45,40,3,6,4,2,1
"489","AN15MA",45,65,2,6,4,2,1
"490","AN15MA",45,47,4,6,4,2,1
"491","AN15MA",45,24,2,6,4,2,1
"492","AN15MA",45,34,4,6,4,2,1
"493","AN15MA",45,37,2,6,4,2,1
"494","AN15MA",45,74,3,6,4,2,1
"495","AN15MA",45,55,2,6,4,2,1
"496","AN15MA",45,3,2,6,4,2,1
"497","AN15MA",45,45,NA,NA,NA,NA,NA
"498","AN24MA",40,66,3,5,4,2,2
"499","AN24MA",40,57,4,6,4,1,2
"500","AN24MA",40,59,3,4,4,2,2
"501","AN24MA",40,35,1,NA,NA,NA,NA
"502","AN24MA",40,73,3,3,4,2,2
"503","AN24MA",40,16,3,5,4,2,2
"504","AN24MA",40,14,3,3,4,2,1
"505","AN24MA",40,4,3,5,3,2,2
"506","AN24MA",40,12,2,4,4,2,2
"507","AN24MA",40,37,2,4,4,2,2
"508","AN24MA",40,25,4,5,5,1,1
"509","AN24MA",40,2,1,NA,NA,NA,NA
"510","AN24MA",40,5,1,NA,NA,NA,NA
"511","AN24MA",40,44,2,3,4,2,2
"512","AN24MA",40,36,3,5,4,2,2
"513","AN24MA",40,54,4,5,4,2,2
"514","AN24MA",40,58,2,5,3,2,2
"515","AN24MA",40,50,2,4,4,2,2
"516","AN24MA",40,46,5,6,5,1,1
"517","AN24MA",40,26,4,6,4,1,2
"518","AN24MA",40,33,2,4,4,2,2
"519","AN24MA",40,72,4,6,4,1,2
"520","AN24MA",40,38,3,4,4,2,2
"521","AN24MA",40,10,3,4,4,2,2
"522","AN24MA",40,17,2,4,4,2,2
"523","AN24MA",40,24,3,4,4,2,2
"524","AN24MA",40,60,3,4,4,2,2
"525","AN24MA",40,74,2,4,4,2,2
"526","AN24MA",40,28,2,3,3,2,2
"527","AN24MA",40,7,2,4,4,2,2
"528","AN24MA",40,63,2,4,4,2,2
"529","AN24MA",40,29,2,4,4,2,2
"530","AN24MA",40,23,3,4,4,2,1
"531","AN24MA",40,65,2,3,4,2,2
"532","AN24MA",40,NA,NA,NA,NA,NA,NA
"533","AN24MA",40,30,3,3,3,2,2
"534","AN24MA",40,39,2,4,3,2,2
"535","AN24MA",40,15,4,6,3,2,1
"536","AN24MA",40,27,3,3,3,2,2
"537","AN24MA",40,3,6,4,5,1,2
"538","AN24MA",40,49,3,4,4,2,2
"539","AN24MA",40,32,4,4,4,1,2
"540","AN24MA",40,11,2,4,4,2,2
"541","AN24MA",40,40,NA,NA,NA,NA,NA
"542","AN24MA",40,42,3,3,3,2,1
"543","AN24MA",40,55,3,4,2,2,2
"544","AN24MA",40,22,2,4,4,2,2
"545","AN24MA",40,1,2,4,4,2,2
"546","AN24MA",40,56,4,5,3,2,2
"547","AN24MA",40,31,3,5,4,2,2
"548","AN24MA",40,9,6,6,5,1,1
"549","AN24MA",40,45,2,4,4,2,2
"550","AN24MA",40,19,3,5,3,2,1
"551","AN24MA",40,53,4,6,5,1,1
"552","AN24MA",40,41,3,4,3,2,2
"553","AN24MA",40,20,3,4,4,2,2
"554","AN24MA",40,47,2,4,4,2,2
"555","AN24MA",40,51,3,5,4,2,2
"556","AN24MA",40,21,3,5,4,2,2
"557","AN24MA",40,64,4,5,3,2,2
"558","AN24MA",40,48,3,5,3,2,2
"559","AN24MA",40,52,2,5,4,2,2
"560","AN24MA",40,13,4,5,3,2,1
"561","AN24MA",40,6,6,6,5,1,2
"562","AN24MA",40,62,3,4,4,2,2
"563","AN24MA",40,8,3,5,3,2,2
"564","AN24MA",40,18,3,5,4,2,1
"565","AN24MA",40,43,3,3,3,2,2
"566","AN24MA",40,61,1,NA,NA,NA,NA
"567","AN24MA",40,34,4,5,4,2,2
"568","AN24MA",40,71,3,5,4,2,1
"569","AN25PE",34,56,2,4,4,2,2
"570","AN25PE",34,57,4,5,6,2,2
"571","AN25PE",34,36,2,6,6,2,2
"572","AN25PE",34,59,4,6,6,2,2
"573","AN25PE",34,37,4,5,5,2,2
"574","AN25PE",34,29,2,4,4,2,2
"575","AN25PE",34,73,2,5,5,2,2
"576","AN25PE",34,13,3,5,5,2,2
"577","AN25PE",34,5,2,4,4,2,2
"578","AN25PE",34,34,NA,NA,NA,NA,NA
"579","AN25PE",34,14,3,3,4,2,2
"580","AN25PE",34,26,3,6,6,2,2
"581","AN25PE",34,49,2,4,4,2,2
"582","AN25PE",34,15,2,4,4,2,2
"583","AN25PE",34,55,3,5,5,2,2
"584","AN25PE",34,16,3,4,4,2,2
"585","AN25PE",34,64,4,4,5,2,2
"586","AN25PE",34,3,4,5,6,2,2
"587","AN25PE",34,35,2,4,4,2,2
"588","AN25PE",34,21,2,4,4,2,2
"589","AN25PE",34,31,2,4,4,2,2
"590","AN25PE",34,10,2,4,3,2,2
"591","AN25PE",34,53,3,6,5,2,2
"592","AN25PE",34,51,3,4,4,2,2
"593","AN25PE",34,6,4,4,4,2,2
"594","AN25PE",34,58,3,6,4,2,2
"595","AN25PE",34,28,3,4,4,2,2
"596","AN25PE",34,41,4,6,5,2,2
"597","AN25PE",34,12,2,4,4,2,2
"598","AN25PE",34,2,3,5,4,2,2
"599","AN25PE",34,45,4,6,5,2,2
"600","AN25PE",34,24,4,5,6,2,2
"601","AN25PE",34,60,2,4,4,2,2
"602","AN25PE",34,74,2,5,4,2,2
"603","AN25PE",34,46,3,5,4,2,2
"604","AN25PE",34,25,3,6,6,2,2
"605","AN25PE",34,4,2,4,4,2,2
"606","AN25PE",34,47,2,4,4,2,2
"607","AN25PE",34,19,3,6,5,2,2
"608","AN25PE",34,62,2,4,4,2,2
"609","AN25PE",34,54,4,3,5,2,2
"610","AN25PE",34,63,2,4,4,2,2
"611","AN25PE",34,7,3,4,4,2,2
"612","AN25PE",34,38,2,4,4,2,2
"613","AN25PE",34,17,2,4,4,2,2
"614","AN25PE",34,8,2,5,4,2,2
"615","AN25PE",34,39,2,5,4,2,2
"616","AN25PE",34,18,2,3,3,2,2
"617","AN25PE",34,40,4,5,5,2,2
"618","AN25PE",34,48,2,4,4,2,2
"619","AN25PE",34,27,2,4,4,2,2
"620","AN25PE",34,32,3,3,4,2,2
"621","AN25PE",34,NA,NA,NA,NA,NA,NA
"622","AN25PE",34,11,2,4,4,2,2
"623","AN25PE",34,33,3,4,4,2,2
"624","AN25PE",34,66,3,3,4,2,2
"625","AN25PE",34,50,3,5,4,2,2
"626","AN25PE",34,9,4,5,5,2,2
"627","AN25PE",34,52,2,4,4,2,2
"628","AN25PE",34,71,2,4,4,2,2
"629","AN25PE",34,30,4,6,6,2,2
"630","AN25PE",34,65,3,3,3,2,2
"631","AN25PE",34,23,4,4,4,2,2
"632","AN25PE",34,1,2,4,4,2,2
"633","AN25PE",34,20,2,6,6,2,2
"634","AN25PE",34,42,4,6,5,2,2
"635","AN25PE",34,44,3,5,5,2,2
"636","AN25PE",34,22,2,5,4,2,2
"637","AN25PE",34,61,2,4,4,2,2
"638","AN25PE",34,72,4,6,6,2,2
"639","AN25PE",34,43,2,4,4,2,2
"640","AN27KA",38,22,2,4,4,2,2
"641","AN27KA",38,25,3,5,3,2,2
"642","AN27KA",38,4,3,5,4,2,2
"643","AN27KA",38,63,3,3,3,2,2
"644","AN27KA",38,43,3,4,4,2,2
"645","AN27KA",38,71,4,4,3,2,2
"646","AN27KA",38,46,4,6,4,1,2
"647","AN27KA",38,65,4,5,4,2,2
"648","AN27KA",38,72,3,3,3,2,2
"649","AN27KA",38,15,4,5,4,2,2
"650","AN27KA",38,42,3,4,3,2,1
"651","AN27KA",38,11,4,5,3,2,2
"652","AN27KA",38,73,3,5,4,2,2
"653","AN27KA",38,30,2,4,4,2,2
"654","AN27KA",38,1,4,5,4,2,2
"655","AN27KA",38,51,3,5,4,2,2
"656","AN27KA",38,21,2,4,3,2,2
"657","AN27KA",38,56,3,4,4,2,2
"658","AN27KA",38,35,2,4,3,2,2
"659","AN27KA",38,23,2,5,4,2,2
"660","AN27KA",38,13,3,4,3,2,1
"661","AN27KA",38,66,4,5,4,2,2
"662","AN27KA",38,57,2,4,3,2,2
"663","AN27KA",38,32,3,3,3,2,2
"664","AN27KA",38,36,2,4,3,2,2
"665","AN27KA",38,50,3,5,4,2,2
"666","AN27KA",38,64,3,5,4,2,2
"667","AN27KA",38,8,2,4,4,2,2
"668","AN27KA",38,74,2,3,3,2,2
"669","AN27KA",38,26,3,5,3,2,2
"670","AN27KA",38,17,3,3,4,2,2
"671","AN27KA",38,5,2,3,3,2,2
"672","AN27KA",38,48,3,4,4,2,2
"673","AN27KA",38,2,2,4,4,2,2
"674","AN27KA",38,6,2,5,4,2,2
"675","AN27KA",38,53,2,4,3,2,2
"676","AN27KA",38,14,3,3,2,2,2
"677","AN27KA",38,7,3,4,4,2,2
"678","AN27KA",38,62,4,6,4,2,2
"679","AN27KA",38,20,3,5,4,2,2
"680","AN27KA",38,58,2,4,3,2,2
"681","AN27KA",38,37,2,5,4,2,2
"682","AN27KA",38,55,2,5,3,2,2
"683","AN27KA",38,34,3,4,4,2,2
"684","AN27KA",38,59,2,4,3,2,2
"685","AN27KA",38,44,4,4,4,2,2
"686","AN27KA",38,9,3,5,3,2,2
"687","AN27KA",38,52,2,4,3,2,2
"688","AN27KA",38,49,4,5,4,2,2
"689","AN27KA",38,28,2,4,3,2,2
"690","AN27KA",38,19,4,5,4,2,2
"691","AN27KA",38,3,2,3,3,2,2
"692","AN27KA",38,41,4,5,4,2,2
"693","AN27KA",38,29,4,5,4,2,2
"694","AN27KA",38,24,2,5,4,2,2
"695","AN27KA",38,47,2,4,3,2,2
"696","AN27KA",38,16,4,6,4,2,2
"697","AN27KA",38,31,3,5,4,2,2
"698","AN27KA",38,60,4,4,4,1,2
"699","AN27KA",38,40,3,4,4,2,2
"700","AN27KA",38,NA,NA,NA,NA,NA,NA
"701","AN27KA",38,12,3,5,4,2,2
"702","AN27KA",38,10,2,3,3,2,2
"703","AN27KA",38,18,3,4,4,2,2
"704","AN27KA",38,54,3,4,3,2,2
"705","AN27KA",38,27,3,3,3,2,2
"706","AN27KA",38,45,2,4,3,2,2
"707","AN27KA",38,39,2,4,3,2,2
"708","AN27KA",38,38,NA,NA,NA,NA,NA
"709","AN27KA",38,61,2,4,3,2,2
"710","AN27KA",38,33,2,3,3,2,2
"711","AN29FR",23,29,3,4,4,2,2
"712","AN29FR",23,57,4,5,5,2,1
"713","AN29FR",23,47,3,4,4,2,2
"714","AN29FR",23,50,3,4,4,2,2
"715","AN29FR",23,24,3,3,3,2,2
"716","AN29FR",23,3,3,5,5,2,1
"717","AN29FR",23,25,4,4,4,2,2
"718","AN29FR",23,4,2,2,3,2,2
"719","AN29FR",23,26,3,4,4,2,2
"720","AN29FR",23,5,4,5,5,2,2
"721","AN29FR",23,60,2,2,2,2,2
"722","AN29FR",23,39,2,2,2,2,2
"723","AN29FR",23,58,3,5,5,2,2
"724","AN29FR",23,6,4,4,4,2,1
"725","AN29FR",23,NA,NA,NA,NA,NA,NA
"726","AN29FR",23,15,2,4,4,2,2
"727","AN29FR",23,45,2,2,2,2,2
"728","AN29FR",23,38,2,3,3,2,2
"729","AN29FR",23,17,4,6,6,2,1
"730","AN29FR",23,74,4,3,4,2,2
"731","AN29FR",23,46,4,5,5,2,1
"732","AN29FR",23,56,2,2,2,2,2
"733","AN29FR",23,35,2,3,3,2,2
"734","AN29FR",23,14,3,4,4,2,2
"735","AN29FR",23,36,6,6,6,1,2
"736","AN29FR",23,27,3,4,4,2,2
"737","AN29FR",23,44,4,4,4,2,2
"738","AN29FR",23,7,4,4,4,2,2
"739","AN29FR",23,16,4,4,4,2,2
"740","AN29FR",23,59,3,5,5,2,2
"741","AN29FR",23,20,4,6,6,2,2
"742","AN29FR",23,42,4,4,4,2,2
"743","AN29FR",23,21,4,5,5,2,2
"744","AN29FR",23,64,2,4,4,2,2
"745","AN29FR",23,34,4,4,4,2,2
"746","AN29FR",23,18,2,3,3,2,2
"747","AN29FR",23,61,3,4,4,2,2
"748","AN29FR",23,48,2,2,3,2,2
"749","AN29FR",23,40,4,3,3,2,2
"750","AN29FR",23,19,4,4,4,2,2
"751","AN29FR",23,37,4,5,5,2,2
"752","AN29FR",23,28,4,3,3,2,2
"753","AN29FR",23,73,3,4,4,2,2
"754","AN29FR",23,54,2,3,3,2,2
"755","AN29FR",23,33,3,3,3,2,2
"756","AN29FR",23,12,2,5,5,2,2
"757","AN29FR",23,55,2,3,3,2,2
"758","AN29FR",23,1,4,4,5,2,2
"759","AN29FR",23,13,4,4,4,2,2
"760","AN29FR",23,43,2,3,3,2,2
"761","AN29FR",23,22,2,2,2,2,2
"762","AN29FR",23,41,2,3,3,2,2
"763","AN29FR",23,65,3,2,2,2,2
"764","AN29FR",23,62,4,4,4,2,2
"765","AN29FR",23,49,3,4,4,2,2
"766","AN29FR",23,51,4,4,4,2,2
"767","AN29FR",23,66,4,5,5,2,2
"768","AN29FR",23,11,4,2,2,2,2
"769","AN29FR",23,63,2,3,3,2,2
"770","AN29FR",23,23,NA,NA,NA,NA,NA
"771","AN29FR",23,30,2,2,2,2,2
"772","AN29FR",23,71,3,3,3,2,2
"773","AN29FR",23,8,3,4,4,2,2
"774","AN29FR",23,53,2,4,4,2,2
"775","AN29FR",23,2,3,5,5,2,1
"776","AN29FR",23,9,4,5,5,2,1
"777","AN29FR",23,72,3,4,4,2,2
"778","AN29FR",23,52,2,3,3,2,2
"779","AN29FR",23,31,4,4,4,2,1
"780","AN29FR",23,32,3,4,4,2,1
"781","AN29FR",23,10,3,3,3,2,2
"782","AN30KL",58,40,2,3,3,2,2
"783","AN30KL",58,19,2,4,3,2,1
"784","AN30KL",58,62,2,2,3,2,2
"785","AN30KL",58,61,3,3,2,2,2
"786","AN30KL",58,38,2,3,3,2,2
"787","AN30KL",58,18,2,2,2,2,2
"788","AN30KL",58,22,3,2,3,2,2
"789","AN30KL",58,41,4,4,3,2,2
"790","AN30KL",58,5,3,3,3,2,1
"791","AN30KL",58,48,3,4,4,2,1
"792","AN30KL",58,27,2,4,3,2,2
"793","AN30KL",58,26,2,5,3,2,1
"794","AN30KL",58,39,4,4,5,1,1
"795","AN30KL",58,71,2,3,4,2,2
"796","AN30KL",58,43,2,1,2,2,2
"797","AN30KL",58,13,2,2,3,2,2
"798","AN30KL",58,1,4,4,4,2,2
"799","AN30KL",58,65,2,2,3,2,2
"800","AN30KL",58,72,3,5,4,2,1
"801","AN30KL",58,44,2,1,3,2,2
"802","AN30KL",58,6,2,4,3,2,2
"803","AN30KL",58,20,2,4,4,2,1
"804","AN30KL",58,54,2,4,3,2,2
"805","AN30KL",58,33,4,4,4,1,2
"806","AN30KL",58,12,2,3,3,2,2
"807","AN30KL",58,60,2,3,2,2,2
"808","AN30KL",58,55,2,3,3,2,2
"809","AN30KL",58,34,3,5,4,2,2
"810","AN30KL",58,51,2,3,3,2,2
"811","AN30KL",58,56,2,4,4,2,1
"812","AN30KL",58,35,2,2,2,2,2
"813","AN30KL",58,14,2,1,2,2,2
"814","AN30KL",58,57,3,6,4,2,1
"815","AN30KL",58,36,2,3,2,2,2
"816","AN30KL",58,32,2,2,2,2,1
"817","AN30KL",58,63,2,5,4,2,1
"818","AN30KL",58,42,2,5,4,2,1
"819","AN30KL",58,21,1,NA,NA,NA,NA
"820","AN30KL",58,45,2,4,4,2,1
"821","AN30KL",58,17,3,5,4,2,1
"822","AN30KL",58,8,6,5,4,1,1
"823","AN30KL",58,3,2,5,4,2,1
"824","AN30KL",58,30,2,5,4,2,2
"825","AN30KL",58,9,2,3,3,2,2
"826","AN30KL",58,52,3,5,3,2,2
"827","AN30KL",58,31,2,2,3,2,2
"828","AN30KL",58,10,2,1,2,2,2
"829","AN30KL",58,53,2,4,3,2,1
"830","AN30KL",58,11,2,1,2,2,2
"831","AN30KL",58,66,2,3,3,2,2
"832","AN30KL",58,73,3,4,4,2,1
"833","AN30KL",58,50,2,4,4,2,1
"834","AN30KL",58,29,2,4,3,2,2
"835","AN30KL",58,24,4,4,3,2,1
"836","AN30KL",58,64,2,3,3,2,2
"837","AN30KL",58,74,4,4,5,1,2
"838","AN30KL",58,46,2,5,3,2,2
"839","AN30KL",58,25,2,2,2,2,1
"840","AN30KL",58,4,4,2,3,1,1
"841","AN30KL",58,47,3,2,2,2,2
"842","AN30KL",58,NA,NA,NA,NA,NA,NA
"843","AN30KL",58,49,2,4,4,2,2
"844","AN30KL",58,28,2,2,2,2,2
"845","AN30KL",58,7,3,1,2,2,2
"846","AN30KL",58,37,2,2,3,2,2
"847","AN30KL",58,16,2,3,3,2,2
"848","AN30KL",58,59,2,4,3,2,1
"849","AN30KL",58,2,4,2,2,1,2
"850","AN30KL",58,15,4,5,4,2,1
"851","AN30KL",58,58,NA,NA,NA,NA,NA
"852","AN30KL",58,23,2,4,3,2,1
"853","AS24HO",65,24,2,3,3,2,1
"854","AS24HO",65,46,4,5,3,2,1
"855","AS24HO",65,3,2,4,3,2,1
"856","AS24HO",65,74,3,4,3,2,1
"857","AS24HO",65,45,2,3,2,2,1
"858","AS24HO",65,73,4,5,4,2,1
"859","AS24HO",65,54,2,3,2,2,1
"860","AS24HO",65,58,2,3,3,2,1
"861","AS24HO",65,37,4,4,4,2,1
"862","AS24HO",65,16,4,4,4,2,1
"863","AS24HO",65,25,3,4,3,2,1
"864","AS24HO",65,4,2,4,3,2,1
"865","AS24HO",65,14,4,5,3,2,1
"866","AS24HO",65,57,2,3,3,2,1
"867","AS24HO",65,36,4,4,3,2,1
"868","AS24HO",65,15,4,5,5,2,1
"869","AS24HO",65,7,5,6,5,2,1
"870","AS24HO",65,50,4,5,4,2,1
"871","AS24HO",65,29,4,6,5,2,1
"872","AS24HO",65,8,2,3,3,2,1
"873","AS24HO",65,51,4,5,3,2,1
"874","AS24HO",65,47,4,4,4,2,1
"875","AS24HO",65,NA,NA,NA,NA,NA,NA
"876","AS24HO",65,52,3,4,3,2,1
"877","AS24HO",65,31,4,4,3,2,1
"878","AS24HO",65,10,3,4,3,2,1
"879","AS24HO",65,53,2,4,3,2,1
"880","AS24HO",65,32,3,3,2,2,1
"881","AS24HO",65,11,3,3,3,2,1
"882","AS24HO",65,66,4,4,3,2,1
"883","AS24HO",65,63,2,2,2,2,1
"884","AS24HO",65,42,4,5,3,2,1
"885","AS24HO",65,33,2,3,3,2,1
"886","AS24HO",65,12,3,4,4,2,1
"887","AS24HO",65,30,3,4,3,2,1
"888","AS24HO",65,9,3,4,3,2,1
"889","AS24HO",65,13,4,4,3,2,1
"890","AS24HO",65,56,3,4,3,2,1
"891","AS24HO",65,35,2,3,3,2,2
"892","AS24HO",65,27,3,5,4,2,1
"893","AS24HO",65,6,2,3,3,2,1
"894","AS24HO",65,49,4,5,4,2,1
"895","AS24HO",65,28,4,4,4,2,1
"896","AS24HO",65,62,5,6,5,2,1
"897","AS24HO",65,41,3,4,2,2,2
"898","AS24HO",65,21,5,6,5,2,1
"899","AS24HO",65,59,2,3,3,2,1
"900","AS24HO",65,55,2,3,2,2,1
"901","AS24HO",65,34,2,3,2,2,1
"902","AS24HO",65,26,4,5,3,2,1
"903","AS24HO",65,5,3,4,4,2,1
"904","AS24HO",65,48,2,3,3,2,2
"905","AS24HO",65,72,3,4,3,2,1
"906","AS24HO",65,44,5,6,4,2,1
"907","AS24HO",65,23,3,3,3,2,1
"908","AS24HO",65,2,2,4,3,2,1
"909","AS24HO",65,71,2,3,3,2,2
"910","AS24HO",65,43,3,4,3,2,1
"911","AS24HO",65,20,3,4,3,2,1
"912","AS24HO",65,64,3,4,3,2,2
"913","AS24HO",65,65,NA,NA,NA,NA,NA
"914","AS24HO",65,18,4,5,3,2,1
"915","AS24HO",65,22,4,4,3,2,2
"916","AS24HO",65,1,5,6,4,2,1
"917","AS24HO",65,19,3,4,3,2,1
"918","AS24HO",65,39,2,3,3,2,2
"919","AS24HO",65,61,3,4,4,2,1
"920","AS24HO",65,40,3,4,3,2,1
"921","AS24HO",65,60,5,6,4,2,1
"922","AS24HO",65,38,4,5,4,2,1
"923","AS24HO",65,17,2,4,3,2,1
"924","AS25CH",14,14,NA,NA,NA,NA,NA
"925","AS25CH",14,15,3,5,4,2,2
"926","AS25CH",14,5,2,4,4,2,2
"927","AS25CH",14,4,3,2,3,2,2
"928","AS25CH",14,26,5,5,5,2,2
"929","AS25CH",14,6,5,5,5,2,1
"930","AS25CH",14,58,2,3,3,2,2
"931","AS25CH",14,36,5,5,5,1,2
"932","AS25CH",14,59,3,4,4,2,2
"933","AS25CH",14,3,5,5,5,1,1
"934","AS25CH",14,74,3,3,4,2,2
"935","AS25CH",14,37,3,4,3,2,2
"936","AS25CH",14,25,6,5,5,1,2
"937","AS25CH",14,56,2,4,4,2,2
"938","AS25CH",14,35,2,2,2,2,2
"939","AS25CH",14,48,2,2,2,2,2
"940","AS25CH",14,27,3,4,4,2,2
"941","AS25CH",14,16,5,5,5,1,1
"942","AS25CH",14,72,5,5,5,1,1
"943","AS25CH",14,49,3,4,4,2,2
"944","AS25CH",14,28,3,4,4,2,2
"945","AS25CH",14,7,4,3,3,2,2
"946","AS25CH",14,24,2,2,3,2,2
"947","AS25CH",14,55,2,3,3,2,2
"948","AS25CH",14,57,4,4,4,2,2
"949","AS25CH",14,13,4,5,4,2,2
"950","AS25CH",14,60,5,4,4,1,2
"951","AS25CH",14,39,2,4,3,2,2
"952","AS25CH",14,47,2,3,3,2,2
"953","AS25CH",14,NA,NA,NA,NA,NA,NA
"954","AS25CH",14,40,4,4,4,2,1
"955","AS25CH",14,65,4,4,4,2,2
"956","AS25CH",14,10,2,4,4,2,2
"957","AS25CH",14,44,2,3,4,2,2
"958","AS25CH",14,73,6,5,6,1,2
"959","AS25CH",14,45,2,3,3,2,2
"960","AS25CH",14,33,3,3,3,2,2
"961","AS25CH",14,46,5,5,5,1,1
"962","AS25CH",14,17,3,4,4,2,1
"963","AS25CH",14,8,2,3,3,2,2
"964","AS25CH",14,51,6,5,5,1,2
"965","AS25CH",14,18,5,5,5,1,1
"966","AS25CH",14,61,3,3,3,2,2
"967","AS25CH",14,9,4,4,4,2,1
"968","AS25CH",14,52,2,3,3,2,2
"969","AS25CH",14,31,5,5,5,1,1
"970","AS25CH",14,1,2,3,3,2,2
"971","AS25CH",14,23,3,4,4,2,1
"972","AS25CH",14,19,5,5,5,1,2
"973","AS25CH",14,38,3,4,4,2,2
"974","AS25CH",14,34,2,1,3,2,2
"975","AS25CH",14,29,2,3,3,2,2
"976","AS25CH",14,63,2,3,3,2,2
"977","AS25CH",14,42,5,5,4,1,1
"978","AS25CH",14,21,3,4,3,2,2
"979","AS25CH",14,30,3,4,4,2,2
"980","AS25CH",14,64,2,4,4,2,2
"981","AS25CH",14,71,2,3,3,2,2
"982","AS25CH",14,43,3,2,4,2,2
"983","AS25CH",14,22,2,3,3,2,2
"984","AS25CH",14,53,5,5,5,1,2
"985","AS25CH",14,2,2,4,3,2,2
"986","AS25CH",14,62,2,3,3,2,2
"987","AS25CH",14,12,4,4,4,2,2
"988","AS25CH",14,50,2,3,3,2,2
"989","AS25CH",14,41,4,4,4,2,2
"990","AS25CH",14,20,6,5,5,1,2
"991","AS25CH",14,54,2,2,2,2,2
"992","AS25CH",14,32,5,5,5,1,1
"993","AS25CH",14,66,6,5,5,1,2
"994","AS25CH",14,11,6,5,5,1,2
"995","BE07RO",36,10,2,4,3,2,2
"996","BE07RO",36,25,4,6,5,1,1
"997","BE07RO",36,30,3,5,4,2,2
"998","BE07RO",36,12,2,3,3,2,2
"999","BE07RO",36,26,3,4,4,2,2
"1000","BE07RO",36,31,4,5,4,1,1
"1001","BE07RO",36,19,3,5,4,2,1
"1002","BE07RO",36,9,3,4,3,2,1
"1003","BE07RO",36,52,2,4,3,2,2
"1004","BE07RO",36,35,2,3,3,2,2
"1005","BE07RO",36,46,4,4,4,1,1
"1006","BE07RO",36,17,2,4,4,2,2
"1007","BE07RO",36,5,2,3,3,2,1
"1008","BE07RO",36,48,3,4,4,2,2
"1009","BE07RO",36,54,2,4,3,2,1
"1010","BE07RO",36,33,3,4,4,2,2
"1011","BE07RO",36,72,4,5,4,1,2
"1012","BE07RO",36,8,2,5,4,2,1
"1013","BE07RO",36,51,4,4,4,2,1
"1014","BE07RO",36,34,2,4,3,2,2
"1015","BE07RO",36,62,3,4,4,2,2
"1016","BE07RO",36,16,3,4,4,2,1
"1017","BE07RO",36,3,3,5,4,2,2
"1018","BE07RO",36,74,2,4,3,2,2
"1019","BE07RO",36,41,3,4,3,2,2
"1020","BE07RO",36,20,4,5,5,1,1
"1021","BE07RO",36,32,4,5,4,1,2
"1022","BE07RO",36,6,4,5,4,2,1
"1023","BE07RO",36,49,2,3,3,2,2
"1024","BE07RO",36,28,2,3,3,2,2
"1025","BE07RO",36,55,2,3,3,2,2
"1026","BE07RO",36,29,2,3,3,2,2
"1027","BE07RO",36,58,2,3,3,2,2
"1028","BE07RO",36,37,4,5,4,1,2
"1029","BE07RO",36,23,6,6,6,1,1
"1030","BE07RO",36,59,2,4,3,2,1
"1031","BE07RO",36,38,3,4,3,2,2
"1032","BE07RO",36,56,2,3,3,2,2
"1033","BE07RO",36,24,3,4,4,2,1
"1034","BE07RO",36,60,3,4,4,2,2
"1035","BE07RO",36,11,4,6,5,1,1
"1036","BE07RO",36,71,2,3,3,2,2
"1037","BE07RO",36,43,3,4,3,2,2
"1038","BE07RO",36,22,2,3,3,2,2
"1039","BE07RO",36,50,2,4,3,2,2
"1040","BE07RO",36,15,2,3,3,2,2
"1041","BE07RO",36,44,2,3,3,2,2
"1042","BE07RO",36,66,4,5,4,1,2
"1043","BE07RO",36,73,4,6,6,1,1
"1044","BE07RO",36,13,3,5,4,1,2
"1045","BE07RO",36,45,2,3,3,2,2
"1046","BE07RO",36,27,2,4,3,2,1
"1047","BE07RO",36,40,4,5,4,1,2
"1048","BE07RO",36,39,2,3,3,2,2
"1049","BE07RO",36,18,2,4,3,2,2
"1050","BE07RO",36,NA,NA,NA,NA,NA,NA
"1051","BE07RO",36,21,2,4,3,2,2
"1052","BE07RO",36,1,3,3,3,2,2
"1053","BE07RO",36,2,3,5,4,2,2
"1054","BE07RO",36,53,3,4,4,2,2
"1055","BE07RO",36,14,4,5,5,1,1
"1056","BE07RO",36,65,4,4,4,2,2
"1057","BE07RO",36,63,2,3,3,2,2
"1058","BE07RO",36,47,2,3,3,2,2
"1059","BE07RO",36,4,3,4,4,2,2
"1060","BE07RO",36,64,2,3,3,2,2
"1061","BE07RO",36,7,2,2,3,2,2
"1062","BE07RO",36,61,3,4,4,2,1
"1063","BE07RO",36,57,2,4,3,2,2
"1064","BE07RO",36,36,NA,NA,NA,NA,NA
"1065","BE07RO",36,42,3,5,4,2,1
"1066","BE09RO",33,47,2,4,3,2,2
"1067","BE09RO",33,62,2,4,3,2,2
"1068","BE09RO",33,71,2,3,3,2,2
"1069","BE09RO",33,63,2,4,4,2,1
"1070","BE09RO",33,74,5,4,4,2,2
"1071","BE09RO",33,61,2,4,3,2,2
"1072","BE09RO",33,24,2,2,3,2,2
"1073","BE09RO",33,55,2,3,3,2,2
"1074","BE09RO",33,41,2,3,3,2,2
"1075","BE09RO",33,25,3,4,4,2,2
"1076","BE09RO",33,20,4,2,3,2,1
"1077","BE09RO",33,NA,NA,NA,NA,NA,NA
"1078","BE09RO",33,46,2,3,3,2,2
"1079","BE09RO",33,42,2,3,3,2,1
"1080","BE09RO",33,64,3,3,3,2,2
"1081","BE09RO",33,7,3,2,3,2,2
"1082","BE09RO",33,23,2,4,3,2,2
"1083","BE09RO",33,29,2,3,3,2,2
"1084","BE09RO",33,43,2,3,3,2,2
"1085","BE09RO",33,18,2,3,3,2,2
"1086","BE09RO",33,40,2,4,4,2,2
"1087","BE09RO",33,19,4,3,4,2,1
"1088","BE09RO",33,65,2,2,3,2,2
"1089","BE09RO",33,4,5,4,4,2,1
"1090","BE09RO",33,5,3,4,4,2,1
"1091","BE09RO",33,48,3,5,4,2,2
"1092","BE09RO",33,27,2,2,3,2,2
"1093","BE09RO",33,6,3,2,3,2,2
"1094","BE09RO",33,73,3,5,4,2,1
"1095","BE09RO",33,50,2,3,3,2,2
"1096","BE09RO",33,54,3,4,4,2,2
"1097","BE09RO",33,3,2,4,3,2,2
"1098","BE09RO",33,8,5,4,5,2,2
"1099","BE09RO",33,22,3,3,4,2,2
"1100","BE09RO",33,1,2,3,3,2,2
"1101","BE09RO",33,56,3,3,3,2,2
"1102","BE09RO",33,26,2,4,3,2,2
"1103","BE09RO",33,72,2,2,3,2,2
"1104","BE09RO",33,44,2,3,3,2,2
"1105","BE09RO",33,10,3,4,3,2,1
"1106","BE09RO",33,2,5,5,5,2,1
"1107","BE09RO",33,21,2,3,3,2,2
"1108","BE09RO",33,28,3,3,3,2,2
"1109","BE09RO",33,17,3,4,4,2,1
"1110","BE09RO",33,60,2,3,3,2,2
"1111","BE09RO",33,45,2,3,3,2,2
"1112","BE09RO",33,12,2,3,3,2,2
"1113","BE09RO",33,51,3,1,3,2,1
"1114","BE09RO",33,30,4,2,3,2,2
"1115","BE09RO",33,35,2,4,4,2,2
"1116","BE09RO",33,14,3,1,3,2,2
"1117","BE09RO",33,57,3,2,3,2,2
"1118","BE09RO",33,36,3,4,4,2,2
"1119","BE09RO",33,15,3,4,3,2,1
"1120","BE09RO",33,66,2,3,3,2,2
"1121","BE09RO",33,11,2,3,3,2,2
"1122","BE09RO",33,16,2,4,3,2,2
"1123","BE09RO",33,59,2,3,3,2,2
"1124","BE09RO",33,39,2,3,3,2,2
"1125","BE09RO",33,33,NA,NA,NA,NA,NA
"1126","BE09RO",33,31,2,4,3,2,1
"1127","BE09RO",33,32,3,1,3,2,2
"1128","BE09RO",33,9,3,4,4,2,1
"1129","BE09RO",33,52,3,5,4,2,2
"1130","BE09RO",33,49,3,4,4,2,2
"1131","BE09RO",33,58,5,4,4,2,2
"1132","BE09RO",33,53,2,4,3,2,2
"1133","BE09RO",33,34,3,2,3,2,1
"1134","BE09RO",33,38,2,4,3,2,2
"1135","BE09RO",33,37,2,3,3,2,2
"1136","BE09RO",33,13,2,4,3,2,2
"1137","BE16ST",47,10,3,5,4,2,2
"1138","BE16ST",47,60,3,4,4,2,2
"1139","BE16ST",47,38,3,4,3,2,2
"1140","BE16ST",47,15,2,3,3,2,2
"1141","BE16ST",47,53,3,5,4,2,2
"1142","BE16ST",47,17,3,5,4,2,1
"1143","BE16ST",47,31,3,3,3,2,2
"1144","BE16ST",47,40,3,4,4,2,1
"1145","BE16ST",47,39,2,3,4,2,2
"1146","BE16ST",47,29,4,4,4,2,2
"1147","BE16ST",47,58,2,4,4,2,2
"1148","BE16ST",47,30,3,5,4,2,2
"1149","BE16ST",47,9,2,5,4,2,1
"1150","BE16ST",47,36,2,3,3,2,2
"1151","BE16ST",47,33,2,3,3,2,2
"1152","BE16ST",47,59,2,4,4,2,2
"1153","BE16ST",47,66,2,3,3,2,2
"1154","BE16ST",47,54,2,3,4,2,2
"1155","BE16ST",47,21,4,5,4,2,2
"1156","BE16ST",47,64,2,4,4,2,2
"1157","BE16ST",47,18,2,3,3,2,2
"1158","BE16ST",47,50,4,5,5,2,2
"1159","BE16ST",47,22,3,3,4,2,2
"1160","BE16ST",47,47,NA,NA,NA,NA,NA
"1161","BE16ST",47,NA,NA,NA,NA,NA,NA
"1162","BE16ST",47,61,3,4,4,2,2
"1163","BE16ST",47,37,2,3,3,2,2
"1164","BE16ST",47,16,3,3,4,2,1
"1165","BE16ST",47,6,3,5,4,2,1
"1166","BE16ST",47,62,4,5,4,2,2
"1167","BE16ST",47,12,3,4,4,2,2
"1168","BE16ST",47,55,2,4,4,2,2
"1169","BE16ST",47,13,3,5,4,2,1
"1170","BE16ST",47,8,4,5,5,2,2
"1171","BE16ST",47,51,3,3,4,2,2
"1172","BE16ST",47,57,2,4,4,2,2
"1173","BE16ST",47,52,2,4,4,2,2
"1174","BE16ST",47,32,2,3,3,2,2
"1175","BE16ST",47,26,3,4,4,2,2
"1176","BE16ST",47,19,3,4,4,2,1
"1177","BE16ST",47,23,2,4,4,2,1
"1178","BE16ST",47,2,3,5,4,2,2
"1179","BE16ST",47,56,3,4,4,2,2
"1180","BE16ST",47,49,4,4,4,2,2
"1181","BE16ST",47,28,3,4,4,2,2
"1182","BE16ST",47,7,4,6,5,2,2
"1183","BE16ST",47,25,2,5,4,2,1
"1184","BE16ST",47,14,3,4,4,2,2
"1185","BE16ST",47,43,2,3,3,2,2
"1186","BE16ST",47,46,3,4,4,2,2
"1187","BE16ST",47,27,2,4,4,2,2
"1188","BE16ST",47,4,3,5,5,2,1
"1189","BE16ST",47,11,4,4,4,2,2
"1190","BE16ST",47,48,3,4,4,2,2
"1191","BE16ST",47,45,3,5,4,2,2
"1192","BE16ST",47,42,3,5,4,2,1
"1193","BE16ST",47,71,2,3,4,2,2
"1194","BE16ST",47,73,4,5,4,2,2
"1195","BE16ST",47,74,3,4,4,2,2
"1196","BE16ST",47,1,3,4,4,2,2
"1197","BE16ST",47,34,2,4,4,2,2
"1198","BE16ST",47,35,3,3,4,2,2
"1199","BE16ST",47,44,3,4,4,2,2
"1200","BE16ST",47,5,4,5,5,2,2
"1201","BE16ST",47,72,3,4,4,2,1
"1202","BE16ST",47,65,4,3,4,2,2
"1203","BE16ST",47,41,2,4,4,2,1
"1204","BE16ST",47,20,3,5,4,2,2
"1205","BE16ST",47,24,2,4,4,2,2
"1206","BE16ST",47,3,3,5,4,2,2
"1207","BE16ST",47,63,4,4,4,2,1
"1208","BE30VO",74,26,2,4,4,2,2
"1209","BE30VO",74,6,2,3,3,2,2
"1210","BE30VO",74,5,4,5,4,2,1
"1211","BE30VO",74,48,3,6,5,2,1
"1212","BE30VO",74,27,2,4,4,2,2
"1213","BE30VO",74,50,4,5,5,2,2
"1214","BE30VO",74,29,3,6,5,2,2
"1215","BE30VO",74,8,6,6,5,1,1
"1216","BE30VO",74,51,3,4,3,2,1
"1217","BE30VO",74,30,2,5,3,2,2
"1218","BE30VO",74,9,2,5,4,2,1
"1219","BE30VO",74,52,3,6,6,2,2
"1220","BE30VO",74,31,2,6,5,2,1
"1221","BE30VO",74,10,3,6,4,2,2
"1222","BE30VO",74,53,2,5,4,2,1
"1223","BE30VO",74,49,4,5,5,2,1
"1224","BE30VO",74,28,3,5,5,2,2
"1225","BE30VO",74,7,4,6,5,2,2
"1226","BE30VO",74,33,4,6,4,1,1
"1227","BE30VO",74,12,3,6,5,2,1
"1228","BE30VO",74,55,2,5,4,2,2
"1229","BE30VO",74,34,3,5,4,2,1
"1230","BE30VO",74,13,3,4,4,2,2
"1231","BE30VO",74,56,3,6,4,2,1
"1232","BE30VO",74,35,3,5,4,2,2
"1233","BE30VO",74,14,4,6,5,2,1
"1234","BE30VO",74,57,2,6,5,2,1
"1235","BE30VO",74,36,2,5,5,2,2
"1236","BE30VO",74,32,2,6,5,2,2
"1237","BE30VO",74,11,2,4,4,2,2
"1238","BE30VO",74,54,2,4,3,2,2
"1239","BE30VO",74,16,2,6,4,2,1
"1240","BE30VO",74,59,2,5,4,2,2
"1241","BE30VO",74,38,2,5,5,2,2
"1242","BE30VO",74,17,2,4,3,2,2
"1243","BE30VO",74,60,2,4,4,2,2
"1244","BE30VO",74,39,4,6,6,1,2
"1245","BE30VO",74,18,3,6,5,2,1
"1246","BE30VO",74,61,4,6,4,2,1
"1247","BE30VO",74,40,3,6,5,2,1
"1248","BE30VO",74,19,4,6,4,2,1
"1249","BE30VO",74,62,3,6,4,2,1
"1250","BE30VO",74,41,3,6,5,2,2
"1251","BE30VO",74,20,4,6,5,2,1
"1252","BE30VO",74,63,3,6,4,2,1
"1253","BE30VO",74,42,3,6,5,2,1
"1254","BE30VO",74,21,2,6,5,2,2
"1255","BE30VO",74,64,2,3,3,2,2
"1256","BE30VO",74,71,2,3,5,2,2
"1257","BE30VO",74,43,3,6,5,2,1
"1258","BE30VO",74,22,2,5,5,2,2
"1259","BE30VO",74,1,3,6,5,2,1
"1260","BE30VO",74,65,4,4,3,2,2
"1261","BE30VO",74,72,4,6,5,2,1
"1262","BE30VO",74,44,2,4,4,2,2
"1263","BE30VO",74,23,4,4,3,2,1
"1264","BE30VO",74,2,6,4,4,1,2
"1265","BE30VO",74,66,2,5,4,2,2
"1266","BE30VO",74,73,4,6,4,2,1
"1267","BE30VO",74,45,3,5,5,2,1
"1268","BE30VO",74,24,2,3,3,2,2
"1269","BE30VO",74,3,2,6,4,2,2
"1270","BE30VO",74,74,NA,NA,NA,NA,NA
"1271","BE30VO",74,46,3,5,3,2,1
"1272","BE30VO",74,25,3,5,4,2,1
"1273","BE30VO",74,4,6,5,5,1,1
"1274","BE30VO",74,47,4,6,5,2,2
"1275","BE30VO",74,NA,NA,NA,NA,NA,NA
"1276","BE30VO",74,15,3,4,4,2,2
"1277","BE30VO",74,58,6,6,5,1,1
"1278","BE30VO",74,37,2,4,4,2,2
"1279","BI16WO",57,34,4,5,4,2,1
"1280","BI16WO",57,47,2,2,2,2,2
"1281","BI16WO",57,13,3,4,3,2,1
"1282","BI16WO",57,35,2,2,2,2,2
"1283","BI16WO",57,55,3,3,2,2,2
"1284","BI16WO",57,14,3,2,3,2,1
"1285","BI16WO",57,56,3,4,4,2,2
"1286","BI16WO",57,19,3,3,3,2,1
"1287","BI16WO",57,4,2,2,2,2,2
"1288","BI16WO",57,74,2,2,2,2,2
"1289","BI16WO",57,46,3,4,4,2,2
"1290","BI16WO",57,25,3,3,4,2,1
"1291","BI16WO",57,21,2,2,2,2,2
"1292","BI16WO",57,26,4,4,4,2,1
"1293","BI16WO",57,62,2,2,2,2,2
"1294","BI16WO",57,42,3,4,4,2,1
"1295","BI16WO",57,33,2,2,2,2,2
"1296","BI16WO",57,12,2,2,2,2,2
"1297","BI16WO",57,22,3,2,2,2,2
"1298","BI16WO",57,1,2,2,2,2,2
"1299","BI16WO",57,65,2,2,2,2,2
"1300","BI16WO",57,72,4,5,4,2,1
"1301","BI16WO",57,44,2,1,2,2,2
"1302","BI16WO",57,23,2,3,2,2,1
"1303","BI16WO",57,41,4,4,4,2,2
"1304","BI16WO",57,20,3,3,3,2,2
"1305","BI16WO",57,64,4,4,4,2,2
"1306","BI16WO",57,71,2,2,2,2,2
"1307","BI16WO",57,49,3,2,3,2,2
"1308","BI16WO",57,28,3,3,3,2,2
"1309","BI16WO",57,43,3,1,1,2,2
"1310","BI16WO",57,59,4,5,4,2,1
"1311","BI16WO",57,38,2,2,2,2,2
"1312","BI16WO",57,17,2,3,3,2,1
"1313","BI16WO",57,60,2,2,2,2,2
"1314","BI16WO",57,39,2,2,2,2,2
"1315","BI16WO",57,18,2,3,2,2,2
"1316","BI16WO",57,NA,NA,NA,NA,NA,NA
"1317","BI16WO",57,57,NA,NA,NA,NA,NA
"1318","BI16WO",57,63,2,3,3,2,2
"1319","BI16WO",57,6,3,3,3,2,2
"1320","BI16WO",57,58,3,3,3,2,2
"1321","BI16WO",57,37,2,2,2,2,2
"1322","BI16WO",57,54,4,4,5,2,2
"1323","BI16WO",57,7,2,1,1,2,2
"1324","BI16WO",57,50,3,2,2,2,2
"1325","BI16WO",57,29,2,2,2,2,2
"1326","BI16WO",57,8,3,3,2,2,2
"1327","BI16WO",57,51,2,2,2,2,2
"1328","BI16WO",57,30,4,6,5,1,1
"1329","BI16WO",57,61,2,2,2,2,2
"1330","BI16WO",57,40,4,5,4,2,1
"1331","BI16WO",57,36,2,3,3,2,2
"1332","BI16WO",57,15,2,2,2,2,2
"1333","BI16WO",57,45,2,2,2,2,2
"1334","BI16WO",57,24,4,3,4,2,1
"1335","BI16WO",57,3,4,4,5,2,2
"1336","BI16WO",57,16,3,2,2,2,2
"1337","BI16WO",57,27,3,1,2,2,2
"1338","BI16WO",57,9,4,5,5,2,1
"1339","BI16WO",57,2,2,2,2,2,2
"1340","BI16WO",57,48,3,3,3,2,2
"1341","BI16WO",57,11,2,2,2,2,2
"1342","BI16WO",57,73,3,2,3,2,2
"1343","BI16WO",57,53,4,3,3,2,1
"1344","BI16WO",57,32,3,4,3,2,1
"1345","BI16WO",57,5,2,2,2,2,2
"1346","BI16WO",57,66,3,3,3,2,2
"1347","BI16WO",57,52,2,3,2,2,2
"1348","BI16WO",57,31,3,3,3,2,2
"1349","BI16WO",57,10,2,2,2,2,2
"1350","Ca22Ec",72,1,2,4,4,2,2
"1351","Ca22Ec",72,65,3,4,4,2,1
"1352","Ca22Ec",72,72,3,4,4,2,1
"1353","Ca22Ec",72,22,2,3,3,2,2
"1354","Ca22Ec",72,56,2,4,4,2,2
"1355","Ca22Ec",72,55,2,4,4,2,2
"1356","Ca22Ec",72,34,4,4,4,2,2
"1357","Ca22Ec",72,13,4,5,5,1,2
"1358","Ca22Ec",72,36,3,4,4,2,2
"1359","Ca22Ec",72,35,2,3,3,2,2
"1360","Ca22Ec",72,14,3,4,4,2,1
"1361","Ca22Ec",72,57,4,5,5,2,1
"1362","Ca22Ec",72,63,2,4,4,2,2
"1363","Ca22Ec",72,42,4,6,5,1,1
"1364","Ca22Ec",72,21,3,4,4,2,2
"1365","Ca22Ec",72,64,3,4,4,2,2
"1366","Ca22Ec",72,71,3,3,3,2,2
"1367","Ca22Ec",72,43,3,4,4,2,2
"1368","Ca22Ec",72,30,4,4,4,2,2
"1369","Ca22Ec",72,9,4,4,4,2,2
"1370","Ca22Ec",72,52,2,5,4,2,2
"1371","Ca22Ec",72,31,4,5,4,2,1
"1372","Ca22Ec",72,44,2,4,4,2,2
"1373","Ca22Ec",72,23,2,2,2,2,2
"1374","Ca22Ec",72,2,2,4,4,2,2
"1375","Ca22Ec",72,66,4,4,4,2,2
"1376","Ca22Ec",72,73,4,2,3,2,2
"1377","Ca22Ec",72,45,2,4,4,2,2
"1378","Ca22Ec",72,24,4,3,3,2,2
"1379","Ca22Ec",72,3,4,3,3,2,2
"1380","Ca22Ec",72,74,3,5,4,2,1
"1381","Ca22Ec",72,46,4,5,5,2,1
"1382","Ca22Ec",72,25,4,4,4,2,1
"1383","Ca22Ec",72,4,3,4,4,2,2
"1384","Ca22Ec",72,47,3,2,2,2,2
"1385","Ca22Ec",72,NA,NA,NA,NA,NA,NA
"1386","Ca22Ec",72,15,4,4,4,2,2
"1387","Ca22Ec",72,58,2,4,4,2,2
"1388","Ca22Ec",72,37,2,4,4,2,2
"1389","Ca22Ec",72,16,4,6,5,2,1
"1390","Ca22Ec",72,59,3,5,5,2,1
"1391","Ca22Ec",72,38,3,4,4,2,2
"1392","Ca22Ec",72,17,2,4,4,2,1
"1393","Ca22Ec",72,60,3,4,4,2,2
"1394","Ca22Ec",72,39,2,4,4,2,2
"1395","Ca22Ec",72,18,3,4,4,2,2
"1396","Ca22Ec",72,61,1,NA,NA,NA,NA
"1397","Ca22Ec",72,40,4,6,5,2,1
"1398","Ca22Ec",72,19,4,5,5,1,1
"1399","Ca22Ec",72,62,3,4,4,2,1
"1400","Ca22Ec",72,41,3,5,5,2,2
"1401","Ca22Ec",72,20,4,4,4,2,2
"1402","Ca22Ec",72,49,4,1,4,2,2
"1403","Ca22Ec",72,28,2,4,4,2,2
"1404","Ca22Ec",72,7,3,1,3,2,2
"1405","Ca22Ec",72,50,2,4,4,2,2
"1406","Ca22Ec",72,29,2,3,3,2,2
"1407","Ca22Ec",72,8,2,5,4,2,1
"1408","Ca22Ec",72,51,3,4,4,2,2
"1409","Ca22Ec",72,53,4,4,4,2,2
"1410","Ca22Ec",72,32,4,6,6,1,2
"1411","Ca22Ec",72,26,4,5,5,1,1
"1412","Ca22Ec",72,10,2,4,4,2,2
"1413","Ca22Ec",72,33,2,4,4,2,2
"1414","Ca22Ec",72,12,2,2,2,2,2
"1415","Ca22Ec",72,11,3,4,3,2,2
"1416","Ca22Ec",72,54,4,4,4,2,1
"1417","Ca22Ec",72,5,2,4,4,2,2
"1418","Ca22Ec",72,48,2,4,5,2,2
"1419","Ca22Ec",72,27,3,2,2,2,2
"1420","Ca22Ec",72,6,4,4,4,2,1
"1421","CH12LA",27,22,2,4,4,2,2
"1422","CH12LA",27,17,2,4,4,2,2
"1423","CH12LA",27,19,3,3,4,2,2
"1424","CH12LA",27,60,2,4,4,2,2
"1425","CH12LA",27,52,3,5,5,2,1
"1426","CH12LA",27,28,3,4,4,2,1
"1427","CH12LA",27,8,2,4,4,2,2
"1428","CH12LA",27,43,2,4,4,2,2
"1429","CH12LA",27,49,3,3,4,2,2
"1430","CH12LA",27,46,4,6,5,1,2
"1431","CH12LA",27,25,3,4,4,2,1
"1432","CH12LA",27,38,3,5,5,2,2
"1433","CH12LA",27,47,2,4,4,2,2
"1434","CH12LA",27,NA,NA,NA,NA,NA,NA
"1435","CH12LA",27,57,3,4,4,2,1
"1436","CH12LA",27,18,4,6,5,2,1
"1437","CH12LA",27,21,4,6,5,2,2
"1438","CH12LA",27,51,4,3,4,2,2
"1439","CH12LA",27,39,2,4,4,2,2
"1440","CH12LA",27,6,3,5,5,2,1
"1441","CH12LA",27,4,2,2,3,2,2
"1442","CH12LA",27,40,4,5,5,2,1
"1443","CH12LA",27,27,NA,NA,NA,NA,NA
"1444","CH12LA",27,16,2,4,4,2,1
"1445","CH12LA",27,29,4,5,5,2,2
"1446","CH12LA",27,45,3,5,5,2,1
"1447","CH12LA",27,24,4,4,4,2,2
"1448","CH12LA",27,30,3,4,4,2,2
"1449","CH12LA",27,9,3,4,4,2,2
"1450","CH12LA",27,71,2,4,4,2,2
"1451","CH12LA",27,56,2,6,5,2,1
"1452","CH12LA",27,35,2,4,4,2,2
"1453","CH12LA",27,31,3,5,5,2,1
"1454","CH12LA",27,62,3,5,5,2,1
"1455","CH12LA",27,58,2,4,4,2,2
"1456","CH12LA",27,37,3,6,5,2,2
"1457","CH12LA",27,50,4,6,6,2,1
"1458","CH12LA",27,73,4,6,5,2,1
"1459","CH12LA",27,59,4,5,4,2,1
"1460","CH12LA",27,54,1,NA,NA,NA,NA
"1461","CH12LA",27,74,2,4,4,2,2
"1462","CH12LA",27,34,2,5,5,2,1
"1463","CH12LA",27,13,3,5,5,2,1
"1464","CH12LA",27,61,2,5,5,2,1
"1465","CH12LA",27,48,3,6,5,2,2
"1466","CH12LA",27,14,3,5,5,2,1
"1467","CH12LA",27,1,3,4,4,2,1
"1468","CH12LA",27,41,4,5,4,2,1
"1469","CH12LA",27,7,3,5,5,2,1
"1470","CH12LA",27,20,3,5,4,2,1
"1471","CH12LA",27,63,2,4,4,2,2
"1472","CH12LA",27,42,3,5,5,2,1
"1473","CH12LA",27,11,4,5,5,1,1
"1474","CH12LA",27,33,3,4,4,2,2
"1475","CH12LA",27,3,3,6,5,2,1
"1476","CH12LA",27,26,4,5,5,2,1
"1477","CH12LA",27,55,2,5,5,2,2
"1478","CH12LA",27,5,2,4,3,2,1
"1479","CH12LA",27,23,3,4,4,2,2
"1480","CH12LA",27,2,2,3,4,2,2
"1481","CH12LA",27,36,3,5,5,2,1
"1482","CH12LA",27,15,2,4,4,2,1
"1483","CH12LA",27,65,3,3,4,2,2
"1484","CH12LA",27,72,4,4,4,2,1
"1485","CH12LA",27,66,3,5,5,2,1
"1486","CH12LA",27,32,2,5,4,2,1
"1487","CH12LA",27,53,4,5,4,2,1
"1488","CH12LA",27,64,3,4,4,2,2
"1489","CH12LA",27,12,2,5,5,2,2
"1490","CH12LA",27,44,3,3,4,2,2
"1491","CH12LA",27,10,2,4,4,2,2
"1492","CH13UL",17,22,2,3,4,2,2
"1493","CH13UL",17,1,2,3,4,2,2
"1494","CH13UL",17,11,2,2,3,2,2
"1495","CH13UL",17,74,2,3,4,2,2
"1496","CH13UL",17,43,3,2,3,2,2
"1497","CH13UL",17,31,2,3,4,2,2
"1498","CH13UL",17,25,2,3,3,2,1
"1499","CH13UL",17,52,2,3,4,2,2
"1500","CH13UL",17,36,2,3,3,2,2
"1501","CH13UL",17,10,5,5,5,1,2
"1502","CH13UL",17,71,2,3,4,2,2
"1503","CH13UL",17,64,4,4,4,2,2
"1504","CH13UL",17,50,4,5,5,2,1
"1505","CH13UL",17,29,3,4,5,2,2
"1506","CH13UL",17,8,3,4,4,2,2
"1507","CH13UL",17,4,3,5,4,2,1
"1508","CH13UL",17,47,3,4,4,2,2
"1509","CH13UL",17,NA,NA,NA,NA,NA,NA
"1510","CH13UL",17,35,2,3,3,2,2
"1511","CH13UL",17,14,4,5,4,2,1
"1512","CH13UL",17,57,3,4,4,2,2
"1513","CH13UL",17,32,2,4,4,2,2
"1514","CH13UL",17,73,3,5,4,2,1
"1515","CH13UL",17,45,2,3,4,2,2
"1516","CH13UL",17,15,4,6,5,2,1
"1517","CH13UL",17,21,4,5,4,2,1
"1518","CH13UL",17,12,2,4,4,2,2
"1519","CH13UL",17,55,2,2,3,2,2
"1520","CH13UL",17,51,4,5,5,2,1
"1521","CH13UL",17,65,3,4,4,2,2
"1522","CH13UL",17,72,2,4,4,2,2
"1523","CH13UL",17,44,2,4,4,2,2
"1524","CH13UL",17,23,4,6,5,2,1
"1525","CH13UL",17,53,2,5,4,2,2
"1526","CH13UL",17,2,2,3,4,2,2
"1527","CH13UL",17,66,2,5,4,2,2
"1528","CH13UL",17,41,2,3,3,2,2
"1529","CH13UL",17,63,4,5,5,1,2
"1530","CH13UL",17,54,2,3,3,2,2
"1531","CH13UL",17,28,2,2,4,2,2
"1532","CH13UL",17,7,3,2,3,2,2
"1533","CH13UL",17,46,2,4,4,2,2
"1534","CH13UL",17,34,2,4,4,2,2
"1535","CH13UL",17,13,3,3,3,2,2
"1536","CH13UL",17,56,4,6,5,1,1
"1537","CH13UL",17,38,3,5,4,2,1
"1538","CH13UL",17,17,NA,NA,NA,NA,NA
"1539","CH13UL",17,19,3,5,4,2,1
"1540","CH13UL",17,62,2,3,4,2,2
"1541","CH13UL",17,61,2,4,4,2,2
"1542","CH13UL",17,20,3,5,4,2,1
"1543","CH13UL",17,42,3,4,4,2,1
"1544","CH13UL",17,33,3,2,4,2,2
"1545","CH13UL",17,24,2,4,4,2,1
"1546","CH13UL",17,3,3,5,4,2,1
"1547","CH13UL",17,58,3,5,4,2,1
"1548","CH13UL",17,30,2,4,4,2,2
"1549","CH13UL",17,9,4,6,5,2,1
"1550","CH13UL",17,16,3,3,2,2,1
"1551","CH13UL",17,40,2,3,4,2,2
"1552","CH13UL",17,60,3,2,3,2,2
"1553","CH13UL",17,39,2,3,3,2,2
"1554","CH13UL",17,59,2,3,4,2,2
"1555","CH13UL",17,48,2,3,3,2,2
"1556","CH13UL",17,27,2,3,4,2,2
"1557","CH13UL",17,49,3,5,5,2,2
"1558","CH13UL",17,6,3,6,4,2,1
"1559","CH13UL",17,18,3,2,3,2,2
"1560","CH13UL",17,37,2,3,4,2,2
"1561","CH13UL",17,26,2,5,4,2,2
"1562","CH13UL",17,5,5,5,5,1,1
"1563","CH31CH",30,28,3,3,4,2,2
"1564","CH31CH",30,42,4,5,4,2,2
"1565","CH31CH",30,15,3,3,3,2,2
"1566","CH31CH",30,21,2,4,4,2,2
"1567","CH31CH",30,50,2,4,4,2,2
"1568","CH31CH",30,58,2,4,4,2,2
"1569","CH31CH",30,64,4,3,3,2,2
"1570","CH31CH",30,16,4,4,4,2,2
"1571","CH31CH",30,7,3,3,4,2,2
"1572","CH31CH",30,57,5,6,6,1,2
"1573","CH31CH",30,61,2,3,3,2,2
"1574","CH31CH",30,36,3,5,5,2,2
"1575","CH31CH",30,25,4,5,4,2,2
"1576","CH31CH",30,38,2,3,3,2,2
"1577","CH31CH",30,37,2,3,3,2,2
"1578","CH31CH",30,63,2,4,4,2,2
"1579","CH31CH",30,20,2,4,4,2,2
"1580","CH31CH",30,24,5,6,6,1,2
"1581","CH31CH",30,49,2,4,4,2,2
"1582","CH31CH",30,56,2,3,3,2,2
"1583","CH31CH",30,71,3,4,5,2,2
"1584","CH31CH",30,59,4,6,6,1,2
"1585","CH31CH",30,51,3,3,3,2,2
"1586","CH31CH",30,31,3,5,4,2,2
"1587","CH31CH",30,40,4,5,5,2,2
"1588","CH31CH",30,74,2,3,3,2,2
"1589","CH31CH",30,4,4,4,5,2,2
"1590","CH31CH",30,5,2,3,3,2,2
"1591","CH31CH",30,48,2,3,3,2,2
"1592","CH31CH",30,55,4,5,5,2,2
"1593","CH31CH",30,6,3,4,4,2,2
"1594","CH31CH",30,13,3,3,3,2,2
"1595","CH31CH",30,NA,NA,NA,NA,NA,NA
"1596","CH31CH",30,29,2,3,3,2,2
"1597","CH31CH",30,8,2,4,4,2,2
"1598","CH31CH",30,45,3,3,3,2,2
"1599","CH31CH",30,18,4,5,5,2,2
"1600","CH31CH",30,14,4,5,5,2,2
"1601","CH31CH",30,3,4,5,5,2,2
"1602","CH31CH",30,46,4,5,5,2,2
"1603","CH31CH",30,11,3,3,3,2,2
"1604","CH31CH",30,54,3,5,5,2,2
"1605","CH31CH",30,41,3,5,5,2,2
"1606","CH31CH",30,62,2,4,4,2,2
"1607","CH31CH",30,47,2,3,3,2,2
"1608","CH31CH",30,23,2,3,4,2,2
"1609","CH31CH",30,35,2,3,3,2,2
"1610","CH31CH",30,73,3,5,5,2,2
"1611","CH31CH",30,39,2,3,3,2,2
"1612","CH31CH",30,60,2,3,3,2,2
"1613","CH31CH",30,30,NA,NA,NA,NA,NA
"1614","CH31CH",30,10,2,3,3,2,2
"1615","CH31CH",30,26,4,5,5,2,2
"1616","CH31CH",30,43,4,4,5,2,2
"1617","CH31CH",30,22,3,3,3,2,2
"1618","CH31CH",30,33,2,3,4,2,2
"1619","CH31CH",30,44,2,3,3,2,2
"1620","CH31CH",30,34,5,5,5,1,2
"1621","CH31CH",30,72,4,6,6,2,2
"1622","CH31CH",30,2,2,3,4,2,2
"1623","CH31CH",30,66,3,5,5,2,2
"1624","CH31CH",30,17,2,4,4,2,2
"1625","CH31CH",30,27,2,4,4,2,2
"1626","CH31CH",30,52,2,4,4,2,2
"1627","CH31CH",30,1,2,4,4,2,2
"1628","CH31CH",30,9,4,5,5,2,2
"1629","CH31CH",30,65,3,3,4,2,2
"1630","CH31CH",30,12,2,3,4,2,2
"1631","CH31CH",30,19,3,4,4,2,2
"1632","CH31CH",30,32,4,5,5,2,2
"1633","CH31CH",30,53,4,4,4,2,2
"1634","CH31GE",2,65,2,2,3,2,2
"1635","CH31GE",2,72,2,2,2,2,2
"1636","CH31GE",2,44,3,3,3,2,2
"1637","CH31GE",2,23,3,3,3,2,1
"1638","CH31GE",2,2,NA,NA,NA,NA,NA
"1639","CH31GE",2,66,2,3,3,2,1
"1640","CH31GE",2,73,2,3,3,2,1
"1641","CH31GE",2,45,2,2,2,2,2
"1642","CH31GE",2,24,2,4,4,2,2
"1643","CH31GE",2,14,2,3,3,2,1
"1644","CH31GE",2,57,2,3,3,2,2
"1645","CH31GE",2,36,4,4,4,2,2
"1646","CH31GE",2,15,4,5,3,2,1
"1647","CH31GE",2,58,6,5,4,1,1
"1648","CH31GE",2,37,2,3,3,2,2
"1649","CH31GE",2,16,2,1,2,2,2
"1650","CH31GE",2,59,2,3,3,2,2
"1651","CH31GE",2,38,2,4,3,2,2
"1652","CH31GE",2,17,3,4,3,2,1
"1653","CH31GE",2,60,2,3,3,2,1
"1654","CH31GE",2,39,6,6,5,1,2
"1655","CH31GE",2,18,2,3,3,2,2
"1656","CH31GE",2,61,2,3,3,2,2
"1657","CH31GE",2,40,2,3,3,2,2
"1658","CH31GE",2,19,2,3,3,2,1
"1659","CH31GE",2,62,2,2,3,2,2
"1660","CH31GE",2,41,2,2,2,2,2
"1661","CH31GE",2,20,2,3,3,2,2
"1662","CH31GE",2,63,2,4,4,2,1
"1663","CH31GE",2,42,2,5,3,2,1
"1664","CH31GE",2,21,2,4,4,2,2
"1665","CH31GE",2,64,2,4,3,2,2
"1666","CH31GE",2,71,1,NA,NA,NA,NA
"1667","CH31GE",2,43,2,3,3,2,2
"1668","CH31GE",2,22,3,4,4,2,2
"1669","CH31GE",2,1,2,3,3,2,1
"1670","CH31GE",2,30,2,3,3,2,2
"1671","CH31GE",2,9,2,4,3,2,1
"1672","CH31GE",2,52,2,3,3,2,1
"1673","CH31GE",2,31,2,3,3,2,2
"1674","CH31GE",2,10,2,3,3,2,2
"1675","CH31GE",2,53,2,3,3,2,2
"1676","CH31GE",2,32,2,3,3,2,2
"1677","CH31GE",2,11,2,3,3,2,2
"1678","CH31GE",2,54,2,2,2,2,2
"1679","CH31GE",2,33,6,5,5,1,1
"1680","CH31GE",2,12,2,2,2,2,2
"1681","CH31GE",2,55,2,3,3,2,2
"1682","CH31GE",2,34,3,4,4,2,1
"1683","CH31GE",2,13,2,3,3,2,2
"1684","CH31GE",2,56,3,4,3,2,2
"1685","CH31GE",2,35,2,2,2,2,2
"1686","CH31GE",2,NA,NA,NA,NA,NA,NA
"1687","CH31GE",2,5,2,3,3,2,2
"1688","CH31GE",2,48,3,3,3,2,1
"1689","CH31GE",2,27,2,3,3,2,2
"1690","CH31GE",2,6,3,4,3,2,2
"1691","CH31GE",2,49,2,3,3,2,2
"1692","CH31GE",2,28,2,3,3,2,2
"1693","CH31GE",2,7,2,3,3,2,2
"1694","CH31GE",2,50,3,4,4,2,1
"1695","CH31GE",2,29,2,3,3,2,2
"1696","CH31GE",2,8,6,6,5,1,1
"1697","CH31GE",2,51,2,3,3,2,2
"1698","CH31GE",2,4,6,5,4,1,1
"1699","CH31GE",2,26,2,3,3,2,2
"1700","CH31GE",2,74,6,5,5,1,2
"1701","CH31GE",2,46,1,NA,NA,NA,NA
"1702","CH31GE",2,25,3,4,4,2,1
"1703","CH31GE",2,3,3,3,3,2,2
"1704","CH31GE",2,47,3,4,4,2,2
"1705","CL21MA",64,49,3,5,2,2,2
"1706","CL21MA",64,50,3,6,2,2,1
"1707","CL21MA",64,28,6,6,3,1,1
"1708","CL21MA",64,10,3,5,2,2,2
"1709","CL21MA",64,41,4,5,2,2,1
"1710","CL21MA",64,32,3,5,2,2,1
"1711","CL21MA",64,11,2,5,2,2,1
"1712","CL21MA",64,7,2,5,2,2,1
"1713","CL21MA",64,53,4,6,2,2,1
"1714","CL21MA",64,29,4,4,2,2,2
"1715","CL21MA",64,8,2,6,2,2,2
"1716","CL21MA",64,51,3,6,2,2,1
"1717","CL21MA",64,33,3,6,2,2,2
"1718","CL21MA",64,9,4,6,2,1,1
"1719","CL21MA",64,26,2,5,2,2,1
"1720","CL21MA",64,5,3,6,1,2,1
"1721","CL21MA",64,48,2,6,2,2,2
"1722","CL21MA",64,27,3,6,2,2,1
"1723","CL21MA",64,6,4,6,2,2,1
"1724","CL21MA",64,44,3,5,2,2,2
"1725","CL21MA",64,54,4,6,2,1,1
"1726","CL21MA",64,20,2,5,2,2,2
"1727","CL21MA",64,63,4,6,2,2,1
"1728","CL21MA",64,42,4,6,2,2,1
"1729","CL21MA",64,21,3,5,2,2,2
"1730","CL21MA",64,30,4,6,2,2,1
"1731","CL21MA",64,71,4,6,2,2,1
"1732","CL21MA",64,43,3,5,2,2,2
"1733","CL21MA",64,52,2,6,2,2,2
"1734","CL21MA",64,31,4,6,2,2,1
"1735","CL21MA",64,65,3,5,2,2,2
"1736","CL21MA",64,72,3,6,2,2,1
"1737","CL21MA",64,15,2,6,2,2,2
"1738","CL21MA",64,23,3,5,2,2,1
"1739","CL21MA",64,2,2,4,2,2,1
"1740","CL21MA",64,66,3,6,2,2,1
"1741","CL21MA",64,73,3,6,2,2,1
"1742","CL21MA",64,12,4,6,2,2,1
"1743","CL21MA",64,64,NA,NA,NA,NA,NA
"1744","CL21MA",64,13,3,6,2,2,1
"1745","CL21MA",64,56,4,6,2,2,1
"1746","CL21MA",64,35,2,6,2,2,2
"1747","CL21MA",64,14,3,5,2,2,1
"1748","CL21MA",64,57,4,6,2,2,1
"1749","CL21MA",64,36,3,5,2,2,1
"1750","CL21MA",64,62,2,6,2,2,2
"1751","CL21MA",64,NA,NA,NA,NA,NA,NA
"1752","CL21MA",64,37,2,5,2,2,1
"1753","CL21MA",64,16,2,5,2,2,1
"1754","CL21MA",64,59,3,5,2,2,1
"1755","CL21MA",64,38,4,6,2,2,2
"1756","CL21MA",64,17,4,6,2,2,2
"1757","CL21MA",64,60,4,6,2,1,2
"1758","CL21MA",64,39,2,5,2,2,2
"1759","CL21MA",64,18,4,6,2,2,1
"1760","CL21MA",64,61,3,5,2,2,2
"1761","CL21MA",64,40,4,6,2,2,1
"1762","CL21MA",64,19,4,6,2,2,1
"1763","CL21MA",64,47,2,5,2,2,2
"1764","CL21MA",64,74,2,4,2,2,1
"1765","CL21MA",64,58,2,6,2,2,1
"1766","CL21MA",64,55,3,5,2,2,2
"1767","CL21MA",64,34,4,4,2,2,1
"1768","CL21MA",64,24,4,5,2,2,1
"1769","CL21MA",64,45,4,6,2,1,1
"1770","CL21MA",64,1,2,5,2,2,1
"1771","CL21MA",64,4,4,5,2,2,1
"1772","CL21MA",64,22,3,5,2,2,2
"1773","CL21MA",64,46,3,6,1,2,1
"1774","CL21MA",64,25,2,5,2,2,1
"1775","CL21MA",64,3,4,6,1,2,1
"1776","CL27HA",26,51,4,5,5,2,1
"1777","CL27HA",26,35,3,4,4,2,2
"1778","CL27HA",26,34,4,6,5,2,2
"1779","CL27HA",26,55,2,4,4,2,2
"1780","CL27HA",26,9,4,6,6,2,2
"1781","CL27HA",26,52,2,4,4,2,2
"1782","CL27HA",26,22,3,4,4,2,2
"1783","CL27HA",26,56,4,3,4,2,2
"1784","CL27HA",26,30,4,4,5,2,2
"1785","CL27HA",26,13,6,6,6,1,2
"1786","CL27HA",26,71,2,3,3,2,2
"1787","CL27HA",26,26,NA,NA,NA,NA,NA
"1788","CL27HA",26,8,2,4,4,2,2
"1789","CL27HA",26,29,4,5,5,2,2
"1790","CL27HA",26,31,4,5,5,2,1
"1791","CL27HA",26,42,4,6,6,1,1
"1792","CL27HA",26,6,4,5,5,2,2
"1793","CL27HA",26,12,4,4,4,2,2
"1794","CL27HA",26,64,3,5,4,2,2
"1795","CL27HA",26,45,2,4,4,2,2
"1796","CL27HA",26,74,3,4,4,2,2
"1797","CL27HA",26,46,6,6,6,1,1
"1798","CL27HA",26,25,6,6,6,1,2
"1799","CL27HA",26,1,2,4,4,2,2
"1800","CL27HA",26,65,4,5,5,2,2
"1801","CL27HA",26,5,4,4,4,2,1
"1802","CL27HA",26,48,2,4,4,2,2
"1803","CL27HA",26,20,4,5,5,2,2
"1804","CL27HA",26,63,4,3,3,2,2
"1805","CL27HA",26,54,4,5,5,2,1
"1806","CL27HA",26,21,4,5,5,2,2
"1807","CL27HA",26,24,4,4,4,2,2
"1808","CL27HA",26,59,4,6,6,2,1
"1809","CL27HA",26,38,3,4,4,2,2
"1810","CL27HA",26,17,2,4,4,2,2
"1811","CL27HA",26,60,4,5,5,2,2
"1812","CL27HA",26,39,2,3,4,2,2
"1813","CL27HA",26,18,4,4,4,2,2
"1814","CL27HA",26,10,3,4,4,2,2
"1815","CL27HA",26,53,6,6,6,1,1
"1816","CL27HA",26,32,4,6,6,1,1
"1817","CL27HA",26,11,4,5,5,2,2
"1818","CL27HA",26,27,4,4,4,2,2
"1819","CL27HA",26,33,2,4,4,2,2
"1820","CL27HA",26,16,4,6,5,2,2
"1821","CL27HA",26,49,3,3,4,2,2
"1822","CL27HA",26,28,3,3,4,2,2
"1823","CL27HA",26,43,4,3,4,2,2
"1824","CL27HA",26,50,4,4,4,2,2
"1825","CL27HA",26,62,4,4,4,2,2
"1826","CL27HA",26,4,3,4,4,2,1
"1827","CL27HA",26,40,4,5,5,2,2
"1828","CL27HA",26,19,4,5,5,2,2
"1829","CL27HA",26,66,4,5,5,2,1
"1830","CL27HA",26,41,6,6,6,1,2
"1831","CL27HA",26,2,3,4,4,2,2
"1832","CL27HA",26,3,6,6,6,1,2
"1833","CL27HA",26,7,4,4,4,2,2
"1834","CL27HA",26,73,4,5,5,2,2
"1835","CL27HA",26,23,3,4,4,2,2
"1836","CL27HA",26,58,3,5,4,2,2
"1837","CL27HA",26,72,6,6,6,1,1
"1838","CL27HA",26,44,3,4,4,2,2
"1839","CL27HA",26,37,3,4,4,2,2
"1840","CL27HA",26,36,3,4,4,2,2
"1841","CL27HA",26,15,4,5,5,2,1
"1842","CL27HA",26,61,3,5,4,2,2
"1843","CL27HA",26,NA,NA,NA,NA,NA,NA
"1844","CL27HA",26,14,4,5,5,2,2
"1845","CL27HA",26,57,4,6,6,2,2
"1846","CL27HA",26,47,3,3,4,2,2
"1847","CO26DI",43,14,4,4,4,2,1
"1848","CO26DI",43,15,5,4,4,2,1
"1849","CO26DI",43,57,4,3,3,2,2
"1850","CO26DI",43,58,2,3,3,2,2
"1851","CO26DI",43,28,2,2,2,2,2
"1852","CO26DI",43,34,3,2,4,2,2
"1853","CO26DI",43,36,3,2,3,2,2
"1854","CO26DI",43,44,2,3,4,2,2
"1855","CO26DI",43,43,5,3,3,2,2
"1856","CO26DI",43,25,4,4,4,2,1
"1857","CO26DI",43,13,4,3,3,2,2
"1858","CO26DI",43,71,3,4,4,2,2
"1859","CO26DI",43,35,2,2,2,2,2
"1860","CO26DI",43,23,2,2,2,2,2
"1861","CO26DI",43,2,3,4,4,2,2
"1862","CO26DI",43,56,3,4,4,2,2
"1863","CO26DI",43,31,3,4,4,2,1
"1864","CO26DI",43,6,5,4,4,2,1
"1865","CO26DI",43,49,3,4,4,2,1
"1866","CO26DI",43,64,2,4,4,2,2
"1867","CO26DI",43,27,2,1,3,2,2
"1868","CO26DI",43,22,2,2,3,2,2
"1869","CO26DI",43,62,3,3,3,2,2
"1870","CO26DI",43,24,3,2,4,2,2
"1871","CO26DI",43,7,3,2,3,2,2
"1872","CO26DI",43,37,2,2,3,2,2
"1873","CO26DI",43,63,2,3,3,2,2
"1874","CO26DI",43,42,4,4,4,2,1
"1875","CO26DI",43,21,2,3,3,2,2
"1876","CO26DI",43,66,3,4,3,2,2
"1877","CO26DI",43,73,4,4,4,2,1
"1878","CO26DI",43,55,2,1,3,2,2
"1879","CO26DI",43,39,2,2,2,2,2
"1880","CO26DI",43,3,4,4,4,2,1
"1881","CO26DI",43,74,4,4,4,2,2
"1882","CO26DI",43,46,4,3,3,2,2
"1883","CO26DI",43,1,2,4,4,2,1
"1884","CO26DI",43,41,4,4,4,2,2
"1885","CO26DI",43,20,3,3,4,2,2
"1886","CO26DI",43,10,2,2,3,2,2
"1887","CO26DI",43,53,4,3,4,2,2
"1888","CO26DI",43,32,3,4,4,2,1
"1889","CO26DI",43,48,2,3,3,2,2
"1890","CO26DI",43,17,3,4,4,2,1
"1891","CO26DI",43,60,4,4,4,2,2
"1892","CO26DI",43,45,2,4,4,2,2
"1893","CO26DI",43,61,2,4,4,2,2
"1894","CO26DI",43,40,4,3,3,2,2
"1895","CO26DI",43,19,4,4,4,2,1
"1896","CO26DI",43,26,4,3,3,2,2
"1897","CO26DI",43,65,2,2,3,2,2
"1898","CO26DI",43,72,4,5,4,2,1
"1899","CO26DI",43,51,4,3,2,2,1
"1900","CO26DI",43,54,2,3,3,2,1
"1901","CO26DI",43,5,2,2,3,2,1
"1902","CO26DI",43,38,3,4,4,2,2
"1903","CO26DI",43,11,4,4,4,2,1
"1904","CO26DI",43,50,3,4,4,2,2
"1905","CO26DI",43,9,5,6,4,2,1
"1906","CO26DI",43,12,5,6,4,2,1
"1907","CO26DI",43,18,3,3,4,2,2
"1908","CO26DI",43,4,5,5,5,2,1
"1909","CO26DI",43,8,2,3,3,2,2
"1910","CO26DI",43,52,2,3,4,2,2
"1911","CO26DI",43,29,3,4,4,2,2
"1912","CO26DI",43,30,5,5,5,2,2
"1913","CO26DI",43,47,2,3,3,2,2
"1914","CO26DI",43,16,4,4,4,2,1
"1915","CO26DI",43,NA,NA,NA,NA,NA,NA
"1916","CO26DI",43,33,2,4,4,2,2
"1917","CO26DI",43,59,2,3,4,2,2
"1918","DO06JO",1,6,3,3,3,2,2
"1919","DO06JO",1,49,3,4,4,2,2
"1920","DO06JO",1,28,3,3,3,2,2
"1921","DO06JO",1,7,4,5,5,2,2
"1922","DO06JO",1,50,4,5,5,2,2
"1923","DO06JO",1,29,4,5,5,2,2
"1924","DO06JO",1,8,2,4,3,2,1
"1925","DO06JO",1,51,2,2,3,2,2
"1926","DO06JO",1,30,3,3,3,2,2
"1927","DO06JO",1,9,2,4,3,2,1
"1928","DO06JO",1,52,2,3,3,2,2
"1929","DO06JO",1,31,2,3,3,2,2
"1930","DO06JO",1,10,2,3,3,2,2
"1931","DO06JO",1,53,2,4,3,2,1
"1932","DO06JO",1,32,3,3,3,2,1
"1933","DO06JO",1,11,2,3,3,2,2
"1934","DO06JO",1,54,2,3,3,2,2
"1935","DO06JO",1,33,3,3,3,2,2
"1936","DO06JO",1,12,2,3,3,2,2
"1937","DO06JO",1,55,2,3,3,2,2
"1938","DO06JO",1,34,3,3,3,2,1
"1939","DO06JO",1,13,2,3,3,2,2
"1940","DO06JO",1,56,3,5,4,2,2
"1941","DO06JO",1,35,4,4,4,2,2
"1942","DO06JO",1,14,2,2,3,2,2
"1943","DO06JO",1,57,3,3,3,2,2
"1944","DO06JO",1,36,3,3,3,2,2
"1945","DO06JO",1,15,3,2,2,2,2
"1946","DO06JO",1,58,4,4,4,2,2
"1947","DO06JO",1,37,3,3,3,2,2
"1948","DO06JO",1,16,2,4,3,2,1
"1949","DO06JO",1,59,2,4,3,2,1
"1950","DO06JO",1,38,4,5,4,2,2
"1951","DO06JO",1,17,3,2,3,2,2
"1952","DO06JO",1,60,2,3,3,2,2
"1953","DO06JO",1,39,3,3,3,2,2
"1954","DO06JO",1,26,2,4,3,2,2
"1955","DO06JO",1,5,2,3,3,2,2
"1956","DO06JO",1,48,3,5,4,2,2
"1957","DO06JO",1,27,3,3,3,2,2
"1958","DO06JO",1,62,4,6,5,2,1
"1959","DO06JO",1,41,3,3,3,2,2
"1960","DO06JO",1,20,2,3,3,2,2
"1961","DO06JO",1,63,2,3,3,2,2
"1962","DO06JO",1,42,2,3,2,2,2
"1963","DO06JO",1,21,3,5,4,2,2
"1964","DO06JO",1,64,2,2,3,2,2
"1965","DO06JO",1,71,2,3,3,2,2
"1966","DO06JO",1,43,2,3,3,2,2
"1967","DO06JO",1,22,3,4,4,2,2
"1968","DO06JO",1,1,NA,NA,NA,NA,NA
"1969","DO06JO",1,65,4,5,5,2,2
"1970","DO06JO",1,72,3,3,3,2,2
"1971","DO06JO",1,44,4,5,5,2,2
"1972","DO06JO",1,23,2,3,3,2,2
"1973","DO06JO",1,2,3,5,3,2,1
"1974","DO06JO",1,66,3,4,3,2,2
"1975","DO06JO",1,73,3,3,3,2,2
"1976","DO06JO",1,45,2,3,3,2,2
"1977","DO06JO",1,24,2,3,3,2,1
"1978","DO06JO",1,3,2,3,3,2,2
"1979","DO06JO",1,74,3,5,4,2,1
"1980","DO06JO",1,46,3,3,3,2,2
"1981","DO06JO",1,25,3,2,3,2,2
"1982","DO06JO",1,4,3,4,3,2,1
"1983","DO06JO",1,47,3,5,4,2,2
"1984","DO06JO",1,NA,NA,NA,NA,NA,NA
"1985","DO06JO",1,19,4,4,3,2,1
"1986","DO06JO",1,18,3,4,4,2,2
"1987","DO06JO",1,61,4,5,5,2,2
"1988","DO06JO",1,40,2,3,3,2,2
"1989","DO18AR",9,19,5,6,5,2,1
"1990","DO18AR",9,6,6,6,6,1,1
"1991","DO18AR",9,62,2,3,4,2,2
"1992","DO18AR",9,42,5,5,5,2,1
"1993","DO18AR",9,40,6,6,6,1,1
"1994","DO18AR",9,49,3,4,5,2,2
"1995","DO18AR",9,63,2,3,4,2,2
"1996","DO18AR",9,20,4,5,5,2,2
"1997","DO18AR",9,32,6,6,6,1,2
"1998","DO18AR",9,14,4,4,5,2,2
"1999","DO18AR",9,57,5,6,5,1,1
"2000","DO18AR",9,41,5,5,4,1,2
"2001","DO18AR",9,64,5,5,6,1,2
"2002","DO18AR",9,5,4,4,5,2,2
"2003","DO18AR",9,48,2,3,4,2,2
"2004","DO18AR",9,21,2,4,4,2,2
"2005","DO18AR",9,56,5,5,5,2,1
"2006","DO18AR",9,35,2,3,4,2,2
"2007","DO18AR",9,46,3,6,5,1,1
"2008","DO18AR",9,25,6,5,6,1,1
"2009","DO18AR",9,4,4,5,5,2,1
"2010","DO18AR",9,26,6,6,6,1,1
"2011","DO18AR",9,23,4,3,4,2,2
"2012","DO18AR",9,11,3,4,5,2,2
"2013","DO18AR",9,27,2,3,4,2,2
"2014","DO18AR",9,33,2,4,4,2,2
"2015","DO18AR",9,28,2,3,4,2,2
"2016","DO18AR",9,71,2,3,4,2,2
"2017","DO18AR",9,43,5,3,5,2,2
"2018","DO18AR",9,22,2,2,4,2,2
"2019","DO18AR",9,74,2,5,5,2,2
"2020","DO18AR",9,61,1,NA,NA,NA,NA
"2021","DO18AR",9,1,2,4,5,2,2
"2022","DO18AR",9,65,3,2,4,2,2
"2023","DO18AR",9,36,2,4,5,2,2
"2024","DO18AR",9,15,6,6,5,1,1
"2025","DO18AR",9,58,2,4,5,2,2
"2026","DO18AR",9,54,5,4,5,1,2
"2027","DO18AR",9,2,3,5,4,2,1
"2028","DO18AR",9,12,2,4,5,2,2
"2029","DO18AR",9,55,2,3,4,2,2
"2030","DO18AR",9,34,5,5,4,1,2
"2031","DO18AR",9,13,4,4,5,2,2
"2032","DO18AR",9,18,5,5,5,1,1
"2033","DO18AR",9,8,2,4,4,2,2
"2034","DO18AR",9,10,4,4,5,2,2
"2035","DO18AR",9,51,4,3,5,2,2
"2036","DO18AR",9,72,6,6,5,1,1
"2037","DO18AR",9,44,4,4,5,2,2
"2038","DO18AR",9,73,4,5,5,2,2
"2039","DO18AR",9,53,6,6,5,1,1
"2040","DO18AR",9,37,2,4,5,2,2
"2041","DO18AR",9,66,5,5,6,2,2
"2042","DO18AR",9,39,2,3,5,2,2
"2043","DO18AR",9,7,2,3,5,2,2
"2044","DO18AR",9,50,3,5,5,2,2
"2045","DO18AR",9,29,2,4,5,2,2
"2046","DO18AR",9,9,NA,NA,NA,NA,NA
"2047","DO18AR",9,47,2,4,5,2,2
"2048","DO18AR",9,NA,NA,NA,NA,NA,NA
"2049","DO18AR",9,30,5,2,4,2,2
"2050","DO18AR",9,16,5,4,5,2,1
"2051","DO18AR",9,59,4,4,4,2,1
"2052","DO18AR",9,45,2,3,4,2,1
"2053","DO18AR",9,24,5,3,4,2,1
"2054","DO18AR",9,3,6,5,6,1,2
"2055","DO18AR",9,60,4,3,5,2,2
"2056","DO18AR",9,52,3,4,5,2,2
"2057","DO18AR",9,31,5,6,6,1,2
"2058","DO18AR",9,17,4,4,5,2,2
"2059","DO18AR",9,38,4,5,5,2,2
"2060","DO18ST",54,12,2,4,4,2,2
"2061","DO18ST",54,55,4,6,5,2,2
"2062","DO18ST",54,54,NA,NA,NA,NA,NA
"2063","DO18ST",54,26,4,5,4,2,1
"2064","DO18ST",54,34,4,6,4,2,2
"2065","DO18ST",54,48,2,3,3,2,2
"2066","DO18ST",54,62,2,4,3,2,2
"2067","DO18ST",54,5,2,3,3,2,2
"2068","DO18ST",54,2,2,NA,NA,NA,NA
"2069","DO18ST",54,33,3,4,4,2,2
"2070","DO18ST",54,31,3,4,3,2,2
"2071","DO18ST",54,23,2,5,3,2,2
"2072","DO18ST",54,53,4,5,5,2,2
"2073","DO18ST",54,19,2,3,3,2,2
"2074","DO18ST",54,11,2,NA,NA,NA,NA
"2075","DO18ST",54,10,2,3,3,2,2
"2076","DO18ST",54,41,2,3,3,2,2
"2077","DO18ST",54,32,4,3,3,2,1
"2078","DO18ST",54,66,3,4,4,2,2
"2079","DO18ST",54,72,4,6,5,2,2
"2080","DO18ST",54,21,2,4,4,2,2
"2081","DO18ST",54,20,2,3,3,2,2
"2082","DO18ST",54,71,2,3,3,2,2
"2083","DO18ST",54,61,2,3,3,2,2
"2084","DO18ST",54,40,4,5,4,2,1
"2085","DO18ST",54,22,2,3,3,2,2
"2086","DO18ST",54,1,2,NA,NA,NA,NA
"2087","DO18ST",54,65,2,3,3,2,1
"2088","DO18ST",54,27,2,3,3,2,2
"2089","DO18ST",54,44,2,3,3,2,2
"2090","DO18ST",54,49,2,NA,NA,NA,NA
"2091","DO18ST",54,28,3,4,4,2,2
"2092","DO18ST",54,63,2,3,3,2,2
"2093","DO18ST",54,73,2,4,3,2,2
"2094","DO18ST",54,64,4,6,6,1,2
"2095","DO18ST",54,8,2,5,4,2,2
"2096","DO18ST",54,51,2,3,3,2,2
"2097","DO18ST",54,43,2,3,3,2,2
"2098","DO18ST",54,35,2,3,3,2,2
"2099","DO18ST",54,14,3,4,4,2,1
"2100","DO18ST",54,57,4,6,5,1,2
"2101","DO18ST",54,36,2,3,3,2,2
"2102","DO18ST",54,6,4,5,4,2,1
"2103","DO18ST",54,15,2,3,3,2,2
"2104","DO18ST",54,58,2,4,4,2,2
"2105","DO18ST",54,37,2,3,3,2,2
"2106","DO18ST",54,42,4,NA,NA,NA,NA
"2107","DO18ST",54,45,2,NA,NA,NA,NA
"2108","DO18ST",54,60,2,3,3,2,2
"2109","DO18ST",54,13,4,4,3,2,2
"2110","DO18ST",54,56,2,NA,NA,NA,NA
"2111","DO18ST",54,30,4,6,4,2,1
"2112","DO18ST",54,9,4,6,5,2,1
"2113","DO18ST",54,52,2,3,3,2,2
"2114","DO18ST",54,46,2,4,3,2,2
"2115","DO18ST",54,25,4,4,4,2,2
"2116","DO18ST",54,29,2,4,3,2,2
"2117","DO18ST",54,4,2,4,3,2,2
"2118","DO18ST",54,39,2,3,3,2,2
"2119","DO18ST",54,16,2,3,3,2,2
"2120","DO18ST",54,24,4,6,5,2,1
"2121","DO18ST",54,7,2,3,3,2,2
"2122","DO18ST",54,74,2,3,3,2,2
"2123","DO18ST",54,18,2,3,3,2,2
"2124","DO18ST",54,47,3,4,4,2,2
"2125","DO18ST",54,3,4,5,4,2,2
"2126","DO18ST",54,17,3,4,3,2,1
"2127","DO18ST",54,50,2,3,3,2,2
"2128","DO18ST",54,38,2,3,3,2,2
"2129","DO18ST",54,NA,NA,NA,NA,NA,NA
"2130","DO18ST",54,59,4,6,4,2,1
"2131","EL05OL",18,24,3,3,4,2,2
"2132","EL05OL",18,40,3,4,4,2,2
"2133","EL05OL",18,19,4,6,5,1,1
"2134","EL05OL",18,46,3,5,4,2,2
"2135","EL05OL",18,45,2,2,3,2,2
"2136","EL05OL",18,28,2,2,3,2,2
"2137","EL05OL",18,3,4,4,5,2,2
"2138","EL05OL",18,18,NA,NA,NA,NA,NA
"2139","EL05OL",18,29,2,3,3,2,2
"2140","EL05OL",18,61,2,3,3,2,2
"2141","EL05OL",18,65,3,4,4,2,2
"2142","EL05OL",18,74,3,3,3,2,2
"2143","EL05OL",18,22,2,2,3,2,2
"2144","EL05OL",18,49,2,2,3,2,2
"2145","EL05OL",18,66,3,5,4,2,2
"2146","EL05OL",18,44,2,2,3,2,2
"2147","EL05OL",18,23,2,3,3,2,2
"2148","EL05OL",18,54,2,2,3,2,2
"2149","EL05OL",18,8,2,3,3,2,2
"2150","EL05OL",18,73,3,5,4,2,2
"2151","EL05OL",18,11,2,2,3,2,2
"2152","EL05OL",18,4,3,3,4,2,2
"2153","EL05OL",18,30,4,4,4,2,2
"2154","EL05OL",18,26,4,4,4,2,2
"2155","EL05OL",18,5,2,3,3,2,2
"2156","EL05OL",18,62,3,3,3,2,2
"2157","EL05OL",18,2,2,3,3,2,2
"2158","EL05OL",18,20,3,4,4,2,2
"2159","EL05OL",18,63,2,3,3,2,2
"2160","EL05OL",18,7,2,3,3,2,2
"2161","EL05OL",18,50,2,3,3,2,2
"2162","EL05OL",18,33,2,2,3,2,2
"2163","EL05OL",18,25,4,4,4,2,2
"2164","EL05OL",18,43,3,3,3,2,2
"2165","EL05OL",18,60,4,4,4,2,2
"2166","EL05OL",18,39,2,2,3,2,2
"2167","EL05OL",18,9,4,5,5,2,2
"2168","EL05OL",18,52,2,3,3,2,2
"2169","EL05OL",18,72,4,5,5,2,2
"2170","EL05OL",18,41,5,5,5,2,1
"2171","EL05OL",18,10,2,2,3,2,2
"2172","EL05OL",18,53,6,6,5,1,2
"2173","EL05OL",18,32,3,3,3,2,2
"2174","EL05OL",18,42,6,6,6,1,1
"2175","EL05OL",18,64,3,2,3,2,2
"2176","EL05OL",18,71,2,2,3,2,2
"2177","EL05OL",18,59,2,3,3,2,2
"2178","EL05OL",18,17,2,3,3,2,2
"2179","EL05OL",18,51,4,5,5,2,2
"2180","EL05OL",18,27,3,3,4,2,2
"2181","EL05OL",18,47,2,2,3,2,2
"2182","EL05OL",18,1,2,3,3,2,2
"2183","EL05OL",18,31,3,3,4,2,2
"2184","EL05OL",18,21,2,2,3,2,2
"2185","EL05OL",18,6,3,4,3,2,2
"2186","EL05OL",18,14,6,6,5,1,2
"2187","EL05OL",18,57,2,2,3,2,2
"2188","EL05OL",18,12,2,2,3,2,2
"2189","EL05OL",18,36,3,3,3,2,2
"2190","EL05OL",18,58,2,2,3,2,2
"2191","EL05OL",18,38,3,3,4,2,2
"2192","EL05OL",18,48,2,3,4,2,2
"2193","EL05OL",18,56,2,2,3,2,2
"2194","EL05OL",18,35,2,2,3,2,2
"2195","EL05OL",18,NA,NA,NA,NA,NA,NA
"2196","EL05OL",18,37,2,3,3,2,2
"2197","EL05OL",18,16,4,6,5,1,1
"2198","EL05OL",18,34,2,2,3,2,2
"2199","EL05OL",18,13,6,6,5,1,2
"2200","EL05OL",18,55,3,2,3,2,2
"2201","EL05OL",18,15,4,4,5,2,2
"2202","FE02BE",24,34,6,6,6,1,1
"2203","FE02BE",24,12,2,4,4,2,2
"2204","FE02BE",24,59,6,6,6,1,1
"2205","FE02BE",24,51,3,3,4,2,1
"2206","FE02BE",24,55,4,5,5,2,2
"2207","FE02BE",24,16,5,4,4,2,1
"2208","FE02BE",24,44,2,3,3,2,2
"2209","FE02BE",24,53,5,5,5,2,2
"2210","FE02BE",24,9,5,5,5,2,2
"2211","FE02BE",24,52,2,4,4,2,2
"2212","FE02BE",24,66,4,5,4,2,2
"2213","FE02BE",24,73,3,3,3,2,1
"2214","FE02BE",24,45,2,4,4,2,2
"2215","FE02BE",24,24,NA,NA,NA,NA,NA
"2216","FE02BE",24,29,3,3,4,2,2
"2217","FE02BE",24,8,2,4,4,2,2
"2218","FE02BE",24,20,4,4,4,2,2
"2219","FE02BE",24,74,2,3,3,2,2
"2220","FE02BE",24,13,4,4,4,2,1
"2221","FE02BE",24,72,5,5,5,2,2
"2222","FE02BE",24,31,3,4,4,2,1
"2223","FE02BE",24,23,3,3,4,2,2
"2224","FE02BE",24,2,3,3,4,2,2
"2225","FE02BE",24,57,6,6,6,1,2
"2226","FE02BE",24,58,4,4,4,2,2
"2227","FE02BE",24,37,2,4,4,2,2
"2228","FE02BE",24,50,2,3,4,2,2
"2229","FE02BE",24,54,5,5,5,2,2
"2230","FE02BE",24,3,4,3,3,2,2
"2231","FE02BE",24,33,2,4,4,2,2
"2232","FE02BE",24,30,6,6,6,1,1
"2233","FE02BE",24,71,1,NA,NA,NA,NA
"2234","FE02BE",24,43,3,4,4,2,2
"2235","FE02BE",24,22,2,3,4,2,2
"2236","FE02BE",24,1,2,3,4,2,2
"2237","FE02BE",24,10,2,2,3,2,2
"2238","FE02BE",24,6,5,4,4,2,1
"2239","FE02BE",24,36,4,5,4,2,2
"2240","FE02BE",24,7,3,2,4,2,2
"2241","FE02BE",24,11,2,3,3,2,2
"2242","FE02BE",24,62,2,4,4,2,2
"2243","FE02BE",24,41,5,5,5,2,2
"2244","FE02BE",24,56,2,4,4,2,2
"2245","FE02BE",24,63,2,4,4,2,2
"2246","FE02BE",24,42,5,5,5,2,1
"2247","FE02BE",24,46,3,5,4,2,2
"2248","FE02BE",24,NA,NA,NA,NA,NA,NA
"2249","FE02BE",24,35,2,4,4,2,2
"2250","FE02BE",24,14,3,3,4,2,1
"2251","FE02BE",24,65,2,4,4,2,2
"2252","FE02BE",24,40,4,4,4,2,1
"2253","FE02BE",24,32,5,4,4,2,2
"2254","FE02BE",24,28,4,4,4,2,2
"2255","FE02BE",24,19,5,4,4,2,1
"2256","FE02BE",24,21,4,4,4,2,2
"2257","FE02BE",24,64,5,5,5,2,2
"2258","FE02BE",24,25,5,4,4,2,1
"2259","FE02BE",24,4,4,4,4,2,2
"2260","FE02BE",24,47,2,3,4,2,2
"2261","FE02BE",24,18,5,4,4,2,2
"2262","FE02BE",24,15,4,4,4,2,2
"2263","FE02BE",24,5,2,4,4,2,2
"2264","FE02BE",24,49,3,4,4,2,2
"2265","FE02BE",24,61,3,4,4,2,2
"2266","FE02BE",24,26,5,5,5,2,1
"2267","FE02BE",24,48,2,3,3,2,2
"2268","FE02BE",24,27,4,4,4,2,2
"2269","FE02BE",24,39,2,3,4,2,2
"2270","FE02BE",24,38,3,5,4,2,2
"2271","FE02BE",24,17,2,4,4,2,2
"2272","FE02BE",24,60,2,3,4,2,2
"2273","FR09FR",59,73,3,4,4,2,2
"2274","FR09FR",59,66,2,4,4,2,2
"2275","FR09FR",59,45,4,6,5,2,2
"2276","FR09FR",59,24,4,6,5,2,2
"2277","FR09FR",59,3,3,5,4,2,2
"2278","FR09FR",59,74,2,3,3,2,2
"2279","FR09FR",59,46,2,4,4,2,2
"2280","FR09FR",59,48,2,3,4,2,2
"2281","FR09FR",59,10,2,4,4,2,2
"2282","FR09FR",59,2,2,4,4,2,1
"2283","FR09FR",59,72,4,6,5,2,2
"2284","FR09FR",59,44,2,3,4,2,2
"2285","FR09FR",59,57,4,6,5,2,2
"2286","FR09FR",59,53,3,6,5,2,2
"2287","FR09FR",59,32,2,5,4,2,2
"2288","FR09FR",59,11,2,2,3,2,2
"2289","FR09FR",59,54,4,6,5,2,2
"2290","FR09FR",59,33,2,3,3,2,2
"2291","FR09FR",59,26,3,5,4,2,2
"2292","FR09FR",59,5,2,3,3,2,2
"2293","FR09FR",59,47,2,2,3,2,2
"2294","FR09FR",59,NA,NA,NA,NA,NA,NA
"2295","FR09FR",59,23,3,3,3,2,2
"2296","FR09FR",59,35,2,2,3,2,2
"2297","FR09FR",59,14,3,3,3,2,2
"2298","FR09FR",59,49,3,2,4,2,2
"2299","FR09FR",59,36,2,4,4,2,2
"2300","FR09FR",59,15,2,3,4,2,2
"2301","FR09FR",59,58,3,4,4,2,2
"2302","FR09FR",59,37,2,3,3,2,2
"2303","FR09FR",59,16,2,4,4,2,2
"2304","FR09FR",59,25,2,4,4,2,2
"2305","FR09FR",59,4,3,4,4,2,2
"2306","FR09FR",59,17,2,4,4,2,2
"2307","FR09FR",59,60,2,3,3,2,2
"2308","FR09FR",59,39,2,2,3,2,2
"2309","FR09FR",59,27,3,3,3,2,2
"2310","FR09FR",59,6,3,5,4,2,2
"2311","FR09FR",59,19,2,5,4,2,2
"2312","FR09FR",59,28,2,4,4,2,2
"2313","FR09FR",59,7,2,2,3,2,2
"2314","FR09FR",59,50,3,4,4,2,2
"2315","FR09FR",59,29,2,2,3,2,2
"2316","FR09FR",59,8,2,4,4,2,2
"2317","FR09FR",59,59,NA,NA,NA,NA,NA
"2318","FR09FR",59,38,2,4,4,2,2
"2319","FR09FR",59,9,4,6,5,2,2
"2320","FR09FR",59,52,2,4,4,2,2
"2321","FR09FR",59,31,4,6,5,2,2
"2322","FR09FR",59,1,2,3,3,2,2
"2323","FR09FR",59,65,2,3,4,2,2
"2324","FR09FR",59,63,3,4,4,2,2
"2325","FR09FR",59,62,2,4,4,2,2
"2326","FR09FR",59,41,2,4,4,2,2
"2327","FR09FR",59,20,3,4,4,2,2
"2328","FR09FR",59,55,2,3,3,2,2
"2329","FR09FR",59,42,2,4,4,2,2
"2330","FR09FR",59,21,2,3,3,2,2
"2331","FR09FR",59,12,3,3,3,2,2
"2332","FR09FR",59,18,2,4,4,2,2
"2333","FR09FR",59,34,4,6,6,1,2
"2334","FR09FR",59,13,3,4,4,2,2
"2335","FR09FR",59,56,2,4,4,2,2
"2336","FR09FR",59,40,3,6,5,2,2
"2337","FR09FR",59,30,4,5,4,2,2
"2338","FR09FR",59,71,3,4,4,2,2
"2339","FR09FR",59,61,3,4,4,2,2
"2340","FR09FR",59,51,2,4,4,2,2
"2341","FR09FR",59,43,2,2,3,2,2
"2342","FR09FR",59,22,3,3,3,2,2
"2343","FR09FR",59,64,3,5,4,2,2
"2344","GA24CH",32,20,4,5,5,2,1
"2345","GA24CH",32,41,5,6,5,2,2
"2346","GA24CH",32,54,4,4,4,2,2
"2347","GA24CH",32,62,4,3,3,2,2
"2348","GA24CH",32,12,2,3,3,2,2
"2349","GA24CH",32,56,2,1,2,2,1
"2350","GA24CH",32,21,2,3,3,2,2
"2351","GA24CH",32,73,4,5,5,2,1
"2352","GA24CH",32,4,3,5,4,2,2
"2353","GA24CH",32,42,5,6,6,1,1
"2354","GA24CH",32,60,3,3,3,2,2
"2355","GA24CH",32,55,2,5,3,2,1
"2356","GA24CH",32,71,2,3,3,2,2
"2357","GA24CH",32,25,6,6,6,1,1
"2358","GA24CH",32,40,4,4,5,2,1
"2359","GA24CH",32,26,6,6,6,1,1
"2360","GA24CH",32,47,2,1,1,2,2
"2361","GA24CH",32,NA,NA,NA,NA,NA,NA
"2362","GA24CH",32,63,2,3,3,2,2
"2363","GA24CH",32,7,4,1,1,2,2
"2364","GA24CH",32,19,4,6,5,2,1
"2365","GA24CH",32,49,3,1,2,2,2
"2366","GA24CH",32,29,2,4,3,2,2
"2367","GA24CH",32,8,2,4,4,2,2
"2368","GA24CH",32,43,3,2,4,2,2
"2369","GA24CH",32,22,2,3,3,2,2
"2370","GA24CH",32,61,2,3,3,2,2
"2371","GA24CH",32,23,4,2,2,2,1
"2372","GA24CH",32,2,2,1,1,2,1
"2373","GA24CH",32,66,4,5,5,2,1
"2374","GA24CH",32,48,2,3,3,2,2
"2375","GA24CH",32,27,2,3,3,2,2
"2376","GA24CH",32,28,2,4,4,2,2
"2377","GA24CH",32,50,2,2,3,2,2
"2378","GA24CH",32,64,3,4,4,2,2
"2379","GA24CH",32,46,4,5,5,2,2
"2380","GA24CH",32,11,4,4,5,2,2
"2381","GA24CH",32,59,3,6,5,2,1
"2382","GA24CH",32,33,2,1,1,2,2
"2383","GA24CH",32,34,4,5,3,2,1
"2384","GA24CH",32,13,6,6,6,2,1
"2385","GA24CH",32,44,2,1,1,2,2
"2386","GA24CH",32,35,2,3,3,2,2
"2387","GA24CH",32,52,2,4,4,2,2
"2388","GA24CH",32,45,2,4,3,2,1
"2389","GA24CH",32,24,4,5,3,2,1
"2390","GA24CH",32,53,4,5,5,2,1
"2391","GA24CH",32,58,2,5,3,2,1
"2392","GA24CH",32,38,3,3,3,2,2
"2393","GA24CH",32,17,2,2,2,2,2
"2394","GA24CH",32,32,NA,NA,NA,NA,NA
"2395","GA24CH",32,39,2,3,3,2,2
"2396","GA24CH",32,18,3,4,4,2,1
"2397","GA24CH",32,72,5,6,6,1,1
"2398","GA24CH",32,31,5,6,6,2,1
"2399","GA24CH",32,65,4,4,4,2,2
"2400","GA24CH",32,5,2,3,3,2,2
"2401","GA24CH",32,14,5,5,5,2,1
"2402","GA24CH",32,74,3,4,3,2,2
"2403","GA24CH",32,6,6,6,6,1,1
"2404","GA24CH",32,36,4,5,5,2,2
"2405","GA24CH",32,3,4,2,5,2,2
"2406","GA24CH",32,37,3,4,3,2,2
"2407","GA24CH",32,57,3,6,5,2,1
"2408","GA24CH",32,51,4,4,5,2,1
"2409","GA24CH",32,30,4,6,5,2,1
"2410","GA24CH",32,16,4,5,5,2,1
"2411","GA24CH",32,1,2,3,3,2,2
"2412","GA24CH",32,9,4,4,5,2,1
"2413","GA24CH",32,15,4,5,5,2,1
"2414","GA24CH",32,10,2,3,3,2,2
"2415","GU29MI",46,37,2,4,4,2,2
"2416","GU29MI",46,66,4,6,5,1,2
"2417","GU29MI",46,9,4,6,5,1,2
"2418","GU29MI",46,16,3,5,4,2,1
"2419","GU29MI",46,2,2,4,4,2,2
"2420","GU29MI",46,58,2,5,3,2,2
"2421","GU29MI",46,42,3,5,4,2,1
"2422","GU29MI",46,35,2,3,3,2,2
"2423","GU29MI",46,71,2,4,4,2,2
"2424","GU29MI",46,23,3,4,4,2,2
"2425","GU29MI",46,30,3,5,4,2,2
"2426","GU29MI",46,45,2,4,4,2,2
"2427","GU29MI",46,NA,NA,NA,NA,NA,NA
"2428","GU29MI",46,52,2,4,4,2,2
"2429","GU29MI",46,73,4,5,5,1,2
"2430","GU29MI",46,7,4,4,4,2,2
"2431","GU29MI",46,21,4,5,4,2,2
"2432","GU29MI",46,64,3,5,4,2,2
"2433","GU29MI",46,1,3,4,4,2,2
"2434","GU29MI",46,65,3,4,4,2,2
"2435","GU29MI",46,61,3,4,4,2,2
"2436","GU29MI",46,40,4,6,5,1,2
"2437","GU29MI",46,14,4,5,5,1,1
"2438","GU29MI",46,57,3,6,5,2,2
"2439","GU29MI",46,15,3,5,3,2,2
"2440","GU29MI",46,48,2,4,3,2,2
"2441","GU29MI",46,27,4,4,5,1,2
"2442","GU29MI",46,49,3,5,4,2,2
"2443","GU29MI",46,74,2,4,4,2,2
"2444","GU29MI",46,72,4,6,5,1,2
"2445","GU29MI",46,44,3,5,4,2,2
"2446","GU29MI",46,17,2,4,3,2,2
"2447","GU29MI",46,34,3,5,3,2,2
"2448","GU29MI",46,51,4,5,5,1,1
"2449","GU29MI",46,13,4,6,5,2,1
"2450","GU29MI",46,19,3,5,4,2,1
"2451","GU29MI",46,20,4,6,6,1,2
"2452","GU29MI",46,63,3,3,3,2,2
"2453","GU29MI",46,10,3,3,3,2,2
"2454","GU29MI",46,24,3,5,3,2,1
"2455","GU29MI",46,6,4,6,5,1,2
"2456","GU29MI",46,3,4,6,5,1,2
"2457","GU29MI",46,33,2,4,3,2,2
"2458","GU29MI",46,22,3,4,4,2,2
"2459","GU29MI",46,29,2,5,4,2,2
"2460","GU29MI",46,8,2,5,4,2,2
"2461","GU29MI",46,25,4,6,5,1,1
"2462","GU29MI",46,60,3,4,4,2,2
"2463","GU29MI",46,56,3,5,4,2,2
"2464","GU29MI",46,18,3,4,4,2,2
"2465","GU29MI",46,31,4,6,5,1,1
"2466","GU29MI",46,36,3,5,4,2,2
"2467","GU29MI",46,26,4,6,5,1,2
"2468","GU29MI",46,5,4,4,4,2,2
"2469","GU29MI",46,55,2,5,3,2,2
"2470","GU29MI",46,11,4,5,5,1,1
"2471","GU29MI",46,43,3,3,4,2,2
"2472","GU29MI",46,12,4,5,4,2,2
"2473","GU29MI",46,47,3,4,4,2,2
"2474","GU29MI",46,46,NA,NA,NA,NA,NA
"2475","GU29MI",46,41,3,5,4,2,2
"2476","GU29MI",46,39,2,3,3,2,2
"2477","GU29MI",46,38,4,5,5,2,2
"2478","GU29MI",46,62,4,5,4,2,2
"2479","GU29MI",46,53,4,6,5,1,2
"2480","GU29MI",46,54,3,4,4,2,2
"2481","GU29MI",46,4,2,4,3,2,2
"2482","GU29MI",46,28,3,4,3,2,2
"2483","GU29MI",46,59,3,5,4,2,2
"2484","GU29MI",46,32,4,6,4,2,2
"2485","GU29MI",46,50,4,5,4,2,2
"2486","HA10AN",48,39,2,3,3,2,2
"2487","HA10AN",48,26,2,4,3,2,2
"2488","HA10AN",48,63,2,4,4,2,1
"2489","HA10AN",48,41,3,4,3,2,2
"2490","HA10AN",48,60,2,4,3,2,2
"2491","HA10AN",48,59,2,5,4,2,2
"2492","HA10AN",48,38,3,4,4,2,2
"2493","HA10AN",48,42,3,4,4,2,1
"2494","HA10AN",48,37,2,3,3,2,2
"2495","HA10AN",48,20,3,4,4,2,2
"2496","HA10AN",48,53,2,4,3,2,2
"2497","HA10AN",48,33,3,5,4,2,2
"2498","HA10AN",48,5,3,4,4,2,2
"2499","HA10AN",48,48,NA,NA,NA,NA,NA
"2500","HA10AN",48,54,2,3,3,2,2
"2501","HA10AN",48,61,3,4,4,2,2
"2502","HA10AN",48,27,3,4,4,2,2
"2503","HA10AN",48,6,2,4,4,2,1
"2504","HA10AN",48,4,2,4,3,2,2
"2505","HA10AN",48,47,3,4,4,2,2
"2506","HA10AN",48,NA,NA,NA,NA,NA,NA
"2507","HA10AN",48,36,3,4,3,2,2
"2508","HA10AN",48,16,3,4,4,2,1
"2509","HA10AN",48,58,3,5,4,2,2
"2510","HA10AN",48,43,2,4,3,2,2
"2511","HA10AN",48,17,2,4,4,2,2
"2512","HA10AN",48,12,2,3,3,2,2
"2513","HA10AN",48,18,3,3,3,2,2
"2514","HA10AN",48,65,3,4,4,2,1
"2515","HA10AN",48,9,2,4,3,2,2
"2516","HA10AN",48,31,2,4,4,2,1
"2517","HA10AN",48,19,2,4,3,2,1
"2518","HA10AN",48,49,4,5,4,2,1
"2519","HA10AN",48,28,3,4,3,2,2
"2520","HA10AN",48,7,3,4,4,2,1
"2521","HA10AN",48,11,2,4,3,2,2
"2522","HA10AN",48,21,4,5,4,2,2
"2523","HA10AN",48,66,2,4,3,2,1
"2524","HA10AN",48,73,2,4,4,2,1
"2525","HA10AN",48,71,2,3,3,2,2
"2526","HA10AN",48,55,2,4,3,2,2
"2527","HA10AN",48,34,2,4,3,2,2
"2528","HA10AN",48,74,4,4,4,2,2
"2529","HA10AN",48,40,4,4,3,2,1
"2530","HA10AN",48,13,2,3,3,2,2
"2531","HA10AN",48,10,3,4,3,2,2
"2532","HA10AN",48,72,2,4,3,2,2
"2533","HA10AN",48,44,4,4,4,2,2
"2534","HA10AN",48,15,3,5,4,2,1
"2535","HA10AN",48,2,3,4,4,2,1
"2536","HA10AN",48,50,3,5,4,2,1
"2537","HA10AN",48,64,2,4,3,2,2
"2538","HA10AN",48,52,2,4,3,2,2
"2539","HA10AN",48,22,4,5,4,2,2
"2540","HA10AN",48,1,3,4,4,2,2
"2541","HA10AN",48,51,3,4,3,2,1
"2542","HA10AN",48,14,3,4,3,2,2
"2543","HA10AN",48,57,3,5,5,2,1
"2544","HA10AN",48,56,4,5,4,2,1
"2545","HA10AN",48,35,2,3,3,2,2
"2546","HA10AN",48,3,2,4,3,2,1
"2547","HA10AN",48,30,2,3,3,2,2
"2548","HA10AN",48,23,2,4,3,2,2
"2549","HA10AN",48,32,2,3,3,2,2
"2550","HA10AN",48,62,3,4,4,2,1
"2551","HA10AN",48,8,2,5,4,2,1
"2552","HA10AN",48,45,4,5,4,2,2
"2553","HA10AN",48,24,2,3,3,2,2
"2554","HA10AN",48,29,4,4,4,2,2
"2555","HA10AN",48,25,2,4,3,2,1
"2556","HA10AN",48,46,2,4,4,2,2
"2557","HE23RO",35,32,2,1,2,2,2
"2558","HE23RO",35,48,2,4,3,2,1
"2559","HE23RO",35,NA,NA,NA,NA,NA,NA
"2560","HE23RO",35,11,2,2,3,2,2
"2561","HE23RO",35,31,2,2,2,2,2
"2562","HE23RO",35,53,2,4,3,2,1
"2563","HE23RO",35,55,2,6,2,2,1
"2564","HE23RO",35,54,2,1,1,2,2
"2565","HE23RO",35,13,2,2,3,2,1
"2566","HE23RO",35,47,4,2,3,2,1
"2567","HE23RO",35,35,NA,NA,NA,NA,NA
"2568","HE23RO",35,14,2,3,2,2,2
"2569","HE23RO",35,19,3,3,2,2,2
"2570","HE23RO",35,2,2,1,3,2,2
"2571","HE23RO",35,36,2,4,3,2,1
"2572","HE23RO",35,15,2,5,2,2,1
"2573","HE23RO",35,58,3,4,3,2,1
"2574","HE23RO",35,62,2,5,3,2,1
"2575","HE23RO",35,12,2,5,3,2,1
"2576","HE23RO",35,38,2,5,3,2,1
"2577","HE23RO",35,4,3,1,3,2,2
"2578","HE23RO",35,25,2,3,3,2,2
"2579","HE23RO",35,57,2,1,2,2,2
"2580","HE23RO",35,56,3,5,5,2,1
"2581","HE23RO",35,10,2,4,3,2,2
"2582","HE23RO",35,52,2,4,3,2,1
"2583","HE23RO",35,72,2,5,3,2,1
"2584","HE23RO",35,41,2,2,3,2,2
"2585","HE23RO",35,27,2,1,3,2,2
"2586","HE23RO",35,6,2,4,3,2,1
"2587","HE23RO",35,33,2,6,3,2,1
"2588","HE23RO",35,59,2,4,3,2,1
"2589","HE23RO",35,29,3,5,4,2,1
"2590","HE23RO",35,17,2,3,3,2,1
"2591","HE23RO",35,3,2,5,3,2,1
"2592","HE23RO",35,46,2,2,2,2,2
"2593","HE23RO",35,30,2,2,3,2,1
"2594","HE23RO",35,39,2,5,3,2,1
"2595","HE23RO",35,61,2,5,3,2,1
"2596","HE23RO",35,26,2,3,2,2,2
"2597","HE23RO",35,44,2,1,2,2,2
"2598","HE23RO",35,23,2,2,3,2,2
"2599","HE23RO",35,65,3,5,3,2,1
"2600","HE23RO",35,66,2,5,3,2,1
"2601","HE23RO",35,73,2,2,3,2,2
"2602","HE23RO",35,45,3,5,4,2,1
"2603","HE23RO",35,24,2,1,3,2,2
"2604","HE23RO",35,50,2,6,3,2,1
"2605","HE23RO",35,60,2,2,2,2,2
"2606","HE23RO",35,51,3,4,3,2,1
"2607","HE23RO",35,71,2,2,3,2,2
"2608","HE23RO",35,9,2,4,3,2,1
"2609","HE23RO",35,43,2,2,3,2,2
"2610","HE23RO",35,5,2,5,2,2,1
"2611","HE23RO",35,1,3,5,4,2,1
"2612","HE23RO",35,7,3,3,4,2,1
"2613","HE23RO",35,63,2,4,3,2,2
"2614","HE23RO",35,37,2,2,3,2,2
"2615","HE23RO",35,16,2,3,2,2,1
"2616","HE23RO",35,64,2,6,3,2,2
"2617","HE23RO",35,20,2,2,2,2,2
"2618","HE23RO",35,34,2,4,2,2,1
"2619","HE23RO",35,74,2,4,4,2,1
"2620","HE23RO",35,28,3,2,4,2,1
"2621","HE23RO",35,21,2,1,2,2,2
"2622","HE23RO",35,18,2,3,3,2,2
"2623","HE23RO",35,22,3,5,2,2,1
"2624","HE23RO",35,8,3,5,3,2,1
"2625","HE23RO",35,49,3,5,3,2,1
"2626","HE23RO",35,40,2,3,2,2,2
"2627","HE23RO",35,42,2,1,1,2,2
"2628","IL21IN",66,48,2,5,5,2,2
"2629","IL21IN",66,5,3,4,4,2,2
"2630","IL21IN",66,31,6,6,6,1,1
"2631","IL21IN",66,10,2,4,4,2,2
"2632","IL21IN",66,53,6,6,6,1,1
"2633","IL21IN",66,27,3,4,5,2,2
"2634","IL21IN",66,6,6,6,5,1,1
"2635","IL21IN",66,51,5,5,6,1,2
"2636","IL21IN",66,30,4,6,5,2,2
"2637","IL21IN",66,9,5,6,6,1,1
"2638","IL21IN",66,52,2,6,4,2,2
"2639","IL21IN",66,26,6,6,6,1,1
"2640","IL21IN",66,18,3,5,5,2,2
"2641","IL21IN",66,61,2,4,4,2,2
"2642","IL21IN",66,65,4,5,4,2,1
"2643","IL21IN",66,32,6,6,5,1,1
"2644","IL21IN",66,49,3,5,5,2,2
"2645","IL21IN",66,28,6,5,6,1,2
"2646","IL21IN",66,7,3,5,5,2,2
"2647","IL21IN",66,50,2,5,4,2,2
"2648","IL21IN",66,29,2,5,4,2,2
"2649","IL21IN",66,8,2,6,4,2,1
"2650","IL21IN",66,64,3,6,6,2,2
"2651","IL21IN",66,71,2,4,4,2,2
"2652","IL21IN",66,43,2,4,4,2,2
"2653","IL21IN",66,22,3,5,4,2,2
"2654","IL21IN",66,1,2,4,4,2,2
"2655","IL21IN",66,14,6,6,6,1,1
"2656","IL21IN",66,57,4,6,6,2,2
"2657","IL21IN",66,36,6,6,6,1,1
"2658","IL21IN",66,15,4,4,4,2,2
"2659","IL21IN",66,58,2,4,4,2,2
"2660","IL21IN",66,37,4,5,5,2,2
"2661","IL21IN",66,16,6,6,6,1,1
"2662","IL21IN",66,59,2,4,4,2,2
"2663","IL21IN",66,38,4,6,5,2,1
"2664","IL21IN",66,17,2,4,4,2,2
"2665","IL21IN",66,60,3,4,5,2,2
"2666","IL21IN",66,39,2,5,4,2,2
"2667","IL21IN",66,56,2,5,4,2,2
"2668","IL21IN",66,35,2,3,4,2,2
"2669","IL21IN",66,40,3,5,5,2,2
"2670","IL21IN",66,19,4,6,5,2,1
"2671","IL21IN",66,62,3,5,5,2,2
"2672","IL21IN",66,41,4,5,5,2,2
"2673","IL21IN",66,20,6,6,6,1,2
"2674","IL21IN",66,63,2,4,4,2,2
"2675","IL21IN",66,42,5,6,5,1,1
"2676","IL21IN",66,21,2,5,5,2,2
"2677","IL21IN",66,55,2,3,4,2,2
"2678","IL21IN",66,34,4,5,5,2,1
"2679","IL21IN",66,13,5,5,5,2,1
"2680","IL21IN",66,45,2,4,4,2,2
"2681","IL21IN",66,24,3,6,5,2,1
"2682","IL21IN",66,74,2,4,4,2,2
"2683","IL21IN",66,46,6,6,6,1,1
"2684","IL21IN",66,25,6,5,5,1,1
"2685","IL21IN",66,4,3,3,4,2,2
"2686","IL21IN",66,11,6,6,6,1,1
"2687","IL21IN",66,54,3,5,5,2,1
"2688","IL21IN",66,33,3,5,4,2,2
"2689","IL21IN",66,12,3,5,5,2,2
"2690","IL21IN",66,2,2,5,5,2,1
"2691","IL21IN",66,66,NA,NA,NA,NA,NA
"2692","IL21IN",66,73,5,6,6,1,1
"2693","IL21IN",66,44,3,5,5,2,1
"2694","IL21IN",66,23,4,4,5,2,2
"2695","IL21IN",66,3,3,5,5,2,2
"2696","IL21IN",66,NA,NA,NA,NA,NA,NA
"2697","IL21IN",66,72,6,6,6,1,1
"2698","IL21IN",66,47,2,4,4,2,2
"2699","IN04PE",29,40,2,4,4,2,2
"2700","IN04PE",29,31,2,3,4,2,2
"2701","IN04PE",29,57,3,5,5,2,1
"2702","IN04PE",29,61,3,5,4,2,1
"2703","IN04PE",29,33,2,4,4,2,2
"2704","IN04PE",29,11,4,5,5,2,1
"2705","IN04PE",29,12,3,5,4,2,1
"2706","IN04PE",29,58,2,4,4,2,2
"2707","IN04PE",29,34,2,5,4,2,2
"2708","IN04PE",29,50,5,6,5,1,1
"2709","IN04PE",29,29,NA,NA,NA,NA,NA
"2710","IN04PE",29,18,2,4,4,2,1
"2711","IN04PE",29,15,2,4,4,2,1
"2712","IN04PE",29,74,3,5,5,2,2
"2713","IN04PE",29,10,2,3,3,2,2
"2714","IN04PE",29,32,2,3,3,2,1
"2715","IN04PE",29,54,2,4,4,2,2
"2716","IN04PE",29,16,3,5,4,2,1
"2717","IN04PE",29,17,3,2,3,2,2
"2718","IN04PE",29,49,5,6,6,2,1
"2719","IN04PE",29,55,2,4,4,2,2
"2720","IN04PE",29,72,2,2,4,2,2
"2721","IN04PE",29,44,5,6,5,2,1
"2722","IN04PE",29,14,2,2,4,2,2
"2723","IN04PE",29,9,2,2,4,2,2
"2724","IN04PE",29,8,3,5,4,2,1
"2725","IN04PE",29,52,2,4,4,2,2
"2726","IN04PE",29,37,2,4,4,2,2
"2727","IN04PE",29,53,2,5,5,2,1
"2728","IN04PE",29,65,5,5,5,2,1
"2729","IN04PE",29,5,2,4,4,2,2
"2730","IN04PE",29,59,2,4,4,2,2
"2731","IN04PE",29,38,4,5,4,2,1
"2732","IN04PE",29,60,3,4,5,2,2
"2733","IN04PE",29,39,2,4,4,2,2
"2734","IN04PE",29,7,6,6,6,1,1
"2735","IN04PE",29,21,2,4,4,2,2
"2736","IN04PE",29,56,3,4,4,2,1
"2737","IN04PE",29,36,2,5,5,2,2
"2738","IN04PE",29,45,2,4,4,2,2
"2739","IN04PE",29,30,2,4,4,2,2
"2740","IN04PE",29,22,3,4,4,2,2
"2741","IN04PE",29,1,5,6,6,2,2
"2742","IN04PE",29,19,2,2,3,2,2
"2743","IN04PE",29,48,3,4,4,2,2
"2744","IN04PE",29,27,4,5,5,2,2
"2745","IN04PE",29,6,2,5,5,2,1
"2746","IN04PE",29,28,3,4,4,2,2
"2747","IN04PE",29,43,2,4,4,2,1
"2748","IN04PE",29,42,3,4,4,2,2
"2749","IN04PE",29,64,4,6,5,2,2
"2750","IN04PE",29,71,2,4,4,2,1
"2751","IN04PE",29,NA,NA,NA,NA,NA,NA
"2752","IN04PE",29,24,2,3,3,2,2
"2753","IN04PE",29,3,2,4,4,2,1
"2754","IN04PE",29,46,4,5,5,2,1
"2755","IN04PE",29,13,2,4,4,2,2
"2756","IN04PE",29,25,2,4,3,2,1
"2757","IN04PE",29,4,3,5,3,2,1
"2758","IN04PE",29,47,5,5,5,2,1
"2759","IN04PE",29,20,3,4,4,2,1
"2760","IN04PE",29,35,2,4,4,2,1
"2761","IN04PE",29,51,3,3,4,2,1
"2762","IN04PE",29,73,5,5,5,2,1
"2763","IN04PE",29,26,4,5,5,2,1
"2764","IN04PE",29,63,4,4,4,2,2
"2765","IN04PE",29,62,5,6,6,2,1
"2766","IN04PE",29,41,2,4,4,2,2
"2767","IN04PE",29,2,2,5,4,2,1
"2768","IN04PE",29,23,4,3,3,2,1
"2769","IN04PE",29,66,2,5,4,2,1
"2770","IR27UL",19,58,2,4,4,2,2
"2771","IR27UL",19,37,3,4,4,2,2
"2772","IR27UL",19,17,3,5,5,2,1
"2773","IR27UL",19,9,4,5,5,1,2
"2774","IR27UL",19,31,4,6,6,1,1
"2775","IR27UL",19,10,3,5,5,2,2
"2776","IR27UL",19,16,5,6,6,1,1
"2777","IR27UL",19,62,4,5,5,2,2
"2778","IR27UL",19,15,4,6,6,1,1
"2779","IR27UL",19,41,4,5,5,1,1
"2780","IR27UL",19,64,4,5,5,2,2
"2781","IR27UL",19,52,2,5,5,2,2
"2782","IR27UL",19,43,4,5,5,1,1
"2783","IR27UL",19,39,3,4,4,2,2
"2784","IR27UL",19,18,4,6,6,1,1
"2785","IR27UL",19,71,3,4,4,2,2
"2786","IR27UL",19,36,3,4,4,2,2
"2787","IR27UL",19,40,4,5,4,2,1
"2788","IR27UL",19,25,4,6,6,1,1
"2789","IR27UL",19,4,4,6,6,2,1
"2790","IR27UL",19,63,2,4,4,2,1
"2791","IR27UL",19,42,5,6,6,1,1
"2792","IR27UL",19,21,3,5,5,2,2
"2793","IR27UL",19,38,4,4,4,2,2
"2794","IR27UL",19,50,2,4,4,2,2
"2795","IR27UL",19,29,2,4,4,2,2
"2796","IR27UL",19,22,3,5,5,2,2
"2797","IR27UL",19,1,3,4,4,2,1
"2798","IR27UL",19,61,2,3,3,2,1
"2799","IR27UL",19,26,4,6,6,1,1
"2800","IR27UL",19,53,4,6,6,1,1
"2801","IR27UL",19,19,NA,NA,NA,NA,NA
"2802","IR27UL",19,27,2,4,4,2,2
"2803","IR27UL",19,47,3,5,5,2,2
"2804","IR27UL",19,NA,NA,NA,NA,NA,NA
"2805","IR27UL",19,59,2,5,5,2,1
"2806","IR27UL",19,7,3,3,3,2,2
"2807","IR27UL",19,55,3,4,4,2,2
"2808","IR27UL",19,34,4,5,5,2,1
"2809","IR27UL",19,8,2,5,5,2,1
"2810","IR27UL",19,60,4,5,5,1,2
"2811","IR27UL",19,65,3,5,5,2,1
"2812","IR27UL",19,14,4,6,6,1,1
"2813","IR27UL",19,57,3,4,4,2,2
"2814","IR27UL",19,46,3,5,5,2,2
"2815","IR27UL",19,48,3,4,4,2,2
"2816","IR27UL",19,20,4,5,5,1,2
"2817","IR27UL",19,6,4,5,5,2,1
"2818","IR27UL",19,28,4,5,5,2,2
"2819","IR27UL",19,49,4,4,4,2,2
"2820","IR27UL",19,44,2,4,4,2,2
"2821","IR27UL",19,23,3,4,4,2,1
"2822","IR27UL",19,2,2,4,4,2,2
"2823","IR27UL",19,51,4,6,6,1,1
"2824","IR27UL",19,30,4,4,4,2,2
"2825","IR27UL",19,56,4,6,6,2,1
"2826","IR27UL",19,3,4,6,6,1,1
"2827","IR27UL",19,5,2,4,4,2,2
"2828","IR27UL",19,32,4,5,5,1,2
"2829","IR27UL",19,72,4,6,6,1,1
"2830","IR27UL",19,11,3,4,4,2,2
"2831","IR27UL",19,54,3,4,4,2,2
"2832","IR27UL",19,12,2,4,4,2,2
"2833","IR27UL",19,33,3,5,5,2,2
"2834","IR27UL",19,13,4,5,5,1,2
"2835","IR27UL",19,35,2,4,4,2,2
"2836","IR27UL",19,66,4,5,5,2,1
"2837","IR27UL",19,24,4,5,5,2,2
"2838","IR27UL",19,45,3,5,5,2,1
"2839","IR27UL",19,74,4,5,5,2,2
"2840","IR27UL",19,73,4,5,5,1,2
"2841","JU06AN",55,12,2,3,3,2,2
"2842","JU06AN",55,54,4,4,4,2,2
"2843","JU06AN",55,11,2,3,3,2,2
"2844","JU06AN",55,33,2,3,3,2,2
"2845","JU06AN",55,53,2,3,3,2,2
"2846","JU06AN",55,32,2,3,3,2,2
"2847","JU06AN",55,40,3,4,4,2,2
"2848","JU06AN",55,19,3,4,4,2,2
"2849","JU06AN",55,66,2,3,3,2,2
"2850","JU06AN",55,43,2,3,3,2,2
"2851","JU06AN",55,27,2,3,3,2,2
"2852","JU06AN",55,41,2,2,3,2,2
"2853","JU06AN",55,62,2,3,3,2,2
"2854","JU06AN",55,48,2,3,3,2,2
"2855","JU06AN",55,73,2,3,3,2,2
"2856","JU06AN",55,55,NA,NA,NA,NA,NA
"2857","JU06AN",55,2,2,3,3,2,2
"2858","JU06AN",55,63,2,3,3,2,2
"2859","JU06AN",55,3,2,3,3,2,2
"2860","JU06AN",55,61,2,3,3,2,2
"2861","JU06AN",55,26,2,3,3,2,2
"2862","JU06AN",55,5,2,3,3,2,2
"2863","JU06AN",55,10,2,3,3,2,2
"2864","JU06AN",55,44,2,3,3,2,2
"2865","JU06AN",55,57,3,4,4,2,2
"2866","JU06AN",55,20,2,3,3,2,2
"2867","JU06AN",55,49,2,3,3,2,2
"2868","JU06AN",55,42,2,5,3,2,2
"2869","JU06AN",55,21,2,3,3,2,2
"2870","JU06AN",55,34,3,4,4,2,2
"2871","JU06AN",55,24,4,5,5,2,2
"2872","JU06AN",55,60,2,3,3,2,2
"2873","JU06AN",55,39,2,3,3,2,2
"2874","JU06AN",55,18,3,4,4,2,2
"2875","JU06AN",55,1,2,3,3,2,2
"2876","JU06AN",55,65,2,2,3,2,2
"2877","JU06AN",55,72,2,3,3,2,2
"2878","JU06AN",55,31,2,3,3,2,2
"2879","JU06AN",55,23,2,3,3,2,2
"2880","JU06AN",55,15,3,4,4,2,1
"2881","JU06AN",55,28,2,3,3,2,2
"2882","JU06AN",55,7,2,3,3,2,2
"2883","JU06AN",55,45,2,3,3,2,2
"2884","JU06AN",55,17,2,3,3,2,2
"2885","JU06AN",55,71,1,NA,NA,NA,NA
"2886","JU06AN",55,51,2,3,3,2,2
"2887","JU06AN",55,22,2,3,3,2,2
"2888","JU06AN",55,56,2,3,3,2,2
"2889","JU06AN",55,35,2,3,3,2,2
"2890","JU06AN",55,14,2,2,3,2,2
"2891","JU06AN",55,25,2,3,3,2,2
"2892","JU06AN",55,6,2,2,4,2,2
"2893","JU06AN",55,36,2,3,3,2,2
"2894","JU06AN",55,NA,NA,NA,NA,NA,NA
"2895","JU06AN",55,58,2,3,3,2,2
"2896","JU06AN",55,50,2,3,3,2,2
"2897","JU06AN",55,64,2,3,3,2,2
"2898","JU06AN",55,38,2,3,3,2,2
"2899","JU06AN",55,29,2,3,3,2,2
"2900","JU06AN",55,13,2,1,3,2,2
"2901","JU06AN",55,30,4,6,6,2,1
"2902","JU06AN",55,9,2,3,3,2,2
"2903","JU06AN",55,52,2,3,3,2,2
"2904","JU06AN",55,46,2,3,3,2,2
"2905","JU06AN",55,4,2,4,3,2,1
"2906","JU06AN",55,16,2,3,3,2,2
"2907","JU06AN",55,47,2,3,3,2,2
"2908","JU06AN",55,37,2,3,3,2,2
"2909","JU06AN",55,59,2,3,3,2,2
"2910","JU06AN",55,8,2,3,3,2,2
"2911","JU06AN",55,74,2,3,3,2,2
"2912","KA03AN",21,73,3,5,4,2,1
"2913","KA03AN",21,50,4,5,4,2,2
"2914","KA03AN",21,31,3,2,2,2,1
"2915","KA03AN",21,53,3,5,3,2,1
"2916","KA03AN",21,56,2,6,5,2,2
"2917","KA03AN",21,35,2,3,3,2,2
"2918","KA03AN",21,45,2,4,3,2,2
"2919","KA03AN",21,57,3,4,3,2,2
"2920","KA03AN",21,10,3,4,3,2,2
"2921","KA03AN",21,65,4,5,4,2,1
"2922","KA03AN",21,14,3,5,4,2,1
"2923","KA03AN",21,29,3,3,2,2,2
"2924","KA03AN",21,8,3,4,4,2,2
"2925","KA03AN",21,7,5,5,5,2,2
"2926","KA03AN",21,54,2,4,3,2,2
"2927","KA03AN",21,9,3,5,4,2,1
"2928","KA03AN",21,52,1,NA,NA,NA,NA
"2929","KA03AN",21,51,3,3,3,2,1
"2930","KA03AN",21,3,3,3,3,2,1
"2931","KA03AN",21,1,4,5,4,2,2
"2932","KA03AN",21,NA,NA,NA,NA,NA,NA
"2933","KA03AN",21,43,2,4,3,2,2
"2934","KA03AN",21,22,4,4,4,2,2
"2935","KA03AN",21,20,3,4,4,2,1
"2936","KA03AN",21,33,2,4,4,2,2
"2937","KA03AN",21,12,3,3,3,2,2
"2938","KA03AN",21,11,3,4,3,2,2
"2939","KA03AN",21,64,3,3,3,2,2
"2940","KA03AN",21,74,2,4,4,2,2
"2941","KA03AN",21,46,4,5,4,2,1
"2942","KA03AN",21,24,3,3,3,2,1
"2943","KA03AN",21,4,3,5,4,2,1
"2944","KA03AN",21,47,5,4,4,2,2
"2945","KA03AN",21,36,3,4,3,2,2
"2946","KA03AN",21,25,3,4,3,2,1
"2947","KA03AN",21,16,4,5,4,2,1
"2948","KA03AN",21,44,4,3,2,2,2
"2949","KA03AN",21,63,3,3,3,2,1
"2950","KA03AN",21,42,3,5,4,2,1
"2951","KA03AN",21,21,NA,NA,NA,NA,NA
"2952","KA03AN",21,34,3,4,3,2,1
"2953","KA03AN",21,30,3,4,3,2,2
"2954","KA03AN",21,55,2,4,3,2,2
"2955","KA03AN",21,71,5,6,5,1,1
"2956","KA03AN",21,61,3,5,3,2,2
"2957","KA03AN",21,40,4,4,3,2,1
"2958","KA03AN",21,26,4,4,3,2,1
"2959","KA03AN",21,32,3,4,3,2,1
"2960","KA03AN",21,72,4,4,3,2,1
"2961","KA03AN",21,37,4,5,4,2,2
"2962","KA03AN",21,23,4,5,4,2,2
"2963","KA03AN",21,2,2,4,4,2,2
"2964","KA03AN",21,66,3,3,3,2,1
"2965","KA03AN",21,60,4,5,4,2,2
"2966","KA03AN",21,13,2,3,2,2,1
"2967","KA03AN",21,39,2,4,4,2,2
"2968","KA03AN",21,18,3,3,2,2,2
"2969","KA03AN",21,58,2,4,3,2,2
"2970","KA03AN",21,49,4,5,5,2,1
"2971","KA03AN",21,28,4,5,4,2,1
"2972","KA03AN",21,15,3,3,2,2,2
"2973","KA03AN",21,38,3,3,3,2,2
"2974","KA03AN",21,17,3,4,2,2,2
"2975","KA03AN",21,6,3,4,3,2,1
"2976","KA03AN",21,59,3,4,3,2,1
"2977","KA03AN",21,41,3,3,3,2,1
"2978","KA03AN",21,27,4,5,4,2,2
"2979","KA03AN",21,5,3,3,3,2,2
"2980","KA03AN",21,62,5,6,5,1,1
"2981","KA03AN",21,19,3,4,3,2,1
"2982","KA03AN",21,48,4,6,6,2,1
"2983","KA15LU",62,63,4,4,4,2,2
"2984","KA15LU",62,48,3,4,4,2,2
"2985","KA15LU",62,23,3,4,4,2,2
"2986","KA15LU",62,64,2,4,4,2,2
"2987","KA15LU",62,66,4,4,4,2,2
"2988","KA15LU",62,20,3,4,3,2,2
"2989","KA15LU",62,22,4,4,4,2,2
"2990","KA15LU",62,1,5,6,5,1,2
"2991","KA15LU",62,71,3,4,4,2,2
"2992","KA15LU",62,42,4,5,4,2,1
"2993","KA15LU",62,44,5,4,4,1,2
"2994","KA15LU",62,9,3,5,4,2,2
"2995","KA15LU",62,2,2,4,4,2,2
"2996","KA15LU",62,43,2,4,4,2,2
"2997","KA15LU",62,73,4,5,4,2,2
"2998","KA15LU",62,21,6,6,5,1,2
"2999","KA15LU",62,49,4,5,5,2,2
"3000","KA15LU",62,5,3,4,4,2,2
"3001","KA15LU",62,7,6,6,5,1,2
"3002","KA15LU",62,50,4,5,4,2,2
"3003","KA15LU",62,29,4,5,4,2,2
"3004","KA15LU",62,28,4,5,4,2,2
"3005","KA15LU",62,65,6,5,5,1,2
"3006","KA15LU",62,72,3,4,4,2,2
"3007","KA15LU",62,NA,NA,NA,NA,NA,NA
"3008","KA15LU",62,52,2,4,4,2,2
"3009","KA15LU",62,31,3,4,4,2,1
"3010","KA15LU",62,27,4,5,4,2,2
"3011","KA15LU",62,6,3,4,4,2,2
"3012","KA15LU",62,32,3,4,4,2,2
"3013","KA15LU",62,11,4,4,4,2,2
"3014","KA15LU",62,54,2,3,4,2,2
"3015","KA15LU",62,74,3,4,4,2,2
"3016","KA15LU",62,46,4,5,4,2,2
"3017","KA15LU",62,8,2,4,4,2,2
"3018","KA15LU",62,4,2,4,3,2,1
"3019","KA15LU",62,47,4,4,4,2,2
"3020","KA15LU",62,19,3,5,4,2,1
"3021","KA15LU",62,62,NA,NA,NA,NA,NA
"3022","KA15LU",62,41,3,4,4,2,2
"3023","KA15LU",62,10,3,4,4,2,2
"3024","KA15LU",62,53,3,4,4,2,2
"3025","KA15LU",62,57,2,4,4,2,2
"3026","KA15LU",62,36,3,4,4,2,2
"3027","KA15LU",62,45,2,4,4,2,2
"3028","KA15LU",62,24,2,3,4,2,2
"3029","KA15LU",62,3,3,5,4,2,2
"3030","KA15LU",62,25,3,3,4,2,2
"3031","KA15LU",62,12,2,4,4,2,2
"3032","KA15LU",62,55,2,4,4,2,1
"3033","KA15LU",62,51,4,4,3,2,1
"3034","KA15LU",62,30,3,4,4,2,2
"3035","KA15LU",62,56,4,5,5,2,2
"3036","KA15LU",62,26,3,4,4,2,2
"3037","KA15LU",62,35,2,4,4,2,2
"3038","KA15LU",62,14,3,4,3,2,1
"3039","KA15LU",62,33,3,4,4,2,2
"3040","KA15LU",62,15,3,5,4,2,2
"3041","KA15LU",62,58,3,4,4,2,2
"3042","KA15LU",62,37,3,4,4,2,2
"3043","KA15LU",62,13,3,4,3,2,2
"3044","KA15LU",62,17,2,4,4,2,2
"3045","KA15LU",62,60,4,5,4,2,2
"3046","KA15LU",62,34,2,4,4,2,2
"3047","KA15LU",62,39,2,4,4,2,2
"3048","KA15LU",62,61,3,5,4,2,2
"3049","KA15LU",62,40,3,4,4,2,1
"3050","KA15LU",62,59,3,4,4,2,2
"3051","KA15LU",62,18,3,5,4,2,2
"3052","KA15LU",62,16,3,4,4,2,1
"3053","KA15LU",62,38,3,4,4,2,2
"3054","KA20TH",44,51,5,4,4,2,1
"3055","KA20TH",44,37,3,5,5,2,2
"3056","KA20TH",44,30,2,4,4,2,2
"3057","KA20TH",44,57,3,5,5,2,2
"3058","KA20TH",44,55,2,4,4,2,2
"3059","KA20TH",44,15,4,6,5,2,1
"3060","KA20TH",44,50,4,5,5,2,2
"3061","KA20TH",44,36,3,4,4,2,2
"3062","KA20TH",44,8,2,4,4,2,2
"3063","KA20TH",44,73,4,4,4,2,1
"3064","KA20TH",44,46,4,6,5,2,1
"3065","KA20TH",44,29,6,6,6,1,2
"3066","KA20TH",44,32,3,2,3,2,2
"3067","KA20TH",44,11,4,2,3,2,2
"3068","KA20TH",44,53,3,5,4,2,1
"3069","KA20TH",44,43,3,4,4,2,2
"3070","KA20TH",44,33,2,4,4,2,2
"3071","KA20TH",44,12,2,4,4,2,2
"3072","KA20TH",44,58,2,4,4,2,2
"3073","KA20TH",44,7,6,6,6,1,2
"3074","KA20TH",44,35,2,3,4,2,2
"3075","KA20TH",44,3,3,4,4,2,1
"3076","KA20TH",44,16,4,6,5,2,1
"3077","KA20TH",44,20,4,5,5,2,1
"3078","KA20TH",44,4,2,4,4,2,2
"3079","KA20TH",44,47,4,5,4,2,2
"3080","KA20TH",44,NA,NA,NA,NA,NA,NA
"3081","KA20TH",44,48,4,6,6,2,2
"3082","KA20TH",44,65,6,6,6,1,1
"3083","KA20TH",44,28,4,5,5,2,2
"3084","KA20TH",44,62,6,6,6,1,1
"3085","KA20TH",44,54,3,4,4,2,1
"3086","KA20TH",44,45,2,4,4,2,2
"3087","KA20TH",44,24,3,4,4,2,2
"3088","KA20TH",44,26,3,5,4,2,2
"3089","KA20TH",44,41,3,5,5,2,1
"3090","KA20TH",44,25,3,5,4,2,1
"3091","KA20TH",44,61,3,5,4,2,2
"3092","KA20TH",44,27,2,4,4,2,2
"3093","KA20TH",44,6,2,5,4,2,1
"3094","KA20TH",44,1,5,6,6,1,2
"3095","KA20TH",44,49,5,6,6,2,1
"3096","KA20TH",44,72,3,5,4,2,1
"3097","KA20TH",44,44,NA,NA,NA,NA,NA
"3098","KA20TH",44,23,4,3,4,2,2
"3099","KA20TH",44,2,3,5,4,2,1
"3100","KA20TH",44,66,3,6,5,2,1
"3101","KA20TH",44,63,3,4,4,2,2
"3102","KA20TH",44,74,2,4,4,2,2
"3103","KA20TH",44,5,3,5,5,2,2
"3104","KA20TH",44,10,3,5,4,2,2
"3105","KA20TH",44,64,4,4,4,2,2
"3106","KA20TH",44,22,3,4,4,2,2
"3107","KA20TH",44,40,3,4,4,2,1
"3108","KA20TH",44,56,3,5,4,2,2
"3109","KA20TH",44,59,3,4,4,2,2
"3110","KA20TH",44,19,3,5,5,2,1
"3111","KA20TH",44,13,4,5,5,2,1
"3112","KA20TH",44,71,2,4,4,2,2
"3113","KA20TH",44,18,4,6,5,2,2
"3114","KA20TH",44,34,4,6,5,2,2
"3115","KA20TH",44,14,3,5,4,2,1
"3116","KA20TH",44,60,2,5,4,2,2
"3117","KA20TH",44,39,2,4,4,2,2
"3118","KA20TH",44,31,3,5,5,2,1
"3119","KA20TH",44,38,5,5,5,2,2
"3120","KA20TH",44,21,5,5,5,2,1
"3121","KA20TH",44,52,1,NA,NA,NA,NA
"3122","KA20TH",44,42,5,6,5,2,1
"3123","KA20TH",44,9,5,6,6,2,1
"3124","KA20TH",44,17,2,4,4,2,2
"3125","KA22ST",63,27,2,4,4,2,2
"3126","KA22ST",63,5,6,6,6,1,2
"3127","KA22ST",63,48,2,3,3,2,2
"3128","KA22ST",63,6,3,4,4,2,1
"3129","KA22ST",63,49,4,6,5,2,1
"3130","KA22ST",63,28,3,3,3,2,2
"3131","KA22ST",63,10,6,6,6,1,1
"3132","KA22ST",63,30,2,2,2,2,2
"3133","KA22ST",63,9,2,4,4,2,1
"3134","KA22ST",63,52,1,NA,NA,NA,NA
"3135","KA22ST",63,7,4,5,5,2,1
"3136","KA22ST",63,61,3,4,4,2,2
"3137","KA22ST",63,40,2,4,4,2,1
"3138","KA22ST",63,19,3,4,4,2,1
"3139","KA22ST",63,31,2,3,3,2,2
"3140","KA22ST",63,41,2,4,4,2,1
"3141","KA22ST",63,50,3,6,4,2,2
"3142","KA22ST",63,29,4,6,6,2,1
"3143","KA22ST",63,62,4,4,4,2,1
"3144","KA22ST",63,8,2,4,4,2,2
"3145","KA22ST",63,51,3,2,2,2,2
"3146","KA22ST",63,71,3,3,3,2,2
"3147","KA22ST",63,26,3,2,2,2,2
"3148","KA22ST",63,22,3,2,2,2,2
"3149","KA22ST",63,1,2,3,3,2,2
"3150","KA22ST",63,65,3,4,3,2,2
"3151","KA22ST",63,72,2,3,3,2,2
"3152","KA22ST",63,53,2,3,3,2,2
"3153","KA22ST",63,32,2,2,3,2,2
"3154","KA22ST",63,20,2,4,4,2,1
"3155","KA22ST",63,63,NA,NA,NA,NA,NA
"3156","KA22ST",63,42,3,3,3,2,1
"3157","KA22ST",63,55,2,3,3,2,2
"3158","KA22ST",63,34,2,3,1,2,2
"3159","KA22ST",63,13,4,5,5,2,1
"3160","KA22ST",63,43,2,4,4,2,1
"3161","KA22ST",63,18,2,3,3,2,2
"3162","KA22ST",63,14,2,1,3,2,2
"3163","KA22ST",63,57,3,3,3,2,2
"3164","KA22ST",63,36,2,3,3,2,2
"3165","KA22ST",63,15,2,4,4,2,1
"3166","KA22ST",63,58,2,1,3,2,2
"3167","KA22ST",63,54,2,1,3,2,2
"3168","KA22ST",63,33,2,3,3,2,2
"3169","KA22ST",63,12,4,5,5,2,1
"3170","KA22ST",63,38,3,5,5,2,1
"3171","KA22ST",63,17,6,2,2,1,2
"3172","KA22ST",63,60,2,4,4,2,1
"3173","KA22ST",63,39,2,3,3,2,2
"3174","KA22ST",63,56,6,4,4,1,1
"3175","KA22ST",63,35,2,3,3,2,2
"3176","KA22ST",63,46,4,3,3,2,1
"3177","KA22ST",63,25,3,2,2,2,2
"3178","KA22ST",63,4,2,4,4,2,2
"3179","KA22ST",63,44,3,4,4,2,1
"3180","KA22ST",63,23,2,4,4,2,1
"3181","KA22ST",63,11,2,2,2,2,1
"3182","KA22ST",63,66,2,3,3,2,2
"3183","KA22ST",63,73,3,1,1,2,2
"3184","KA22ST",63,21,3,5,5,2,1
"3185","KA22ST",63,64,4,4,4,2,2
"3186","KA22ST",63,3,3,3,3,2,2
"3187","KA22ST",63,16,3,5,5,2,1
"3188","KA22ST",63,47,4,3,3,2,2
"3189","KA22ST",63,NA,NA,NA,NA,NA,NA
"3190","KA22ST",63,74,3,3,3,2,2
"3191","KA22ST",63,59,4,4,4,2,1
"3192","KA22ST",63,45,2,4,4,2,1
"3193","KA22ST",63,37,4,5,5,2,1
"3194","KA22ST",63,2,2,4,4,2,1
"3195","KA22ST",63,24,2,4,4,2,2
"3196","KA26MA",61,46,2,4,4,2,2
"3197","KA26MA",61,NA,NA,NA,NA,NA,NA
"3198","KA26MA",61,55,2,4,4,2,2
"3199","KA26MA",61,12,3,4,4,2,1
"3200","KA26MA",61,27,2,3,4,2,2
"3201","KA26MA",61,47,4,4,4,2,2
"3202","KA26MA",61,13,2,4,4,2,2
"3203","KA26MA",61,3,2,4,4,2,1
"3204","KA26MA",61,25,2,4,4,2,2
"3205","KA26MA",61,4,3,3,4,2,2
"3206","KA26MA",61,57,2,3,4,2,2
"3207","KA26MA",61,56,3,4,4,2,2
"3208","KA26MA",61,35,3,2,2,2,2
"3209","KA26MA",61,14,3,3,3,2,1
"3210","KA26MA",61,74,4,3,4,2,2
"3211","KA26MA",61,16,2,4,4,2,2
"3212","KA26MA",61,59,3,4,4,2,1
"3213","KA26MA",61,38,2,3,4,2,2
"3214","KA26MA",61,34,2,3,3,2,2
"3215","KA26MA",61,60,3,4,4,2,2
"3216","KA26MA",61,26,3,3,4,2,2
"3217","KA26MA",61,5,2,3,3,2,2
"3218","KA26MA",61,48,3,4,4,2,1
"3219","KA26MA",61,6,3,3,3,2,2
"3220","KA26MA",61,36,4,5,4,2,1
"3221","KA26MA",61,15,2,4,4,2,1
"3222","KA26MA",61,7,4,4,4,2,1
"3223","KA26MA",61,50,3,4,4,2,2
"3224","KA26MA",61,33,2,3,3,2,2
"3225","KA26MA",61,45,4,5,4,2,1
"3226","KA26MA",61,24,2,5,4,2,1
"3227","KA26MA",61,17,2,4,4,2,2
"3228","KA26MA",61,51,2,4,4,2,1
"3229","KA26MA",61,30,2,4,4,2,1
"3230","KA26MA",61,39,2,3,4,2,2
"3231","KA26MA",61,18,2,3,4,2,2
"3232","KA26MA",61,61,NA,NA,NA,NA,NA
"3233","KA26MA",61,49,3,5,5,2,1
"3234","KA26MA",61,28,2,3,3,2,2
"3235","KA26MA",61,62,4,5,5,2,1
"3236","KA26MA",61,58,3,4,4,2,2
"3237","KA26MA",61,37,3,4,4,2,1
"3238","KA26MA",61,63,2,3,3,2,2
"3239","KA26MA",61,66,2,4,4,2,1
"3240","KA26MA",61,73,4,4,4,2,1
"3241","KA26MA",61,8,3,4,4,2,2
"3242","KA26MA",61,64,2,4,4,2,1
"3243","KA26MA",61,9,2,4,4,2,1
"3244","KA26MA",61,52,2,4,4,2,2
"3245","KA26MA",61,31,2,4,4,2,2
"3246","KA26MA",61,40,2,4,4,2,1
"3247","KA26MA",61,19,2,3,3,2,2
"3248","KA26MA",61,32,2,3,4,2,2
"3249","KA26MA",61,41,2,2,3,2,2
"3250","KA26MA",61,20,2,5,5,2,1
"3251","KA26MA",61,2,3,4,4,2,1
"3252","KA26MA",61,71,3,3,3,2,2
"3253","KA26MA",61,29,3,3,4,2,2
"3254","KA26MA",61,22,3,2,3,2,2
"3255","KA26MA",61,42,3,3,3,2,2
"3256","KA26MA",61,10,2,3,3,2,2
"3257","KA26MA",61,43,2,2,3,2,2
"3258","KA26MA",61,11,2,2,2,2,2
"3259","KA26MA",61,1,5,6,5,1,1
"3260","KA26MA",61,23,2,4,4,2,1
"3261","KA26MA",61,53,3,4,3,2,2
"3262","KA26MA",61,54,1,NA,NA,NA,NA
"3263","KA26MA",61,44,3,3,3,2,2
"3264","KA26MA",61,21,2,4,4,2,1
"3265","KA26MA",61,72,2,3,3,2,2
"3266","KA26MA",61,65,4,4,4,2,2
"3267","KR07CH",39,41,2,4,4,2,2
"3268","KR07CH",39,47,3,4,4,2,2
"3269","KR07CH",39,NA,NA,NA,NA,NA,NA
"3270","KR07CH",39,24,2,4,4,2,2
"3271","KR07CH",39,66,2,4,4,2,2
"3272","KR07CH",39,61,2,2,3,2,1
"3273","KR07CH",39,20,2,4,4,2,2
"3274","KR07CH",39,37,3,3,4,2,2
"3275","KR07CH",39,16,2,3,3,2,2
"3276","KR07CH",39,63,2,4,4,2,2
"3277","KR07CH",39,40,2,4,4,2,2
"3278","KR07CH",39,19,2,4,4,2,2
"3279","KR07CH",39,62,2,4,4,2,2
"3280","KR07CH",39,11,2,4,4,2,2
"3281","KR07CH",39,73,2,4,4,2,2
"3282","KR07CH",39,74,4,5,5,2,2
"3283","KR07CH",39,32,2,1,4,2,2
"3284","KR07CH",39,25,2,2,4,2,2
"3285","KR07CH",39,4,2,2,3,2,2
"3286","KR07CH",39,13,2,2,4,2,2
"3287","KR07CH",39,56,2,2,4,2,2
"3288","KR07CH",39,23,2,5,4,2,2
"3289","KR07CH",39,2,4,6,5,1,1
"3290","KR07CH",39,42,2,3,4,2,2
"3291","KR07CH",39,45,2,4,4,2,2
"3292","KR07CH",39,58,4,5,4,2,1
"3293","KR07CH",39,21,2,4,4,2,2
"3294","KR07CH",39,54,2,2,4,2,2
"3295","KR07CH",39,59,2,4,4,2,2
"3296","KR07CH",39,46,2,4,4,2,2
"3297","KR07CH",39,17,2,4,4,2,2
"3298","KR07CH",39,39,NA,NA,NA,NA,NA
"3299","KR07CH",39,18,2,3,3,2,2
"3300","KR07CH",39,72,2,2,4,2,2
"3301","KR07CH",39,44,2,4,4,2,2
"3302","KR07CH",39,9,2,4,4,2,2
"3303","KR07CH",39,10,2,3,4,2,2
"3304","KR07CH",39,53,2,4,4,2,2
"3305","KR07CH",39,15,2,5,4,2,1
"3306","KR07CH",39,36,2,3,4,2,2
"3307","KR07CH",39,1,3,2,3,2,2
"3308","KR07CH",39,71,2,4,4,2,2
"3309","KR07CH",39,38,2,4,4,2,2
"3310","KR07CH",39,22,2,4,4,2,2
"3311","KR07CH",39,50,3,4,4,2,2
"3312","KR07CH",39,65,2,3,4,2,2
"3313","KR07CH",39,28,2,3,4,2,2
"3314","KR07CH",39,7,3,2,4,2,2
"3315","KR07CH",39,57,2,4,4,2,2
"3316","KR07CH",39,52,3,4,4,2,2
"3317","KR07CH",39,31,2,4,4,2,2
"3318","KR07CH",39,30,2,1,4,2,2
"3319","KR07CH",39,12,2,4,4,2,1
"3320","KR07CH",39,55,2,4,4,2,2
"3321","KR07CH",39,64,3,5,4,2,2
"3322","KR07CH",39,3,2,4,4,2,2
"3323","KR07CH",39,14,2,3,4,2,2
"3324","KR07CH",39,27,2,5,4,2,1
"3325","KR07CH",39,34,3,3,3,2,2
"3326","KR07CH",39,48,2,3,4,2,2
"3327","KR07CH",39,5,2,4,4,2,2
"3328","KR07CH",39,8,4,6,5,1,2
"3329","KR07CH",39,29,2,3,4,2,2
"3330","KR07CH",39,51,2,4,4,2,2
"3331","KR07CH",39,35,2,4,4,2,2
"3332","KR07CH",39,6,2,2,4,2,2
"3333","KR07CH",39,43,2,4,4,2,2
"3334","KR07CH",39,60,2,4,4,2,2
"3335","KR07CH",39,49,2,4,4,2,2
"3336","KR07CH",39,33,3,2,4,2,2
"3337","KR07CH",39,26,2,3,4,2,2
"3338","LI11KA",42,44,4,5,5,1,2
"3339","LI11KA",42,73,2,3,3,2,2
"3340","LI11KA",42,2,3,4,4,2,2
"3341","LI11KA",42,1,1,NA,NA,NA,NA
"3342","LI11KA",42,65,4,5,4,2,1
"3343","LI11KA",42,6,3,3,3,2,2
"3344","LI11KA",42,23,3,3,4,2,2
"3345","LI11KA",42,16,5,5,4,1,1
"3346","LI11KA",42,41,6,6,6,1,2
"3347","LI11KA",42,38,3,3,4,2,2
"3348","LI11KA",42,22,2,2,2,2,2
"3349","LI11KA",42,45,2,4,4,2,1
"3350","LI11KA",42,59,3,5,4,2,1
"3351","LI11KA",42,27,3,4,4,2,2
"3352","LI11KA",42,17,3,4,4,2,1
"3353","LI11KA",42,20,4,4,4,2,2
"3354","LI11KA",42,63,2,3,3,2,2
"3355","LI11KA",42,42,NA,NA,NA,NA,NA
"3356","LI11KA",42,19,4,5,4,1,1
"3357","LI11KA",42,72,5,6,5,1,2
"3358","LI11KA",42,64,4,5,5,2,2
"3359","LI11KA",42,71,2,4,3,2,2
"3360","LI11KA",42,51,4,4,4,2,1
"3361","LI11KA",42,30,4,4,4,2,1
"3362","LI11KA",42,66,4,5,4,1,1
"3363","LI11KA",42,60,4,5,4,1,2
"3364","LI11KA",42,9,4,4,4,2,2
"3365","LI11KA",42,56,2,4,4,2,1
"3366","LI11KA",42,62,3,5,4,2,1
"3367","LI11KA",42,49,3,4,4,2,1
"3368","LI11KA",42,28,3,3,3,2,2
"3369","LI11KA",42,7,3,3,3,2,2
"3370","LI11KA",42,43,3,3,4,2,1
"3371","LI11KA",42,25,5,4,5,1,1
"3372","LI11KA",42,4,4,5,5,1,1
"3373","LI11KA",42,47,4,4,4,2,1
"3374","LI11KA",42,NA,NA,NA,NA,NA,NA
"3375","LI11KA",42,33,2,4,4,2,2
"3376","LI11KA",42,12,3,4,3,2,2
"3377","LI11KA",42,13,6,6,5,1,1
"3378","LI11KA",42,26,5,5,5,1,1
"3379","LI11KA",42,24,3,4,4,2,2
"3380","LI11KA",42,57,3,5,5,2,2
"3381","LI11KA",42,36,3,5,4,2,2
"3382","LI11KA",42,15,5,5,5,1,1
"3383","LI11KA",42,21,3,5,5,2,2
"3384","LI11KA",42,37,3,4,4,2,2
"3385","LI11KA",42,50,2,4,4,2,2
"3386","LI11KA",42,8,2,4,3,2,2
"3387","LI11KA",42,29,3,5,4,2,2
"3388","LI11KA",42,5,4,4,4,2,1
"3389","LI11KA",42,48,3,4,4,2,1
"3390","LI11KA",42,55,2,3,3,2,2
"3391","LI11KA",42,34,4,5,5,2,1
"3392","LI11KA",42,58,2,4,4,2,2
"3393","LI11KA",42,46,4,4,4,2,1
"3394","LI11KA",42,40,3,2,2,2,1
"3395","LI11KA",42,74,3,4,4,2,2
"3396","LI11KA",42,54,4,3,4,2,2
"3397","LI11KA",42,39,2,2,3,2,2
"3398","LI11KA",42,32,5,5,5,1,1
"3399","LI11KA",42,11,2,3,3,2,2
"3400","LI11KA",42,14,4,5,4,2,1
"3401","LI11KA",42,31,3,5,4,2,2
"3402","LI11KA",42,52,2,4,3,2,2
"3403","LI11KA",42,3,5,4,5,1,1
"3404","LI11KA",42,18,5,5,5,1,1
"3405","LI11KA",42,61,3,4,4,2,2
"3406","LI11KA",42,10,2,1,1,2,2
"3407","LI11KA",42,53,4,4,4,1,2
"3408","LI11KA",42,35,2,3,3,2,2
"3409","LJ08DR",31,NA,NA,NA,NA,NA,NA
"3410","LJ08DR",31,65,4,5,5,2,2
"3411","LJ08DR",31,39,2,4,4,2,2
"3412","LJ08DR",31,73,5,6,6,1,2
"3413","LJ08DR",31,47,3,3,4,2,2
"3414","LJ08DR",31,9,5,6,6,1,2
"3415","LJ08DR",31,5,2,3,4,2,2
"3416","LJ08DR",31,48,3,4,4,2,2
"3417","LJ08DR",31,26,5,5,5,1,2
"3418","LJ08DR",31,45,2,4,4,2,2
"3419","LJ08DR",31,72,5,6,6,2,2
"3420","LJ08DR",31,2,2,5,4,2,2
"3421","LJ08DR",31,27,3,4,4,2,2
"3422","LJ08DR",31,60,3,3,4,2,2
"3423","LJ08DR",31,74,2,4,4,2,2
"3424","LJ08DR",31,46,5,6,6,1,1
"3425","LJ08DR",31,66,5,6,6,1,2
"3426","LJ08DR",31,30,3,5,5,2,2
"3427","LJ08DR",31,4,3,3,4,2,2
"3428","LJ08DR",31,34,3,5,5,2,2
"3429","LJ08DR",31,51,5,3,5,1,2
"3430","LJ08DR",31,23,4,4,4,2,2
"3431","LJ08DR",31,10,2,4,4,2,2
"3432","LJ08DR",31,53,5,6,6,1,2
"3433","LJ08DR",31,44,3,4,4,2,2
"3434","LJ08DR",31,17,3,4,4,2,2
"3435","LJ08DR",31,3,4,5,5,2,2
"3436","LJ08DR",31,38,3,4,4,2,2
"3437","LJ08DR",31,21,3,4,4,2,2
"3438","LJ08DR",31,8,2,4,4,2,2
"3439","LJ08DR",31,18,4,5,5,2,2
"3440","LJ08DR",31,61,2,3,4,2,2
"3441","LJ08DR",31,6,5,6,6,1,2
"3442","LJ08DR",31,13,4,5,5,2,2
"3443","LJ08DR",31,14,5,5,5,1,1
"3444","LJ08DR",31,57,3,5,5,2,2
"3445","LJ08DR",31,31,NA,NA,NA,NA,NA
"3446","LJ08DR",31,24,3,5,5,2,2
"3447","LJ08DR",31,15,4,6,6,1,2
"3448","LJ08DR",31,59,2,4,4,2,2
"3449","LJ08DR",31,42,4,5,5,2,1
"3450","LJ08DR",31,63,2,4,4,2,2
"3451","LJ08DR",31,32,5,6,6,1,1
"3452","LJ08DR",31,43,3,4,4,2,2
"3453","LJ08DR",31,22,2,3,3,2,2
"3454","LJ08DR",31,1,3,4,4,2,2
"3455","LJ08DR",31,52,2,3,4,2,2
"3456","LJ08DR",31,55,2,4,4,2,2
"3457","LJ08DR",31,29,2,4,4,2,2
"3458","LJ08DR",31,36,5,6,6,1,2
"3459","LJ08DR",31,35,2,2,4,2,2
"3460","LJ08DR",31,28,4,6,5,2,2
"3461","LJ08DR",31,11,5,5,5,1,2
"3462","LJ08DR",31,37,3,4,4,2,2
"3463","LJ08DR",31,33,3,4,4,2,2
"3464","LJ08DR",31,12,3,3,4,2,2
"3465","LJ08DR",31,40,4,3,4,2,2
"3466","LJ08DR",31,25,5,5,6,1,2
"3467","LJ08DR",31,56,2,4,4,2,2
"3468","LJ08DR",31,62,3,4,4,2,2
"3469","LJ08DR",31,49,3,4,4,2,2
"3470","LJ08DR",31,16,5,6,5,1,1
"3471","LJ08DR",31,50,3,4,4,2,2
"3472","LJ08DR",31,54,3,4,4,2,2
"3473","LJ08DR",31,7,3,3,3,2,2
"3474","LJ08DR",31,64,3,5,5,2,2
"3475","LJ08DR",31,71,2,3,4,2,2
"3476","LJ08DR",31,19,5,5,5,1,1
"3477","LJ08DR",31,20,5,6,6,1,2
"3478","LJ08DR",31,58,2,5,5,2,2
"3479","LJ08DR",31,41,3,5,5,2,2
"3480","MA06SM",50,23,5,3,3,2,1
"3481","MA06SM",50,6,5,3,3,2,1
"3482","MA06SM",50,7,5,3,3,2,2
"3483","MA06SM",50,29,6,6,4,2,2
"3484","MA06SM",50,50,NA,NA,NA,NA,NA
"3485","MA06SM",50,8,3,3,3,2,2
"3486","MA06SM",50,28,4,4,3,2,2
"3487","MA06SM",50,25,5,3,3,2,1
"3488","MA06SM",50,46,3,4,3,2,2
"3489","MA06SM",50,55,2,3,2,2,2
"3490","MA06SM",50,21,3,3,3,2,2
"3491","MA06SM",50,19,5,3,3,2,2
"3492","MA06SM",50,72,5,4,3,2,2
"3493","MA06SM",50,44,5,3,3,2,2
"3494","MA06SM",50,10,2,2,3,2,2
"3495","MA06SM",50,51,5,3,3,2,2
"3496","MA06SM",50,32,5,1,2,2,2
"3497","MA06SM",50,62,4,4,3,2,2
"3498","MA06SM",50,42,5,3,3,2,1
"3499","MA06SM",50,49,6,5,4,2,1
"3500","MA06SM",50,63,5,3,3,2,2
"3501","MA06SM",50,58,5,4,3,2,2
"3502","MA06SM",50,64,2,3,3,2,2
"3503","MA06SM",50,20,2,3,3,2,2
"3504","MA06SM",50,34,3,3,3,2,2
"3505","MA06SM",50,13,5,1,2,2,2
"3506","MA06SM",50,56,4,5,4,2,2
"3507","MA06SM",50,NA,NA,NA,NA,NA,NA
"3508","MA06SM",50,53,2,3,3,2,2
"3509","MA06SM",50,39,3,4,3,2,2
"3510","MA06SM",50,14,5,3,3,2,1
"3511","MA06SM",50,41,5,3,2,2,2
"3512","MA06SM",50,3,3,3,3,2,2
"3513","MA06SM",50,74,4,4,3,2,2
"3514","MA06SM",50,11,5,3,3,2,2
"3515","MA06SM",50,33,5,3,3,2,2
"3516","MA06SM",50,12,4,5,3,2,1
"3517","MA06SM",50,5,3,4,3,2,2
"3518","MA06SM",50,48,4,5,4,2,2
"3519","MA06SM",50,27,4,5,4,2,2
"3520","MA06SM",50,38,5,3,3,2,2
"3521","MA06SM",50,17,5,4,3,2,2
"3522","MA06SM",50,47,6,4,3,2,2
"3523","MA06SM",50,18,5,3,3,2,2
"3524","MA06SM",50,61,3,4,3,2,2
"3525","MA06SM",50,40,5,3,3,2,2
"3526","MA06SM",50,45,5,4,2,2,2
"3527","MA06SM",50,15,5,3,3,2,2
"3528","MA06SM",50,54,5,3,3,2,2
"3529","MA06SM",50,37,5,4,3,2,2
"3530","MA06SM",50,30,5,3,3,2,2
"3531","MA06SM",50,9,3,4,3,2,1
"3532","MA06SM",50,52,2,3,3,2,2
"3533","MA06SM",50,31,5,3,3,2,2
"3534","MA06SM",50,65,5,3,3,2,2
"3535","MA06SM",50,36,5,2,2,2,2
"3536","MA06SM",50,2,3,4,3,2,1
"3537","MA06SM",50,66,5,2,2,2,1
"3538","MA06SM",50,24,2,2,3,2,2
"3539","MA06SM",50,26,5,3,3,2,2
"3540","MA06SM",50,71,3,4,3,2,2
"3541","MA06SM",50,16,5,3,3,2,2
"3542","MA06SM",50,4,5,3,3,2,2
"3543","MA06SM",50,35,2,3,3,2,2
"3544","MA06SM",50,73,3,3,3,2,1
"3545","MA06SM",50,60,5,3,3,2,2
"3546","MA06SM",50,43,5,3,3,2,2
"3547","MA06SM",50,57,5,4,3,2,2
"3548","MA06SM",50,1,4,4,3,2,2
"3549","MA06SM",50,59,3,4,3,2,2
"3550","MA06SM",50,22,5,3,3,2,2
"3551","MA11NO",53,44,3,2,2,2,2
"3552","MA11NO",53,54,4,5,5,2,1
"3553","MA11NO",53,16,5,5,5,2,1
"3554","MA11NO",53,11,3,3,3,2,2
"3555","MA11NO",53,47,2,2,2,2,2
"3556","MA11NO",53,33,2,3,3,2,2
"3557","MA11NO",53,32,4,4,4,2,1
"3558","MA11NO",53,12,2,3,3,2,2
"3559","MA11NO",53,59,3,3,3,2,1
"3560","MA11NO",53,15,3,4,3,2,2
"3561","MA11NO",53,58,2,3,3,2,2
"3562","MA11NO",53,52,2,3,3,2,2
"3563","MA11NO",53,35,2,3,3,2,2
"3564","MA11NO",53,38,2,3,3,2,2
"3565","MA11NO",53,57,3,4,3,2,2
"3566","MA11NO",53,53,NA,NA,NA,NA,NA
"3567","MA11NO",53,72,5,5,5,1,2
"3568","MA11NO",53,22,3,3,3,2,2
"3569","MA11NO",53,1,2,3,3,2,2
"3570","MA11NO",53,65,3,3,3,2,2
"3571","MA11NO",53,37,3,3,3,2,2
"3572","MA11NO",53,55,2,3,3,2,2
"3573","MA11NO",53,66,4,5,5,2,1
"3574","MA11NO",53,34,4,3,3,2,2
"3575","MA11NO",53,56,2,3,3,2,2
"3576","MA11NO",53,51,3,4,4,2,1
"3577","MA11NO",53,31,4,4,4,2,1
"3578","MA11NO",53,10,3,3,3,2,2
"3579","MA11NO",53,36,4,4,4,2,2
"3580","MA11NO",53,43,3,2,3,2,2
"3581","MA11NO",53,25,5,5,5,1,1
"3582","MA11NO",53,4,3,4,2,2,1
"3583","MA11NO",53,NA,NA,NA,NA,NA,NA
"3584","MA11NO",53,23,2,3,2,2,2
"3585","MA11NO",53,2,2,3,3,2,1
"3586","MA11NO",53,6,5,5,5,2,1
"3587","MA11NO",53,49,4,2,4,2,2
"3588","MA11NO",53,13,5,4,4,2,2
"3589","MA11NO",53,24,4,3,3,2,2
"3590","MA11NO",53,3,5,5,5,1,1
"3591","MA11NO",53,14,4,4,4,2,1
"3592","MA11NO",53,74,2,2,2,2,2
"3593","MA11NO",53,46,5,5,5,2,1
"3594","MA11NO",53,26,5,5,5,1,1
"3595","MA11NO",53,5,2,3,3,2,2
"3596","MA11NO",53,48,2,2,3,2,2
"3597","MA11NO",53,40,5,5,5,2,1
"3598","MA11NO",53,9,5,5,5,1,1
"3599","MA11NO",53,27,4,3,3,2,2
"3600","MA11NO",53,19,5,5,4,2,1
"3601","MA11NO",53,73,4,4,4,2,1
"3602","MA11NO",53,71,2,3,4,2,2
"3603","MA11NO",53,42,4,4,4,2,1
"3604","MA11NO",53,30,4,3,3,2,2
"3605","MA11NO",53,64,4,5,4,2,2
"3606","MA11NO",53,50,3,3,3,2,2
"3607","MA11NO",53,39,2,2,3,2,2
"3608","MA11NO",53,18,5,4,4,2,1
"3609","MA11NO",53,61,3,2,2,2,2
"3610","MA11NO",53,17,2,3,4,2,1
"3611","MA11NO",53,45,2,3,3,2,2
"3612","MA11NO",53,8,2,3,3,2,2
"3613","MA11NO",53,63,2,2,2,2,2
"3614","MA11NO",53,20,3,4,4,2,2
"3615","MA11NO",53,60,4,4,4,2,2
"3616","MA11NO",53,29,2,3,3,2,2
"3617","MA11NO",53,7,3,2,3,2,2
"3618","MA11NO",53,62,3,3,3,2,2
"3619","MA11NO",53,28,3,3,3,2,2
"3620","MA11NO",53,21,2,3,3,2,2
"3621","MA11NO",53,41,5,5,4,2,2
"3622","ME02MA",10,19,3,4,4,2,1
"3623","ME02MA",10,28,2,3,3,2,2
"3624","ME02MA",10,49,3,3,4,2,2
"3625","ME02MA",10,6,3,4,4,2,1
"3626","ME02MA",10,47,2,3,3,2,2
"3627","ME02MA",10,51,2,3,3,2,2
"3628","ME02MA",10,41,2,4,4,2,2
"3629","ME02MA",10,7,2,3,3,2,2
"3630","ME02MA",10,30,2,4,4,2,1
"3631","ME02MA",10,62,2,3,3,2,2
"3632","ME02MA",10,8,2,3,3,2,2
"3633","ME02MA",10,64,3,4,4,2,2
"3634","ME02MA",10,4,2,4,4,2,2
"3635","ME02MA",10,27,2,3,3,2,2
"3636","ME02MA",10,NA,NA,NA,NA,NA,NA
"3637","ME02MA",10,57,3,4,4,2,2
"3638","ME02MA",10,36,3,4,4,2,2
"3639","ME02MA",10,50,3,4,4,2,1
"3640","ME02MA",10,29,2,3,4,2,2
"3641","ME02MA",10,42,2,4,4,2,1
"3642","ME02MA",10,21,2,4,5,2,2
"3643","ME02MA",10,33,2,3,3,2,2
"3644","ME02MA",10,71,2,3,3,2,2
"3645","ME02MA",10,9,4,4,4,2,2
"3646","ME02MA",10,52,2,3,4,2,2
"3647","ME02MA",10,31,2,4,4,2,2
"3648","ME02MA",10,10,NA,NA,NA,NA,NA
"3649","ME02MA",10,18,2,3,3,2,1
"3650","ME02MA",10,61,2,3,3,2,2
"3651","ME02MA",10,40,2,3,3,2,2
"3652","ME02MA",10,20,2,3,3,2,2
"3653","ME02MA",10,63,5,5,4,1,2
"3654","ME02MA",10,54,2,3,3,2,2
"3655","ME02MA",10,73,3,4,4,2,1
"3656","ME02MA",10,13,2,3,3,2,2
"3657","ME02MA",10,12,2,4,4,2,2
"3658","ME02MA",10,55,2,3,3,2,2
"3659","ME02MA",10,34,2,4,3,2,2
"3660","ME02MA",10,72,3,3,3,2,2
"3661","ME02MA",10,56,4,5,5,1,1
"3662","ME02MA",10,35,2,4,3,2,2
"3663","ME02MA",10,14,3,4,4,2,1
"3664","ME02MA",10,58,2,3,3,2,2
"3665","ME02MA",10,53,2,3,3,2,2
"3666","ME02MA",10,32,2,3,3,2,2
"3667","ME02MA",10,15,2,4,4,2,2
"3668","ME02MA",10,59,2,4,4,2,1
"3669","ME02MA",10,26,3,4,4,2,2
"3670","ME02MA",10,37,2,3,3,2,2
"3671","ME02MA",10,16,2,4,4,2,2
"3672","ME02MA",10,39,2,4,3,2,1
"3673","ME02MA",10,66,2,3,3,2,2
"3674","ME02MA",10,5,6,5,5,1,1
"3675","ME02MA",10,48,2,3,3,2,2
"3676","ME02MA",10,11,2,3,3,2,2
"3677","ME02MA",10,3,3,4,4,2,1
"3678","ME02MA",10,43,2,3,3,2,1
"3679","ME02MA",10,44,2,3,3,2,2
"3680","ME02MA",10,24,2,4,4,2,2
"3681","ME02MA",10,65,3,3,3,2,2
"3682","ME02MA",10,2,3,3,3,2,1
"3683","ME02MA",10,45,2,3,3,2,1
"3684","ME02MA",10,1,2,3,3,2,2
"3685","ME02MA",10,23,2,3,3,2,2
"3686","ME02MA",10,60,2,3,3,2,2
"3687","ME02MA",10,22,2,3,3,2,2
"3688","ME02MA",10,46,2,3,3,2,2
"3689","ME02MA",10,25,2,3,3,2,2
"3690","ME02MA",10,17,5,5,5,1,2
"3691","ME02MA",10,74,3,4,4,2,2
"3692","ME02MA",10,38,2,3,3,2,2
"3693","MI07JA",51,26,4,4,4,2,1
"3694","MI07JA",51,62,4,3,4,2,2
"3695","MI07JA",51,40,3,3,3,2,1
"3696","MI07JA",51,NA,NA,NA,NA,NA,NA
"3697","MI07JA",51,47,3,3,4,2,2
"3698","MI07JA",51,19,4,5,4,2,1
"3699","MI07JA",51,74,3,4,4,2,2
"3700","MI07JA",51,14,6,5,5,1,1
"3701","MI07JA",51,24,3,5,4,2,2
"3702","MI07JA",51,71,2,3,3,2,2
"3703","MI07JA",51,4,3,3,3,2,1
"3704","MI07JA",51,55,2,3,3,2,2
"3705","MI07JA",51,60,3,4,4,2,2
"3706","MI07JA",51,3,4,4,3,2,2
"3707","MI07JA",51,61,2,4,4,2,2
"3708","MI07JA",51,23,2,3,4,2,2
"3709","MI07JA",51,2,2,3,3,2,2
"3710","MI07JA",51,39,2,3,3,2,2
"3711","MI07JA",51,73,4,4,4,2,2
"3712","MI07JA",51,15,3,4,3,2,2
"3713","MI07JA",51,46,6,5,4,1,2
"3714","MI07JA",51,66,6,6,5,1,2
"3715","MI07JA",51,59,2,4,4,2,2
"3716","MI07JA",51,38,3,4,4,2,2
"3717","MI07JA",51,50,2,3,4,2,2
"3718","MI07JA",51,43,3,1,3,2,2
"3719","MI07JA",51,22,3,3,3,2,2
"3720","MI07JA",51,18,4,5,5,2,2
"3721","MI07JA",51,56,2,3,3,2,2
"3722","MI07JA",51,35,2,3,3,2,2
"3723","MI07JA",51,72,3,5,4,2,2
"3724","MI07JA",51,44,4,4,4,2,2
"3725","MI07JA",51,45,2,4,4,2,2
"3726","MI07JA",51,36,4,4,4,2,2
"3727","MI07JA",51,11,6,5,5,1,2
"3728","MI07JA",51,25,4,4,3,2,1
"3729","MI07JA",51,64,2,3,3,2,2
"3730","MI07JA",51,12,3,3,4,2,2
"3731","MI07JA",51,17,3,4,4,2,2
"3732","MI07JA",51,34,2,3,3,2,2
"3733","MI07JA",51,13,3,4,4,2,2
"3734","MI07JA",51,1,2,3,3,2,2
"3735","MI07JA",51,65,4,3,4,2,2
"3736","MI07JA",51,51,NA,NA,NA,NA,NA
"3737","MI07JA",51,31,4,4,4,2,1
"3738","MI07JA",51,57,3,4,3,2,2
"3739","MI07JA",51,5,2,4,4,2,2
"3740","MI07JA",51,58,2,3,3,2,2
"3741","MI07JA",51,37,2,4,4,2,2
"3742","MI07JA",51,16,4,4,4,2,1
"3743","MI07JA",51,42,4,4,4,2,1
"3744","MI07JA",51,21,3,4,4,2,2
"3745","MI07JA",51,7,4,4,4,2,2
"3746","MI07JA",51,29,2,4,4,2,2
"3747","MI07JA",51,53,3,5,4,2,2
"3748","MI07JA",51,8,2,4,4,2,2
"3749","MI07JA",51,41,4,4,4,2,2
"3750","MI07JA",51,20,6,6,5,1,2
"3751","MI07JA",51,63,2,4,4,2,2
"3752","MI07JA",51,32,4,4,3,2,2
"3753","MI07JA",51,33,2,3,3,2,2
"3754","MI07JA",51,28,2,4,4,2,2
"3755","MI07JA",51,48,2,3,3,2,2
"3756","MI07JA",51,6,4,4,3,2,2
"3757","MI07JA",51,52,2,4,4,2,2
"3758","MI07JA",51,49,3,3,4,2,2
"3759","MI07JA",51,54,2,2,3,2,2
"3760","MI07JA",51,10,2,4,4,2,2
"3761","MI07JA",51,30,3,4,3,2,2
"3762","MI07JA",51,9,4,4,4,2,1
"3763","MI07JA",51,27,3,4,4,2,2
"3764","MO10FA",8,35,2,5,5,2,2
"3765","MO10FA",8,52,2,6,5,2,1
"3766","MO10FA",8,56,3,6,5,2,1
"3767","MO10FA",8,9,2,6,5,2,1
"3768","MO10FA",8,15,3,6,5,2,1
"3769","MO10FA",8,14,2,3,4,2,1
"3770","MO10FA",8,13,2,4,4,2,2
"3771","MO10FA",8,30,2,5,5,2,1
"3772","MO10FA",8,74,6,6,6,1,2
"3773","MO10FA",8,58,6,6,6,1,1
"3774","MO10FA",8,57,3,6,5,2,2
"3775","MO10FA",8,4,6,6,6,1,1
"3776","MO10FA",8,36,2,6,6,2,2
"3777","MO10FA",8,46,2,6,6,2,2
"3778","MO10FA",8,25,2,5,5,2,1
"3779","MO10FA",8,28,3,4,4,2,2
"3780","MO10FA",8,37,2,5,5,2,2
"3781","MO10FA",8,NA,NA,NA,NA,NA,NA
"3782","MO10FA",8,49,3,6,5,2,2
"3783","MO10FA",8,51,2,6,5,2,2
"3784","MO10FA",8,34,2,6,5,2,1
"3785","MO10FA",8,71,2,4,4,2,2
"3786","MO10FA",8,43,2,4,4,2,1
"3787","MO10FA",8,22,2,6,5,2,2
"3788","MO10FA",8,1,2,6,5,2,1
"3789","MO10FA",8,47,4,4,4,2,2
"3790","MO10FA",8,40,3,6,6,2,2
"3791","MO10FA",8,72,2,4,4,2,2
"3792","MO10FA",8,19,2,4,3,2,1
"3793","MO10FA",8,7,2,5,4,2,2
"3794","MO10FA",8,50,4,6,5,2,1
"3795","MO10FA",8,29,3,6,5,2,2
"3796","MO10FA",8,8,NA,NA,NA,NA,NA
"3797","MO10FA",8,64,2,5,4,2,2
"3798","MO10FA",8,3,2,5,5,2,2
"3799","MO10FA",8,55,2,4,4,2,2
"3800","MO10FA",8,5,3,6,5,2,1
"3801","MO10FA",8,48,2,5,5,2,2
"3802","MO10FA",8,27,2,5,4,2,2
"3803","MO10FA",8,6,3,6,6,2,1
"3804","MO10FA",8,61,3,6,5,2,2
"3805","MO10FA",8,44,2,4,4,2,2
"3806","MO10FA",8,62,2,6,6,2,1
"3807","MO10FA",8,41,3,6,5,2,2
"3808","MO10FA",8,20,2,6,4,2,1
"3809","MO10FA",8,16,2,1,2,2,2
"3810","MO10FA",8,59,2,6,5,2,2
"3811","MO10FA",8,38,2,6,5,2,2
"3812","MO10FA",8,26,2,5,5,2,2
"3813","MO10FA",8,12,4,5,5,2,1
"3814","MO10FA",8,60,2,5,4,2,2
"3815","MO10FA",8,39,6,6,6,1,1
"3816","MO10FA",8,65,2,5,4,2,2
"3817","MO10FA",8,66,2,6,5,2,1
"3818","MO10FA",8,63,2,6,5,2,1
"3819","MO10FA",8,23,3,4,4,2,1
"3820","MO10FA",8,2,6,6,6,1,1
"3821","MO10FA",8,33,5,5,5,1,2
"3822","MO10FA",8,17,3,6,5,2,1
"3823","MO10FA",8,42,2,6,4,2,1
"3824","MO10FA",8,21,2,6,5,2,2
"3825","MO10FA",8,18,2,4,4,2,2
"3826","MO10FA",8,10,2,5,5,2,2
"3827","MO10FA",8,73,3,6,5,2,1
"3828","MO10FA",8,45,3,6,5,2,2
"3829","MO10FA",8,31,2,5,5,2,1
"3830","MO10FA",8,54,2,4,4,2,2
"3831","MO10FA",8,53,2,6,5,2,1
"3832","MO10FA",8,24,2,5,5,2,2
"3833","MO10FA",8,11,2,4,4,2,2
"3834","MO10FA",8,32,2,4,4,2,1
"3835","Na22An",25,39,2,4,4,2,2
"3836","Na22An",25,63,2,4,4,2,2
"3837","Na22An",25,38,2,5,3,2,2
"3838","Na22An",25,60,3,4,5,2,2
"3839","Na22An",25,17,2,5,3,2,2
"3840","Na22An",25,59,2,4,4,2,2
"3841","Na22An",25,35,1,NA,NA,NA,NA
"3842","Na22An",25,49,4,4,4,2,2
"3843","Na22An",25,28,3,5,3,2,2
"3844","Na22An",25,64,3,6,5,2,2
"3845","Na22An",25,27,2,4,3,2,2
"3846","Na22An",25,15,6,6,6,1,1
"3847","Na22An",25,42,6,5,5,1,1
"3848","Na22An",25,21,2,4,3,2,2
"3849","Na22An",25,18,5,6,5,2,1
"3850","Na22An",25,6,6,6,6,1,1
"3851","Na22An",25,54,5,3,4,2,2
"3852","Na22An",25,33,2,4,3,2,1
"3853","Na22An",25,36,6,6,6,1,2
"3854","Na22An",25,41,6,6,5,1,2
"3855","Na22An",25,20,5,5,5,2,2
"3856","Na22An",25,58,2,5,4,2,2
"3857","Na22An",25,37,2,5,4,2,2
"3858","Na22An",25,32,6,6,6,1,2
"3859","Na22An",25,11,3,4,4,2,2
"3860","Na22An",25,16,6,6,6,1,1
"3861","Na22An",25,2,3,6,5,2,2
"3862","Na22An",25,12,1,NA,NA,NA,NA
"3863","Na22An",25,34,6,6,5,1,2
"3864","Na22An",25,14,6,6,5,1,1
"3865","Na22An",25,57,5,6,5,2,2
"3866","Na22An",25,74,2,6,5,2,1
"3867","Na22An",25,3,6,6,6,1,2
"3868","Na22An",25,46,6,6,6,1,1
"3869","Na22An",25,5,2,4,4,2,2
"3870","Na22An",25,53,6,6,6,1,1
"3871","Na22An",25,4,3,3,3,2,2
"3872","Na22An",25,47,2,4,4,2,2
"3873","Na22An",25,23,3,3,3,2,1
"3874","Na22An",25,NA,NA,NA,NA,NA,NA
"3875","Na22An",25,66,5,4,5,1,2
"3876","Na22An",25,55,2,6,4,2,2
"3877","Na22An",25,24,3,4,4,2,2
"3878","Na22An",25,13,6,6,6,1,1
"3879","Na22An",25,56,2,4,4,2,2
"3880","Na22An",25,19,6,6,5,1,1
"3881","Na22An",25,62,2,5,4,2,2
"3882","Na22An",25,26,6,6,6,1,1
"3883","Na22An",25,25,NA,NA,NA,NA,NA
"3884","Na22An",25,72,6,6,6,1,2
"3885","Na22An",25,48,2,5,4,2,2
"3886","Na22An",25,45,2,4,4,2,2
"3887","Na22An",25,61,2,4,3,2,2
"3888","Na22An",25,40,6,5,6,1,1
"3889","Na22An",25,73,6,6,5,1,1
"3890","Na22An",25,9,6,6,5,1,2
"3891","Na22An",25,65,4,5,4,2,1
"3892","Na22An",25,71,2,4,4,2,2
"3893","Na22An",25,30,3,5,4,2,1
"3894","Na22An",25,44,2,4,4,2,2
"3895","Na22An",25,7,2,3,3,2,2
"3896","Na22An",25,51,5,3,4,2,1
"3897","Na22An",25,10,2,4,3,2,2
"3898","Na22An",25,22,2,5,3,2,2
"3899","Na22An",25,1,2,4,4,2,2
"3900","Na22An",25,8,2,6,4,2,1
"3901","Na22An",25,43,4,4,4,2,2
"3902","Na22An",25,52,2,4,3,2,2
"3903","Na22An",25,31,6,6,6,1,1
"3904","Na22An",25,50,2,6,5,2,2
"3905","Na22An",25,29,2,5,4,2,2
"3906","PA24DE",16,7,2,2,3,2,2
"3907","PA24DE",16,8,2,4,3,2,2
"3908","PA24DE",16,5,2,3,3,2,2
"3909","PA24DE",16,50,2,3,3,2,2
"3910","PA24DE",16,26,4,5,4,2,2
"3911","PA24DE",16,51,4,3,4,2,1
"3912","PA24DE",16,59,2,5,4,2,2
"3913","PA24DE",16,27,2,4,3,2,2
"3914","PA24DE",16,38,3,4,3,2,2
"3915","PA24DE",16,31,4,5,4,2,1
"3916","PA24DE",16,48,2,3,3,2,2
"3917","PA24DE",16,64,2,3,3,2,2
"3918","PA24DE",16,32,3,5,4,2,1
"3919","PA24DE",16,20,4,5,4,2,1
"3920","PA24DE",16,10,2,5,4,2,2
"3921","PA24DE",16,53,4,5,4,2,2
"3922","PA24DE",16,16,NA,NA,NA,NA,NA
"3923","PA24DE",16,71,2,3,3,2,2
"3924","PA24DE",16,17,3,3,3,2,1
"3925","PA24DE",16,29,2,3,3,2,2
"3926","PA24DE",16,9,4,3,3,2,1
"3927","PA24DE",16,52,1,NA,NA,NA,NA
"3928","PA24DE",16,18,4,5,4,2,1
"3929","PA24DE",16,30,3,4,3,2,1
"3930","PA24DE",16,62,2,4,3,2,2
"3931","PA24DE",16,41,4,5,3,2,2
"3932","PA24DE",16,66,4,5,4,2,1
"3933","PA24DE",16,19,4,6,6,1,1
"3934","PA24DE",16,63,3,4,4,2,2
"3935","PA24DE",16,6,4,2,3,2,1
"3936","PA24DE",16,49,4,4,3,2,2
"3937","PA24DE",16,43,4,2,3,2,2
"3938","PA24DE",16,22,2,3,3,2,2
"3939","PA24DE",16,1,2,4,3,2,2
"3940","PA24DE",16,39,2,3,3,2,2
"3941","PA24DE",16,72,4,5,4,2,2
"3942","PA24DE",16,44,4,4,3,2,2
"3943","PA24DE",16,23,4,5,4,2,1
"3944","PA24DE",16,2,2,5,3,2,1
"3945","PA24DE",16,40,4,5,4,2,2
"3946","PA24DE",16,14,4,4,4,2,1
"3947","PA24DE",16,11,4,4,3,2,1
"3948","PA24DE",16,54,2,3,2,2,2
"3949","PA24DE",16,42,4,6,5,2,1
"3950","PA24DE",16,28,2,4,3,2,2
"3951","PA24DE",16,33,2,3,3,2,2
"3952","PA24DE",16,12,2,3,3,2,2
"3953","PA24DE",16,65,3,3,3,2,2
"3954","PA24DE",16,55,2,4,3,2,2
"3955","PA24DE",16,34,3,3,3,2,2
"3956","PA24DE",16,13,4,5,3,2,2
"3957","PA24DE",16,61,2,4,3,2,2
"3958","PA24DE",16,35,2,3,3,2,2
"3959","PA24DE",16,4,3,5,3,2,1
"3960","PA24DE",16,58,2,4,3,2,2
"3961","PA24DE",16,37,3,4,3,2,2
"3962","PA24DE",16,15,4,5,4,2,2
"3963","PA24DE",16,21,3,5,4,2,2
"3964","PA24DE",16,24,4,2,2,2,2
"3965","PA24DE",16,3,4,4,3,2,2
"3966","PA24DE",16,60,4,5,5,2,2
"3967","PA24DE",16,45,2,3,3,2,2
"3968","PA24DE",16,46,4,5,4,2,1
"3969","PA24DE",16,57,3,3,3,2,1
"3970","PA24DE",16,56,3,3,3,2,2
"3971","PA24DE",16,25,4,5,4,2,1
"3972","PA24DE",16,36,3,5,3,2,2
"3973","PA24DE",16,73,4,4,4,2,1
"3974","PA24DE",16,47,2,3,3,2,2
"3975","PA24DE",16,74,3,3,3,2,2
"3976","PA24DE",16,NA,NA,NA,NA,NA,NA
"3977","PE28UW",3,57,4,6,5,2,1
"3978","PE28UW",3,36,3,3,3,2,2
"3979","PE28UW",3,15,4,4,4,2,2
"3980","PE28UW",3,14,4,4,4,2,1
"3981","PE28UW",3,37,3,2,2,2,2
"3982","PE28UW",3,16,3,3,3,2,1
"3983","PE28UW",3,39,2,2,2,2,2
"3984","PE28UW",3,58,2,2,2,2,2
"3985","PE28UW",3,1,3,4,4,2,2
"3986","PE28UW",3,65,3,2,2,2,2
"3987","PE28UW",3,72,4,6,6,2,2
"3988","PE28UW",3,44,2,2,2,2,2
"3989","PE28UW",3,23,3,2,2,2,2
"3990","PE28UW",3,2,2,3,3,2,1
"3991","PE28UW",3,66,3,3,3,2,2
"3992","PE28UW",3,59,2,2,2,2,2
"3993","PE28UW",3,38,2,3,3,2,2
"3994","PE28UW",3,17,3,3,3,2,1
"3995","PE28UW",3,60,4,3,3,2,2
"3996","PE28UW",3,43,3,2,3,2,2
"3997","PE28UW",3,22,2,2,2,2,2
"3998","PE28UW",3,35,2,2,2,2,2
"3999","PE28UW",3,25,5,5,5,2,1
"4000","PE28UW",3,4,3,3,3,2,2
"4001","PE28UW",3,47,3,2,2,2,2
"4002","PE28UW",3,NA,NA,NA,NA,NA,NA
"4003","PE28UW",3,41,3,3,3,2,2
"4004","PE28UW",3,20,3,3,3,2,2
"4005","PE28UW",3,63,3,2,2,2,1
"4006","PE28UW",3,42,4,3,3,2,1
"4007","PE28UW",3,21,3,3,3,2,2
"4008","PE28UW",3,64,4,4,4,2,2
"4009","PE28UW",3,71,2,2,2,2,2
"4010","PE28UW",3,51,3,3,3,2,1
"4011","PE28UW",3,18,3,4,4,2,2
"4012","PE28UW",3,61,2,2,2,2,2
"4013","PE28UW",3,40,5,6,6,1,1
"4014","PE28UW",3,19,4,5,4,2,1
"4015","PE28UW",3,62,2,3,3,2,2
"4016","PE28UW",3,53,5,6,6,2,1
"4017","PE28UW",3,32,3,3,2,2,2
"4018","PE28UW",3,11,3,2,2,2,2
"4019","PE28UW",3,54,4,4,4,2,1
"4020","PE28UW",3,33,2,2,2,2,2
"4021","PE28UW",3,12,2,2,2,2,2
"4022","PE28UW",3,55,2,2,2,2,2
"4023","PE28UW",3,34,4,5,4,2,1
"4024","PE28UW",3,30,3,3,3,2,1
"4025","PE28UW",3,9,5,6,6,1,2
"4026","PE28UW",3,52,2,2,2,2,2
"4027","PE28UW",3,31,4,4,3,2,1
"4028","PE28UW",3,10,2,2,2,2,2
"4029","PE28UW",3,48,2,2,2,2,2
"4030","PE28UW",3,27,2,2,2,2,2
"4031","PE28UW",3,6,5,5,4,2,2
"4032","PE28UW",3,49,3,2,2,2,2
"4033","PE28UW",3,28,3,3,3,2,2
"4034","PE28UW",3,7,2,2,2,2,2
"4035","PE28UW",3,50,3,3,3,2,2
"4036","PE28UW",3,29,3,2,2,2,2
"4037","PE28UW",3,13,4,3,3,2,2
"4038","PE28UW",3,56,3,2,2,2,2
"4039","PE28UW",3,46,4,6,6,2,1
"4040","PE28UW",3,26,5,6,6,1,2
"4041","PE28UW",3,5,2,3,3,2,1
"4042","PE28UW",3,8,2,3,3,2,2
"4043","PE28UW",3,3,NA,NA,NA,NA,NA
"4044","PE28UW",3,73,4,4,4,2,1
"4045","PE28UW",3,45,2,2,2,2,2
"4046","PE28UW",3,24,3,2,2,2,2
"4047","PE28UW",3,74,2,3,3,2,1
"4048","RA27JA",13,63,4,4,3,2,2
"4049","RA27JA",13,41,6,6,6,1,2
"4050","RA27JA",13,53,5,4,4,1,2
"4051","RA27JA",13,20,3,2,3,2,2
"4052","RA27JA",13,62,2,3,3,2,2
"4053","RA27JA",13,32,6,5,5,1,2
"4054","RA27JA",13,48,2,3,3,2,2
"4055","RA27JA",13,54,3,3,3,2,2
"4056","RA27JA",13,31,3,4,4,2,2
"4057","RA27JA",13,28,4,4,4,2,2
"4058","RA27JA",13,21,2,3,3,2,2
"4059","RA27JA",13,42,6,6,6,1,2
"4060","RA27JA",13,11,2,2,2,2,2
"4061","RA27JA",13,72,6,6,6,1,2
"4062","RA27JA",13,19,5,4,4,1,1
"4063","RA27JA",13,5,2,2,2,2,1
"4064","RA27JA",13,10,2,2,2,2,2
"4065","RA27JA",13,7,2,2,2,2,2
"4066","RA27JA",13,65,4,4,4,2,1
"4067","RA27JA",13,27,2,3,3,2,2
"4068","RA27JA",13,52,2,3,3,2,2
"4069","RA27JA",13,1,1,NA,NA,NA,NA
"4070","RA27JA",13,12,4,2,3,2,2
"4071","RA27JA",13,55,2,3,3,2,2
"4072","RA27JA",13,6,5,4,4,1,2
"4073","RA27JA",13,49,4,2,4,2,2
"4074","RA27JA",13,40,5,2,3,2,2
"4075","RA27JA",13,61,2,3,3,2,2
"4076","RA27JA",13,26,6,6,5,1,2
"4077","RA27JA",13,56,2,3,3,2,2
"4078","RA27JA",13,35,2,2,2,2,2
"4079","RA27JA",13,14,3,4,4,2,1
"4080","RA27JA",13,44,3,4,4,2,2
"4081","RA27JA",13,23,3,2,2,2,2
"4082","RA27JA",13,33,2,3,3,2,2
"4083","RA27JA",13,58,2,3,3,2,2
"4084","RA27JA",13,2,2,3,3,2,2
"4085","RA27JA",13,64,3,3,2,2,2
"4086","RA27JA",13,71,2,3,3,2,2
"4087","RA27JA",13,39,2,3,3,2,2
"4088","RA27JA",13,18,6,5,5,1,2
"4089","RA27JA",13,13,NA,NA,NA,NA,NA
"4090","RA27JA",13,43,3,2,2,2,2
"4091","RA27JA",13,22,2,3,3,2,2
"4092","RA27JA",13,74,2,3,3,2,2
"4093","RA27JA",13,46,5,4,4,1,2
"4094","RA27JA",13,57,3,4,3,2,2
"4095","RA27JA",13,36,3,4,4,2,2
"4096","RA27JA",13,15,5,4,4,2,1
"4097","RA27JA",13,37,2,3,3,2,2
"4098","RA27JA",13,50,2,3,3,2,2
"4099","RA27JA",13,29,2,3,3,2,2
"4100","RA27JA",13,8,2,3,3,2,2
"4101","RA27JA",13,60,2,3,3,2,2
"4102","RA27JA",13,51,5,3,3,2,1
"4103","RA27JA",13,24,3,3,3,2,2
"4104","RA27JA",13,3,5,3,3,1,2
"4105","RA27JA",13,9,4,2,2,2,2
"4106","RA27JA",13,NA,NA,NA,NA,NA,NA
"4107","RA27JA",13,66,4,4,4,2,2
"4108","RA27JA",13,25,5,5,5,1,2
"4109","RA27JA",13,4,4,5,4,2,1
"4110","RA27JA",13,17,2,3,3,2,1
"4111","RA27JA",13,34,4,4,4,2,2
"4112","RA27JA",13,73,3,2,4,2,2
"4113","RA27JA",13,38,3,2,3,2,2
"4114","RA27JA",13,59,3,3,3,2,2
"4115","RA27JA",13,47,2,3,3,2,2
"4116","RA27JA",13,30,3,3,3,2,2
"4117","RA27JA",13,45,2,3,3,2,2
"4118","RA27JA",13,16,6,4,4,1,2
"4119","RE09GE",71,43,3,4,4,2,1
"4120","RE09GE",71,4,5,6,5,2,2
"4121","RE09GE",71,71,NA,NA,NA,NA,NA
"4122","RE09GE",71,NA,NA,NA,NA,NA,NA
"4123","RE09GE",71,45,1,NA,NA,NA,NA
"4124","RE09GE",71,24,2,6,4,2,2
"4125","RE09GE",71,47,2,4,5,2,2
"4126","RE09GE",71,74,2,4,4,2,2
"4127","RE09GE",71,46,2,3,5,2,2
"4128","RE09GE",71,25,2,6,4,2,1
"4129","RE09GE",71,3,2,6,5,2,2
"4130","RE09GE",71,1,2,6,4,2,2
"4131","RE09GE",71,65,3,4,4,2,2
"4132","RE09GE",71,72,4,5,3,2,2
"4133","RE09GE",71,22,2,5,4,2,2
"4134","RE09GE",71,49,3,5,5,2,2
"4135","RE09GE",71,28,6,6,6,1,2
"4136","RE09GE",71,7,3,5,4,2,1
"4137","RE09GE",71,50,3,4,4,2,1
"4138","RE09GE",71,29,3,4,4,2,2
"4139","RE09GE",71,8,3,4,4,2,2
"4140","RE09GE",71,51,2,5,5,2,2
"4141","RE09GE",71,30,3,6,4,2,2
"4142","RE09GE",71,55,2,5,5,2,2
"4143","RE09GE",71,34,2,6,5,2,1
"4144","RE09GE",71,13,3,3,3,2,2
"4145","RE09GE",71,56,3,4,4,2,1
"4146","RE09GE",71,44,2,2,2,2,2
"4147","RE09GE",71,23,3,3,3,2,1
"4148","RE09GE",71,2,2,4,4,2,1
"4149","RE09GE",71,66,2,6,5,2,2
"4150","RE09GE",71,73,3,5,5,2,2
"4151","RE09GE",71,11,2,2,2,2,1
"4152","RE09GE",71,54,3,3,2,2,2
"4153","RE09GE",71,33,1,NA,NA,NA,NA
"4154","RE09GE",71,12,3,3,5,2,1
"4155","RE09GE",71,60,5,4,4,2,2
"4156","RE09GE",71,39,2,5,5,2,2
"4157","RE09GE",71,18,3,5,4,2,1
"4158","RE09GE",71,61,3,2,2,2,1
"4159","RE09GE",71,40,4,6,5,2,2
"4160","RE09GE",71,19,3,5,2,2,1
"4161","RE09GE",71,62,3,4,4,2,2
"4162","RE09GE",71,41,3,3,5,2,2
"4163","RE09GE",71,20,2,5,6,2,2
"4164","RE09GE",71,63,1,NA,NA,NA,NA
"4165","RE09GE",71,42,3,3,6,2,1
"4166","RE09GE",71,21,5,5,5,2,2
"4167","RE09GE",71,64,3,3,5,2,2
"4168","RE09GE",71,59,3,6,5,2,1
"4169","RE09GE",71,38,4,5,4,2,1
"4170","RE09GE",71,17,2,4,3,2,2
"4171","RE09GE",71,26,2,4,4,2,2
"4172","RE09GE",71,9,3,5,4,2,2
"4173","RE09GE",71,52,1,NA,NA,NA,NA
"4174","RE09GE",71,31,2,5,5,2,1
"4175","RE09GE",71,10,2,4,4,2,2
"4176","RE09GE",71,53,3,5,5,2,2
"4177","RE09GE",71,32,2,4,3,2,1
"4178","RE09GE",71,58,2,5,5,2,2
"4179","RE09GE",71,37,4,4,4,2,2
"4180","RE09GE",71,16,2,5,5,2,1
"4181","RE09GE",71,5,3,3,5,2,2
"4182","RE09GE",71,35,2,3,3,2,1
"4183","RE09GE",71,14,3,5,5,2,1
"4184","RE09GE",71,57,3,4,3,2,2
"4185","RE09GE",71,36,2,5,5,2,1
"4186","RE09GE",71,15,5,6,4,1,1
"4187","RE09GE",71,48,2,4,4,2,2
"4188","RE09GE",71,27,2,5,5,2,2
"4189","RE09GE",71,6,3,4,4,2,2
"4190","Re11Th",37,48,2,3,3,2,2
"4191","Re11Th",37,25,2,2,3,2,2
"4192","Re11Th",37,46,3,4,4,2,1
"4193","Re11Th",37,NA,NA,NA,NA,NA,NA
"4194","Re11Th",37,26,3,4,4,2,1
"4195","Re11Th",37,5,2,3,4,2,2
"4196","Re11Th",37,3,2,4,4,2,2
"4197","Re11Th",37,24,2,4,4,2,1
"4198","Re11Th",37,45,2,3,3,2,2
"4199","Re11Th",37,74,3,3,3,2,2
"4200","Re11Th",37,22,2,3,3,2,2
"4201","Re11Th",37,34,4,5,4,2,1
"4202","Re11Th",37,4,2,3,3,2,1
"4203","Re11Th",37,9,2,2,2,2,2
"4204","Re11Th",37,73,3,4,3,2,1
"4205","Re11Th",37,61,4,4,4,2,1
"4206","Re11Th",37,40,3,3,3,2,1
"4207","Re11Th",37,58,2,3,3,2,2
"4208","Re11Th",37,51,3,3,3,2,1
"4209","Re11Th",37,50,3,5,4,2,1
"4210","Re11Th",37,12,3,4,4,2,1
"4211","Re11Th",37,55,2,3,3,2,2
"4212","Re11Th",37,31,2,4,4,2,1
"4213","Re11Th",37,47,2,4,4,2,2
"4214","Re11Th",37,71,4,5,4,2,1
"4215","Re11Th",37,52,3,5,4,2,1
"4216","Re11Th",37,7,3,4,4,2,1
"4217","Re11Th",37,41,3,4,4,2,1
"4218","Re11Th",37,33,2,3,3,2,2
"4219","Re11Th",37,15,2,4,4,2,1
"4220","Re11Th",37,8,2,5,4,2,1
"4221","Re11Th",37,63,3,4,4,2,1
"4222","Re11Th",37,18,2,4,4,2,1
"4223","Re11Th",37,29,2,3,4,2,2
"4224","Re11Th",37,13,3,4,3,2,1
"4225","Re11Th",37,56,2,2,3,2,2
"4226","Re11Th",37,10,2,3,3,2,2
"4227","Re11Th",37,39,2,3,3,2,2
"4228","Re11Th",37,32,2,3,3,2,1
"4229","Re11Th",37,11,2,4,4,2,2
"4230","Re11Th",37,54,2,3,3,2,2
"4231","Re11Th",37,37,6,4,3,2,1
"4232","Re11Th",37,20,3,4,4,2,1
"4233","Re11Th",37,64,2,3,3,2,2
"4234","Re11Th",37,59,2,4,4,2,1
"4235","Re11Th",37,30,2,4,3,2,1
"4236","Re11Th",37,21,4,5,5,2,1
"4237","Re11Th",37,57,3,3,3,2,2
"4238","Re11Th",37,43,2,3,3,2,2
"4239","Re11Th",37,1,4,4,4,2,1
"4240","Re11Th",37,14,3,4,4,2,1
"4241","Re11Th",37,66,4,4,4,2,1
"4242","Re11Th",37,36,4,5,4,2,1
"4243","Re11Th",37,28,4,5,4,2,1
"4244","Re11Th",37,2,2,3,2,2,2
"4245","Re11Th",37,60,3,4,4,2,2
"4246","Re11Th",37,17,2,4,4,2,1
"4247","Re11Th",37,44,4,4,4,2,1
"4248","Re11Th",37,42,3,4,3,2,1
"4249","Re11Th",37,65,4,4,4,2,2
"4250","Re11Th",37,53,3,4,4,2,1
"4251","Re11Th",37,27,3,4,4,2,2
"4252","Re11Th",37,23,4,4,4,2,1
"4253","Re11Th",37,62,3,4,4,2,1
"4254","Re11Th",37,19,3,4,4,2,1
"4255","Re11Th",37,6,3,3,3,2,1
"4256","Re11Th",37,16,3,3,3,2,1
"4257","Re11Th",37,38,2,4,4,2,1
"4258","Re11Th",37,72,2,4,4,2,1
"4259","Re11Th",37,35,2,3,4,2,2
"4260","Re11Th",37,49,4,3,3,2,2
"4261","RI21AN",5,49,3,3,3,2,2
"4262","RI21AN",5,28,3,3,3,2,1
"4263","RI21AN",5,14,4,4,3,2,1
"4264","RI21AN",5,36,3,4,3,2,1
"4265","RI21AN",5,15,3,4,3,2,1
"4266","RI21AN",5,58,4,3,3,2,2
"4267","RI21AN",5,57,3,4,3,2,2
"4268","RI21AN",5,50,4,5,3,2,1
"4269","RI21AN",5,29,2,4,3,2,2
"4270","RI21AN",5,8,3,4,3,2,2
"4271","RI21AN",5,7,3,2,2,2,2
"4272","RI21AN",5,30,2,3,3,2,1
"4273","RI21AN",5,56,6,6,5,1,1
"4274","RI21AN",5,35,3,3,3,2,2
"4275","RI21AN",5,52,2,4,3,2,1
"4276","RI21AN",5,31,3,4,3,2,1
"4277","RI21AN",5,27,3,4,3,2,2
"4278","RI21AN",5,6,3,4,3,2,1
"4279","RI21AN",5,20,2,4,3,2,1
"4280","RI21AN",5,63,4,5,4,2,1
"4281","RI21AN",5,42,4,5,4,2,1
"4282","RI21AN",5,21,4,3,2,2,1
"4283","RI21AN",5,64,3,4,3,2,2
"4284","RI21AN",5,51,4,4,3,2,1
"4285","RI21AN",5,13,3,3,3,2,2
"4286","RI21AN",5,22,3,3,3,2,2
"4287","RI21AN",5,9,4,4,3,2,1
"4288","RI21AN",5,4,3,4,2,2,1
"4289","RI21AN",5,47,4,5,4,2,1
"4290","RI21AN",5,NA,NA,NA,NA,NA,NA
"4291","RI21AN",5,19,3,3,3,2,1
"4292","RI21AN",5,62,2,4,3,2,1
"4293","RI21AN",5,41,4,4,3,2,1
"4294","RI21AN",5,11,2,3,3,2,1
"4295","RI21AN",5,54,2,2,2,2,2
"4296","RI21AN",5,37,2,3,3,2,1
"4297","RI21AN",5,71,3,4,3,2,1
"4298","RI21AN",5,43,2,3,3,2,2
"4299","RI21AN",5,46,4,4,3,2,1
"4300","RI21AN",5,25,2,4,3,2,1
"4301","RI21AN",5,26,4,4,3,2,1
"4302","RI21AN",5,5,NA,NA,NA,NA,NA
"4303","RI21AN",5,48,4,4,3,2,1
"4304","RI21AN",5,10,6,6,5,1,1
"4305","RI21AN",5,53,2,4,3,2,1
"4306","RI21AN",5,32,2,3,3,2,2
"4307","RI21AN",5,40,2,4,3,2,2
"4308","RI21AN",5,66,2,4,3,2,1
"4309","RI21AN",5,33,3,4,3,2,2
"4310","RI21AN",5,12,2,4,3,2,2
"4311","RI21AN",5,55,2,4,3,2,1
"4312","RI21AN",5,34,2,3,3,2,2
"4313","RI21AN",5,59,2,3,3,2,2
"4314","RI21AN",5,1,2,4,3,2,2
"4315","RI21AN",5,65,4,4,3,2,1
"4316","RI21AN",5,72,4,3,3,2,2
"4317","RI21AN",5,39,2,3,3,2,2
"4318","RI21AN",5,18,2,3,3,2,1
"4319","RI21AN",5,61,2,3,3,2,2
"4320","RI21AN",5,2,2,2,2,2,1
"4321","RI21AN",5,16,2,3,2,2,1
"4322","RI21AN",5,73,4,4,3,2,1
"4323","RI21AN",5,45,3,4,3,2,1
"4324","RI21AN",5,24,2,3,3,2,2
"4325","RI21AN",5,60,4,4,3,2,2
"4326","RI21AN",5,74,4,4,3,2,1
"4327","RI21AN",5,38,3,4,3,2,1
"4328","RI21AN",5,17,6,6,5,1,1
"4329","RI21AN",5,3,3,4,3,2,1
"4330","RI21AN",5,44,3,4,3,2,2
"4331","RI21AN",5,23,4,4,2,2,2
"4332","SA28AN",12,64,4,4,3,2,2
"4333","SA28AN",12,38,3,4,3,2,2
"4334","SA28AN",12,71,2,3,3,2,2
"4335","SA28AN",12,28,2,3,3,2,2
"4336","SA28AN",12,17,2,4,3,2,2
"4337","SA28AN",12,18,2,3,3,2,2
"4338","SA28AN",12,21,2,3,3,2,2
"4339","SA28AN",12,61,2,3,3,2,2
"4340","SA28AN",12,26,3,4,3,2,2
"4341","SA28AN",12,5,2,3,3,2,2
"4342","SA28AN",12,42,3,4,3,2,2
"4343","SA28AN",12,6,2,4,3,2,2
"4344","SA28AN",12,49,3,4,4,2,2
"4345","SA28AN",12,60,2,4,4,2,2
"4346","SA28AN",12,39,2,3,3,2,2
"4347","SA28AN",12,22,2,3,3,2,2
"4348","SA28AN",12,1,2,3,3,2,2
"4349","SA28AN",12,65,2,3,3,2,2
"4350","SA28AN",12,72,2,3,3,2,2
"4351","SA28AN",12,16,2,3,3,2,2
"4352","SA28AN",12,73,2,4,3,2,2
"4353","SA28AN",12,45,2,3,3,2,2
"4354","SA28AN",12,59,4,3,3,2,2
"4355","SA28AN",12,43,4,4,3,2,2
"4356","SA28AN",12,24,2,2,3,2,2
"4357","SA28AN",12,55,2,4,3,2,2
"4358","SA28AN",12,7,2,3,3,2,2
"4359","SA28AN",12,40,2,3,3,2,2
"4360","SA28AN",12,19,2,2,3,2,2
"4361","SA28AN",12,62,2,3,3,2,2
"4362","SA28AN",12,50,4,5,4,2,2
"4363","SA28AN",12,37,2,3,3,2,2
"4364","SA28AN",12,66,2,3,3,2,2
"4365","SA28AN",12,27,2,4,3,2,2
"4366","SA28AN",12,63,3,4,3,2,2
"4367","SA28AN",12,32,2,3,3,2,2
"4368","SA28AN",12,11,3,3,3,2,2
"4369","SA28AN",12,8,4,4,4,2,2
"4370","SA28AN",12,3,2,3,3,2,2
"4371","SA28AN",12,34,2,3,3,2,2
"4372","SA28AN",12,29,2,4,3,2,2
"4373","SA28AN",12,48,2,3,3,2,2
"4374","SA28AN",12,44,2,2,3,2,2
"4375","SA28AN",12,23,2,3,3,2,2
"4376","SA28AN",12,2,2,3,3,2,2
"4377","SA28AN",12,14,3,4,3,2,2
"4378","SA28AN",12,10,2,3,3,2,2
"4379","SA28AN",12,53,2,3,3,2,2
"4380","SA28AN",12,74,3,3,3,2,2
"4381","SA28AN",12,58,2,3,3,2,2
"4382","SA28AN",12,57,2,3,3,2,2
"4383","SA28AN",12,54,2,3,3,2,2
"4384","SA28AN",12,15,3,3,3,2,2
"4385","SA28AN",12,33,2,3,3,2,2
"4386","SA28AN",12,31,2,3,3,2,2
"4387","SA28AN",12,36,2,3,3,2,2
"4388","SA28AN",12,20,2,3,3,2,2
"4389","SA28AN",12,9,2,3,3,2,2
"4390","SA28AN",12,46,4,4,3,2,1
"4391","SA28AN",12,41,2,2,3,2,2
"4392","SA28AN",12,56,3,4,4,2,2
"4393","SA28AN",12,52,2,3,3,2,2
"4394","SA28AN",12,13,4,3,3,2,2
"4395","SA28AN",12,30,2,3,3,2,2
"4396","SA28AN",12,35,2,3,3,2,2
"4397","SA28AN",12,NA,NA,NA,NA,NA,NA
"4398","SA28AN",12,51,3,5,3,2,2
"4399","SA28AN",12,12,NA,NA,NA,NA,NA
"4400","SA28AN",12,4,4,4,4,2,2
"4401","SA28AN",12,47,3,4,3,2,2
"4402","SA28AN",12,25,2,3,3,2,2
"4403","SA30DE",11,43,3,3,3,2,2
"4404","SA30DE",11,16,4,5,4,2,1
"4405","SA30DE",11,63,2,4,4,2,2
"4406","SA30DE",11,59,2,5,5,2,2
"4407","SA30DE",11,60,3,5,4,2,2
"4408","SA30DE",11,71,2,4,3,2,2
"4409","SA30DE",11,34,3,5,4,2,2
"4410","SA30DE",11,8,2,4,3,2,2
"4411","SA30DE",11,37,2,5,4,2,2
"4412","SA30DE",11,20,6,6,6,1,1
"4413","SA30DE",11,58,2,5,4,2,2
"4414","SA30DE",11,6,4,6,5,2,1
"4415","SA30DE",11,22,2,4,4,2,2
"4416","SA30DE",11,1,2,4,3,2,2
"4417","SA30DE",11,64,3,4,3,2,2
"4418","SA30DE",11,17,2,4,3,2,2
"4419","SA30DE",11,42,4,5,4,2,2
"4420","SA30DE",11,21,3,5,4,2,2
"4421","SA30DE",11,18,3,4,3,2,2
"4422","SA30DE",11,61,2,5,4,2,2
"4423","SA30DE",11,7,5,6,5,2,2
"4424","SA30DE",11,39,2,4,2,2,2
"4425","SA30DE",11,15,4,5,4,2,2
"4426","SA30DE",11,41,4,4,3,2,2
"4427","SA30DE",11,2,2,6,5,2,2
"4428","SA30DE",11,49,3,4,3,2,2
"4429","SA30DE",11,53,4,6,5,2,1
"4430","SA30DE",11,38,4,5,4,2,2
"4431","SA30DE",11,28,3,4,4,2,2
"4432","SA30DE",11,12,3,5,4,2,2
"4433","SA30DE",11,50,3,5,4,2,2
"4434","SA30DE",11,29,4,6,5,2,2
"4435","SA30DE",11,51,6,6,6,1,1
"4436","SA30DE",11,65,4,5,5,2,2
"4437","SA30DE",11,72,4,5,4,2,2
"4438","SA30DE",11,44,4,5,4,2,2
"4439","SA30DE",11,23,3,4,4,2,1
"4440","SA30DE",11,NA,NA,NA,NA,NA,NA
"4441","SA30DE",11,10,2,4,4,2,2
"4442","SA30DE",11,13,3,4,3,2,2
"4443","SA30DE",11,66,6,6,6,1,1
"4444","SA30DE",11,33,1,NA,NA,NA,NA
"4445","SA30DE",11,45,2,4,4,2,2
"4446","SA30DE",11,57,2,4,3,2,2
"4447","SA30DE",11,56,2,5,3,2,2
"4448","SA30DE",11,35,2,5,4,2,2
"4449","SA30DE",11,14,5,6,5,1,1
"4450","SA30DE",11,62,4,6,4,2,2
"4451","SA30DE",11,36,6,6,6,1,1
"4452","SA30DE",11,47,4,5,3,2,2
"4453","SA30DE",11,27,4,6,5,2,2
"4454","SA30DE",11,11,NA,NA,NA,NA,NA
"4455","SA30DE",11,24,2,5,5,2,2
"4456","SA30DE",11,55,2,4,3,2,2
"4457","SA30DE",11,73,5,6,5,1,1
"4458","SA30DE",11,74,3,5,4,2,2
"4459","SA30DE",11,26,5,6,5,2,1
"4460","SA30DE",11,5,2,3,2,2,2
"4461","SA30DE",11,3,4,6,5,2,2
"4462","SA30DE",11,31,5,6,5,1,1
"4463","SA30DE",11,19,3,5,4,2,1
"4464","SA30DE",11,54,2,5,4,2,2
"4465","SA30DE",11,48,2,4,3,2,2
"4466","SA30DE",11,32,4,5,4,2,1
"4467","SA30DE",11,4,3,4,2,2,2
"4468","SA30DE",11,30,4,4,4,2,2
"4469","SA30DE",11,9,3,6,5,2,1
"4470","SA30DE",11,52,2,4,3,2,2
"4471","SA30DE",11,40,4,5,4,2,1
"4472","SA30DE",11,46,6,6,5,1,1
"4473","SA30DE",11,25,4,5,4,2,1
"4474","SE16MA",20,25,4,4,4,1,2
"4475","SE16MA",20,33,3,2,3,2,2
"4476","SE16MA",20,46,5,6,5,1,1
"4477","SE16MA",20,12,2,2,3,2,2
"4478","SE16MA",20,47,3,2,3,2,2
"4479","SE16MA",20,58,3,4,4,2,2
"4480","SE16MA",20,13,4,4,4,2,2
"4481","SE16MA",20,55,2,2,3,2,2
"4482","SE16MA",20,54,2,3,3,2,1
"4483","SE16MA",20,74,4,4,4,2,2
"4484","SE16MA",20,6,4,5,4,2,2
"4485","SE16MA",20,56,2,2,2,2,1
"4486","SE16MA",20,35,2,1,3,2,2
"4487","SE16MA",20,4,3,2,3,2,2
"4488","SE16MA",20,65,4,4,4,2,2
"4489","SE16MA",20,37,2,3,3,2,2
"4490","SE16MA",20,16,4,5,4,1,1
"4491","SE16MA",20,11,4,3,4,1,2
"4492","SE16MA",20,34,3,6,5,2,2
"4493","SE16MA",20,17,2,3,3,2,1
"4494","SE16MA",20,60,3,3,4,2,2
"4495","SE16MA",20,73,4,6,5,1,2
"4496","SE16MA",20,18,2,3,3,2,2
"4497","SE16MA",20,61,2,3,3,2,2
"4498","SE16MA",20,NA,NA,NA,NA,NA,NA
"4499","SE16MA",20,39,2,3,4,2,2
"4500","SE16MA",20,57,3,2,2,2,2
"4501","SE16MA",20,36,4,6,5,1,2
"4502","SE16MA",20,72,4,4,4,2,2
"4503","SE16MA",20,44,3,2,4,2,2
"4504","SE16MA",20,23,3,3,3,2,1
"4505","SE16MA",20,38,2,3,3,2,1
"4506","SE16MA",20,45,2,3,3,2,2
"4507","SE16MA",20,24,3,4,3,2,2
"4508","SE16MA",20,3,3,4,4,2,2
"4509","SE16MA",20,9,4,4,3,2,1
"4510","SE16MA",20,26,4,4,4,1,2
"4511","SE16MA",20,40,3,2,3,2,2
"4512","SE16MA",20,49,3,3,4,2,2
"4513","SE16MA",20,19,4,5,4,2,1
"4514","SE16MA",20,28,3,1,4,2,2
"4515","SE16MA",20,15,4,5,4,2,1
"4516","SE16MA",20,7,4,4,3,2,2
"4517","SE16MA",20,50,2,4,4,2,2
"4518","SE16MA",20,2,2,3,3,2,1
"4519","SE16MA",20,8,3,4,4,2,2
"4520","SE16MA",20,66,5,6,5,1,2
"4521","SE16MA",20,30,2,3,3,2,2
"4522","SE16MA",20,63,2,3,3,2,1
"4523","SE16MA",20,42,4,4,4,2,1
"4524","SE16MA",20,5,2,2,3,2,2
"4525","SE16MA",20,14,4,4,4,1,1
"4526","SE16MA",20,53,4,4,4,2,2
"4527","SE16MA",20,32,4,4,3,2,2
"4528","SE16MA",20,1,2,4,4,2,2
"4529","SE16MA",20,51,5,4,5,1,1
"4530","SE16MA",20,62,4,3,4,2,1
"4531","SE16MA",20,59,2,3,3,2,2
"4532","SE16MA",20,29,2,2,3,2,2
"4533","SE16MA",20,21,2,4,4,2,2
"4534","SE16MA",20,20,NA,NA,NA,NA,NA
"4535","SE16MA",20,10,2,2,3,2,1
"4536","SE16MA",20,27,2,3,4,2,2
"4537","SE16MA",20,43,3,1,3,2,1
"4538","SE16MA",20,48,2,3,3,2,2
"4539","SE16MA",20,52,2,4,4,2,1
"4540","SE16MA",20,41,3,3,3,2,2
"4541","SE16MA",20,22,2,2,3,2,2
"4542","SE16MA",20,71,2,3,3,2,1
"4543","SE16MA",20,64,2,3,3,2,2
"4544","SE16MA",20,31,5,6,5,1,1
"4545","SI21JO",28,5,2,4,4,2,2
"4546","SI21JO",28,30,3,3,3,2,1
"4547","SI21JO",28,50,5,5,5,1,2
"4548","SI21JO",28,40,3,3,3,2,1
"4549","SI21JO",28,23,4,4,3,2,1
"4550","SI21JO",28,9,3,4,4,2,1
"4551","SI21JO",28,7,3,2,3,2,2
"4552","SI21JO",28,34,4,3,3,2,1
"4553","SI21JO",28,11,3,4,4,2,2
"4554","SI21JO",28,54,3,4,4,2,2
"4555","SI21JO",28,55,4,5,3,2,2
"4556","SI21JO",28,61,2,4,4,2,1
"4557","SI21JO",28,44,4,4,4,2,2
"4558","SI21JO",28,16,3,2,4,2,1
"4559","SI21JO",28,52,1,NA,NA,NA,NA
"4560","SI21JO",28,12,3,4,4,2,2
"4561","SI21JO",28,42,3,5,4,2,1
"4562","SI21JO",28,6,4,5,4,2,2
"4563","SI21JO",28,59,2,4,4,2,2
"4564","SI21JO",28,26,3,2,2,2,2
"4565","SI21JO",28,32,2,1,1,2,2
"4566","SI21JO",28,10,3,3,3,2,1
"4567","SI21JO",28,53,2,4,3,2,2
"4568","SI21JO",28,22,4,4,4,2,2
"4569","SI21JO",28,29,2,4,4,2,1
"4570","SI21JO",28,37,4,4,4,2,2
"4571","SI21JO",28,51,3,3,3,2,1
"4572","SI21JO",28,8,4,4,4,2,2
"4573","SI21JO",28,62,4,5,4,2,1
"4574","SI21JO",28,48,2,4,4,2,2
"4575","SI21JO",28,27,3,4,4,2,2
"4576","SI21JO",28,49,4,3,4,2,1
"4577","SI21JO",28,28,NA,NA,NA,NA,NA
"4578","SI21JO",28,18,2,4,3,2,1
"4579","SI21JO",28,14,4,5,4,2,1
"4580","SI21JO",28,57,4,3,2,2,2
"4581","SI21JO",28,36,3,4,3,2,2
"4582","SI21JO",28,33,3,3,4,2,2
"4583","SI21JO",28,72,2,2,2,2,2
"4584","SI21JO",28,25,4,4,4,2,1
"4585","SI21JO",28,4,4,3,3,2,1
"4586","SI21JO",28,47,3,2,2,2,2
"4587","SI21JO",28,20,4,3,3,2,2
"4588","SI21JO",28,63,3,1,3,2,2
"4589","SI21JO",28,60,5,4,4,2,2
"4590","SI21JO",28,39,2,4,4,2,2
"4591","SI21JO",28,31,4,5,4,2,1
"4592","SI21JO",28,64,6,6,6,1,2
"4593","SI21JO",28,71,6,5,5,1,2
"4594","SI21JO",28,43,2,2,2,2,2
"4595","SI21JO",28,15,3,4,4,2,2
"4596","SI21JO",28,58,2,4,4,2,1
"4597","SI21JO",28,65,4,4,4,2,2
"4598","SI21JO",28,46,3,2,2,2,2
"4599","SI21JO",28,19,4,4,3,2,1
"4600","SI21JO",28,38,3,5,4,2,2
"4601","SI21JO",28,41,4,5,3,2,2
"4602","SI21JO",28,17,2,4,4,2,1
"4603","SI21JO",28,21,4,5,4,2,2
"4604","SI21JO",28,56,3,3,4,2,2
"4605","SI21JO",28,35,4,3,4,2,1
"4606","SI21JO",28,45,4,5,4,2,1
"4607","SI21JO",28,24,4,3,3,2,1
"4608","SI21JO",28,3,4,3,3,2,1
"4609","SI21JO",28,1,3,5,4,2,1
"4610","SI21JO",28,74,3,4,4,2,2
"4611","SI21JO",28,73,4,3,3,2,2
"4612","SI21JO",28,13,4,5,4,2,2
"4613","SI21JO",28,2,2,4,4,2,1
"4614","SI21JO",28,NA,NA,NA,NA,NA,NA
"4615","SI21JO",28,66,5,6,5,2,1
"4616","ST11TH",15,65,4,5,5,2,2
"4617","ST11TH",15,45,3,4,4,2,2
"4618","ST11TH",15,13,3,4,4,2,2
"4619","ST11TH",15,24,2,3,3,2,2
"4620","ST11TH",15,3,4,4,4,2,2
"4621","ST11TH",15,54,3,4,3,2,2
"4622","ST11TH",15,1,2,3,3,2,2
"4623","ST11TH",15,NA,NA,NA,NA,NA,NA
"4624","ST11TH",15,72,4,4,4,2,2
"4625","ST11TH",15,74,2,3,3,2,2
"4626","ST11TH",15,14,3,4,4,2,1
"4627","ST11TH",15,33,3,4,4,2,2
"4628","ST11TH",15,12,1,NA,NA,NA,NA
"4629","ST11TH",15,44,3,4,4,2,2
"4630","ST11TH",15,34,2,3,3,2,2
"4631","ST11TH",15,37,2,3,3,2,2
"4632","ST11TH",15,46,2,3,3,2,2
"4633","ST11TH",15,55,3,3,3,2,2
"4634","ST11TH",15,43,4,4,4,2,2
"4635","ST11TH",15,22,2,3,3,2,2
"4636","ST11TH",15,52,2,3,3,2,2
"4637","ST11TH",15,31,4,5,5,2,2
"4638","ST11TH",15,10,3,4,4,2,2
"4639","ST11TH",15,53,3,4,4,2,2
"4640","ST11TH",15,57,2,4,4,2,2
"4641","ST11TH",15,36,2,3,3,2,2
"4642","ST11TH",15,15,NA,NA,NA,NA,NA
"4643","ST11TH",15,58,4,4,4,2,2
"4644","ST11TH",15,41,3,4,4,2,2
"4645","ST11TH",15,20,3,3,3,2,2
"4646","ST11TH",15,63,2,4,4,2,2
"4647","ST11TH",15,42,4,4,4,2,2
"4648","ST11TH",15,25,3,4,4,2,2
"4649","ST11TH",15,4,4,5,4,2,2
"4650","ST11TH",15,47,2,3,3,2,2
"4651","ST11TH",15,66,4,4,4,2,2
"4652","ST11TH",15,5,2,3,3,2,2
"4653","ST11TH",15,23,3,3,3,2,2
"4654","ST11TH",15,2,3,4,4,2,2
"4655","ST11TH",15,7,3,2,3,2,2
"4656","ST11TH",15,73,3,4,4,2,2
"4657","ST11TH",15,49,2,3,3,2,2
"4658","ST11TH",15,28,3,4,4,2,2
"4659","ST11TH",15,9,4,4,4,2,2
"4660","ST11TH",15,50,3,4,3,2,2
"4661","ST11TH",15,64,2,3,3,2,2
"4662","ST11TH",15,71,4,4,4,2,2
"4663","ST11TH",15,32,3,4,4,2,2
"4664","ST11TH",15,11,2,3,3,2,2
"4665","ST11TH",15,26,4,4,4,2,2
"4666","ST11TH",15,60,4,3,3,2,2
"4667","ST11TH",15,40,3,2,3,2,2
"4668","ST11TH",15,19,4,4,4,2,2
"4669","ST11TH",15,6,3,4,4,2,2
"4670","ST11TH",15,61,2,3,3,2,2
"4671","ST11TH",15,56,3,4,4,2,2
"4672","ST11TH",15,35,2,4,4,2,2
"4673","ST11TH",15,62,2,3,3,2,2
"4674","ST11TH",15,21,2,3,3,2,2
"4675","ST11TH",15,59,2,3,3,2,2
"4676","ST11TH",15,48,3,4,4,2,2
"4677","ST11TH",15,27,2,3,3,2,2
"4678","ST11TH",15,18,4,3,3,2,2
"4679","ST11TH",15,29,2,3,3,2,2
"4680","ST11TH",15,16,4,4,4,2,2
"4681","ST11TH",15,30,3,4,3,2,2
"4682","ST11TH",15,39,2,3,3,2,2
"4683","ST11TH",15,17,4,4,4,2,2
"4684","ST11TH",15,38,4,4,4,2,2
"4685","ST11TH",15,8,2,4,4,2,2
"4686","ST11TH",15,51,2,4,4,2,2
"4687","ST18MI",73,36,5,6,6,2,2
"4688","ST18MI",73,15,3,5,4,2,2
"4689","ST18MI",73,26,4,6,5,2,1
"4690","ST18MI",73,5,4,4,4,2,2
"4691","ST18MI",73,48,2,4,4,2,2
"4692","ST18MI",73,27,3,5,6,2,1
"4693","ST18MI",73,6,4,5,4,2,1
"4694","ST18MI",73,58,4,6,6,2,1
"4695","ST18MI",73,8,2,5,5,2,1
"4696","ST18MI",73,51,5,5,6,1,1
"4697","ST18MI",73,30,3,2,4,2,1
"4698","ST18MI",73,9,3,5,4,2,1
"4699","ST18MI",73,52,1,NA,NA,NA,NA
"4700","ST18MI",73,31,4,4,3,2,1
"4701","ST18MI",73,10,3,5,5,2,2
"4702","ST18MI",73,53,4,6,4,2,1
"4703","ST18MI",73,49,4,4,5,2,2
"4704","ST18MI",73,28,4,5,5,2,2
"4705","ST18MI",73,7,3,3,4,2,2
"4706","ST18MI",73,50,3,5,5,2,2
"4707","ST18MI",73,29,4,5,6,2,2
"4708","ST18MI",73,55,2,4,4,2,2
"4709","ST18MI",73,34,3,3,5,2,2
"4710","ST18MI",73,13,4,3,3,2,2
"4711","ST18MI",73,56,3,5,5,2,1
"4712","ST18MI",73,35,2,1,2,2,2
"4713","ST18MI",73,14,6,6,6,1,1
"4714","ST18MI",73,57,4,4,5,2,1
"4715","ST18MI",73,4,3,5,4,2,1
"4716","ST18MI",73,47,4,5,5,2,2
"4717","ST18MI",73,NA,NA,NA,NA,NA,NA
"4718","ST18MI",73,37,3,5,5,2,2
"4719","ST18MI",73,16,3,6,4,2,1
"4720","ST18MI",73,59,3,6,5,2,1
"4721","ST18MI",73,38,4,5,5,2,2
"4722","ST18MI",73,17,3,6,5,2,1
"4723","ST18MI",73,60,4,6,5,2,1
"4724","ST18MI",73,39,1,NA,NA,NA,NA
"4725","ST18MI",73,18,3,5,5,2,2
"4726","ST18MI",73,61,3,3,5,2,2
"4727","ST18MI",73,40,3,5,4,2,1
"4728","ST18MI",73,19,4,5,3,2,1
"4729","ST18MI",73,62,3,6,5,2,2
"4730","ST18MI",73,41,3,5,4,2,2
"4731","ST18MI",73,20,5,6,6,1,1
"4732","ST18MI",73,63,4,5,5,2,1
"4733","ST18MI",73,42,3,3,3,2,1
"4734","ST18MI",73,21,4,5,5,2,1
"4735","ST18MI",73,64,4,6,6,2,2
"4736","ST18MI",73,71,3,4,4,2,2
"4737","ST18MI",73,43,4,5,6,2,2
"4738","ST18MI",73,22,3,3,4,2,2
"4739","ST18MI",73,1,2,4,4,2,1
"4740","ST18MI",73,65,4,5,6,2,2
"4741","ST18MI",73,72,3,3,3,2,2
"4742","ST18MI",73,44,3,4,4,2,2
"4743","ST18MI",73,32,4,6,6,2,1
"4744","ST18MI",73,11,5,5,6,2,2
"4745","ST18MI",73,54,2,3,4,2,2
"4746","ST18MI",73,33,3,4,5,2,2
"4747","ST18MI",73,12,3,2,3,2,2
"4748","ST18MI",73,73,NA,NA,NA,NA,NA
"4749","ST18MI",73,45,3,4,4,2,2
"4750","ST18MI",73,24,2,1,3,2,2
"4751","ST18MI",73,3,4,5,4,2,1
"4752","ST18MI",73,74,4,3,5,2,2
"4753","ST18MI",73,46,4,6,5,2,1
"4754","ST18MI",73,25,5,6,6,2,1
"4755","ST18MI",73,23,3,4,5,2,1
"4756","ST18MI",73,2,2,5,4,2,1
"4757","ST18MI",73,66,4,5,5,2,1
"4758","SU09ST",60,36,5,2,2,2,2
"4759","SU09ST",60,62,3,5,4,2,1
"4760","SU09ST",60,16,6,5,5,1,1
"4761","SU09ST",60,59,2,4,4,2,1
"4762","SU09ST",60,15,4,5,4,1,2
"4763","SU09ST",60,40,4,4,4,2,2
"4764","SU09ST",60,19,4,5,4,1,1
"4765","SU09ST",60,38,4,5,4,1,2
"4766","SU09ST",60,58,2,4,4,2,1
"4767","SU09ST",60,37,2,4,4,2,2
"4768","SU09ST",60,63,2,4,4,2,1
"4769","SU09ST",60,NA,NA,NA,NA,NA,NA
"4770","SU09ST",60,64,4,5,5,2,2
"4771","SU09ST",60,71,4,5,4,1,2
"4772","SU09ST",60,43,4,4,4,2,1
"4773","SU09ST",60,42,4,5,4,2,1
"4774","SU09ST",60,1,2,4,4,2,2
"4775","SU09ST",60,65,4,5,5,1,2
"4776","SU09ST",60,14,4,5,5,1,1
"4777","SU09ST",60,57,2,4,4,2,2
"4778","SU09ST",60,27,2,4,4,2,1
"4779","SU09ST",60,41,4,5,3,2,2
"4780","SU09ST",60,20,4,5,5,2,1
"4781","SU09ST",60,28,4,5,5,1,2
"4782","SU09ST",60,7,3,3,3,2,1
"4783","SU09ST",60,50,2,4,4,2,2
"4784","SU09ST",60,21,3,4,4,2,2
"4785","SU09ST",60,17,3,4,4,2,1
"4786","SU09ST",60,22,2,5,4,2,2
"4787","SU09ST",60,39,2,4,4,2,2
"4788","SU09ST",60,18,4,4,3,2,1
"4789","SU09ST",60,61,2,4,4,2,2
"4790","SU09ST",60,48,2,4,4,2,2
"4791","SU09ST",60,72,4,4,4,1,1
"4792","SU09ST",60,6,3,4,4,2,1
"4793","SU09ST",60,49,3,5,4,2,2
"4794","SU09ST",60,2,3,5,4,2,1
"4795","SU09ST",60,66,2,3,3,2,1
"4796","SU09ST",60,73,4,5,5,1,1
"4797","SU09ST",60,45,2,4,4,2,1
"4798","SU09ST",60,24,2,4,4,2,1
"4799","SU09ST",60,60,NA,NA,NA,NA,NA
"4800","SU09ST",60,8,2,4,4,2,2
"4801","SU09ST",60,51,3,3,2,2,1
"4802","SU09ST",60,30,3,4,4,2,1
"4803","SU09ST",60,9,4,5,4,2,2
"4804","SU09ST",60,47,3,5,4,2,2
"4805","SU09ST",60,52,2,4,4,2,1
"4806","SU09ST",60,44,3,4,4,2,2
"4807","SU09ST",60,23,2,4,4,2,2
"4808","SU09ST",60,53,4,5,5,1,2
"4809","SU09ST",60,32,3,3,3,2,1
"4810","SU09ST",60,11,3,4,4,2,2
"4811","SU09ST",60,54,2,3,3,2,2
"4812","SU09ST",60,29,3,4,4,2,2
"4813","SU09ST",60,74,2,4,4,2,1
"4814","SU09ST",60,46,4,5,4,2,2
"4815","SU09ST",60,25,3,3,3,2,1
"4816","SU09ST",60,4,3,5,5,2,1
"4817","SU09ST",60,5,2,4,4,2,1
"4818","SU09ST",60,3,4,5,5,2,2
"4819","SU09ST",60,34,2,3,3,2,2
"4820","SU09ST",60,31,2,4,4,2,1
"4821","SU09ST",60,10,3,4,4,2,2
"4822","SU09ST",60,35,2,4,4,2,2
"4823","SU09ST",60,13,3,3,4,2,2
"4824","SU09ST",60,33,2,4,4,2,2
"4825","SU09ST",60,56,3,5,4,2,2
"4826","SU09ST",60,12,2,4,4,2,2
"4827","SU09ST",60,26,4,4,4,2,1
"4828","SU09ST",60,55,2,3,3,2,1
"4829","SY16AN",22,1,4,5,4,2,1
"4830","SY16AN",22,72,3,4,3,2,1
"4831","SY16AN",22,22,NA,NA,NA,NA,NA
"4832","SY16AN",22,56,3,5,4,2,2
"4833","SY16AN",22,8,2,4,3,2,2
"4834","SY16AN",22,30,2,4,3,2,1
"4835","SY16AN",22,13,2,4,3,2,1
"4836","SY16AN",22,50,4,5,4,2,1
"4837","SY16AN",22,35,2,4,3,2,2
"4838","SY16AN",22,65,4,5,4,2,1
"4839","SY16AN",22,31,2,4,3,2,1
"4840","SY16AN",22,64,3,5,4,2,2
"4841","SY16AN",22,29,3,5,4,2,2
"4842","SY16AN",22,12,2,4,3,2,2
"4843","SY16AN",22,34,2,4,3,2,1
"4844","SY16AN",22,9,3,4,3,2,1
"4845","SY16AN",22,71,2,4,3,2,2
"4846","SY16AN",22,43,2,4,3,2,2
"4847","SY16AN",22,46,3,5,3,2,1
"4848","SY16AN",22,7,4,5,4,2,1
"4849","SY16AN",22,66,2,4,3,2,1
"4850","SY16AN",22,73,3,4,3,2,1
"4851","SY16AN",22,38,2,3,3,2,2
"4852","SY16AN",22,51,3,4,3,2,1
"4853","SY16AN",22,24,2,4,3,2,1
"4854","SY16AN",22,3,2,4,3,2,2
"4855","SY16AN",22,74,2,4,3,2,2
"4856","SY16AN",22,5,2,4,3,2,2
"4857","SY16AN",22,14,2,5,3,2,1
"4858","SY16AN",22,52,2,4,3,2,2
"4859","SY16AN",22,44,3,5,4,2,2
"4860","SY16AN",22,23,2,4,3,2,2
"4861","SY16AN",22,2,3,5,4,2,2
"4862","SY16AN",22,28,4,5,4,2,2
"4863","SY16AN",22,41,2,4,3,2,1
"4864","SY16AN",22,20,3,4,3,2,1
"4865","SY16AN",22,63,3,5,4,2,1
"4866","SY16AN",22,42,2,3,3,2,1
"4867","SY16AN",22,21,4,5,4,2,2
"4868","SY16AN",22,26,3,4,3,2,1
"4869","SY16AN",22,60,3,4,3,2,2
"4870","SY16AN",22,48,4,6,4,2,2
"4871","SY16AN",22,57,3,4,3,2,1
"4872","SY16AN",22,58,2,3,3,2,2
"4873","SY16AN",22,37,3,4,3,2,2
"4874","SY16AN",22,10,2,3,3,2,2
"4875","SY16AN",22,53,3,4,3,2,1
"4876","SY16AN",22,32,2,4,3,2,2
"4877","SY16AN",22,11,2,2,3,2,1
"4878","SY16AN",22,54,2,4,3,2,2
"4879","SY16AN",22,55,2,4,3,2,2
"4880","SY16AN",22,17,2,4,3,2,2
"4881","SY16AN",22,33,3,5,4,2,2
"4882","SY16AN",22,36,2,3,3,2,2
"4883","SY16AN",22,39,2,4,3,2,2
"4884","SY16AN",22,25,2,4,3,2,1
"4885","SY16AN",22,4,3,4,3,2,2
"4886","SY16AN",22,59,3,4,3,2,2
"4887","SY16AN",22,15,3,4,3,2,2
"4888","SY16AN",22,49,4,6,4,2,1
"4889","SY16AN",22,16,3,4,3,2,1
"4890","SY16AN",22,27,2,4,3,2,2
"4891","SY16AN",22,6,2,4,3,2,1
"4892","SY16AN",22,40,2,4,3,2,2
"4893","SY16AN",22,45,3,5,4,2,2
"4894","SY16AN",22,62,3,5,4,2,1
"4895","SY16AN",22,NA,NA,NA,NA,NA,NA
"4896","SY16AN",22,18,2,3,3,2,1
"4897","SY16AN",22,61,3,5,4,2,2
"4898","SY16AN",22,19,2,4,3,2,1
"4899","SY16AN",22,47,3,5,4,2,2
"4900","TE05CH",6,11,4,4,4,2,2
"4901","TE05CH",6,32,6,6,6,1,1
"4902","TE05CH",6,31,6,6,6,1,1
"4903","TE05CH",6,37,3,4,4,2,2
"4904","TE05CH",6,16,5,5,5,1,1
"4905","TE05CH",6,59,3,5,5,2,2
"4906","TE05CH",6,58,3,3,3,2,2
"4907","TE05CH",6,17,4,4,4,2,2
"4908","TE05CH",6,64,5,4,4,2,2
"4909","TE05CH",6,71,3,4,4,2,2
"4910","TE05CH",6,43,5,4,4,2,2
"4911","TE05CH",6,22,3,2,3,2,2
"4912","TE05CH",6,10,3,3,3,2,2
"4913","TE05CH",6,53,6,5,5,1,2
"4914","TE05CH",6,15,5,5,5,1,2
"4915","TE05CH",6,44,3,3,3,2,2
"4916","TE05CH",6,23,4,3,3,2,2
"4917","TE05CH",6,54,4,5,5,1,2
"4918","TE05CH",6,33,3,2,2,2,2
"4919","TE05CH",6,38,3,4,4,2,2
"4920","TE05CH",6,21,3,4,4,2,2
"4921","TE05CH",6,29,3,2,2,2,2
"4922","TE05CH",6,8,3,5,5,2,2
"4923","TE05CH",6,51,4,2,4,2,2
"4924","TE05CH",6,60,4,2,2,2,2
"4925","TE05CH",6,1,3,4,4,2,2
"4926","TE05CH",6,65,3,3,3,2,2
"4927","TE05CH",6,72,6,6,6,1,1
"4928","TE05CH",6,NA,NA,NA,NA,NA,NA
"4929","TE05CH",6,27,3,2,4,2,2
"4930","TE05CH",6,6,NA,NA,NA,NA,NA
"4931","TE05CH",6,2,3,3,3,2,2
"4932","TE05CH",6,66,5,5,5,1,1
"4933","TE05CH",6,12,3,4,4,2,2
"4934","TE05CH",6,55,2,4,4,2,2
"4935","TE05CH",6,34,4,5,5,2,2
"4936","TE05CH",6,13,6,6,6,1,1
"4937","TE05CH",6,30,4,3,3,2,1
"4938","TE05CH",6,9,6,6,6,1,1
"4939","TE05CH",6,52,3,4,4,2,2
"4940","TE05CH",6,57,4,4,4,2,2
"4941","TE05CH",6,36,5,4,4,2,2
"4942","TE05CH",6,47,3,3,3,2,2
"4943","TE05CH",6,61,3,3,4,2,2
"4944","TE05CH",6,49,3,2,2,2,2
"4945","TE05CH",6,28,3,3,3,2,2
"4946","TE05CH",6,7,4,2,2,2,2
"4947","TE05CH",6,50,3,2,2,2,2
"4948","TE05CH",6,42,5,5,5,2,1
"4949","TE05CH",6,24,4,4,4,2,2
"4950","TE05CH",6,56,3,3,3,2,2
"4951","TE05CH",6,35,2,2,2,2,2
"4952","TE05CH",6,14,5,5,5,1,1
"4953","TE05CH",6,5,3,3,3,2,2
"4954","TE05CH",6,48,2,3,3,2,2
"4955","TE05CH",6,18,4,4,4,2,2
"4956","TE05CH",6,73,5,6,6,1,1
"4957","TE05CH",6,40,6,6,6,1,1
"4958","TE05CH",6,19,5,4,4,2,1
"4959","TE05CH",6,62,3,3,3,2,2
"4960","TE05CH",6,74,2,3,3,2,2
"4961","TE05CH",6,45,3,4,4,2,2
"4962","TE05CH",6,63,3,2,2,2,2
"4963","TE05CH",6,3,6,5,6,1,2
"4964","TE05CH",6,39,2,2,2,2,2
"4965","TE05CH",6,26,6,6,6,1,2
"4966","TE05CH",6,25,6,6,6,1,1
"4967","TE05CH",6,4,4,5,5,2,2
"4968","TE05CH",6,41,5,5,5,2,2
"4969","TE05CH",6,20,5,5,5,1,2
"4970","TE05CH",6,46,6,6,6,1,2
