"","person_code","perceiver.id","target.id","Knowing","Liking","Meta_Liking","Friend","Leader"
"1","AN09DI",4,65,2,4,4,2,2
"2","AN09DI",4,64,2,4,3,2,2
"3","AN09DI",4,43,3,4,4,2,2
"4","AN09DI",4,42,4,5,5,2,2
"5","AN09DI",4,21,2,3,3,2,2
"6","AN09DI",4,73,1,NA,NA,NA,NA
"7","AN09DI",4,63,2,3,3,2,2
"8","AN09DI",4,12,4,5,5,2,2
"9","AN09DI",4,55,3,5,5,2,2
"10","AN09DI",4,34,2,2,2,2,2
"11","AN09DI",4,33,2,5,5,2,2
"12","AN09DI",4,56,2,3,4,2,2
"13","AN09DI",4,35,3,5,4,2,2
"14","AN09DI",4,14,2,4,4,2,1
"15","AN09DI",4,13,3,4,4,2,2
"16","AN09DI",4,72,3,5,5,2,2
"17","AN09DI",4,32,2,3,3,2,2
"18","AN09DI",4,11,2,3,3,2,2
"19","AN09DI",4,54,2,1,1,2,2
"20","AN09DI",4,24,3,3,3,2,2
"21","AN09DI",4,3,2,3,4,2,2
"22","AN09DI",4,46,2,4,4,2,1
"23","AN09DI",4,25,2,3,3,2,2
"24","AN09DI",4,4,NA,NA,NA,NA,NA
"25","AN09DI",4,47,2,2,3,2,2
"26","AN09DI",4,26,2,2,3,2,2
"27","AN09DI",4,5,2,3,3,2,2
"28","AN09DI",4,44,2,2,2,2,2
"29","AN09DI",4,23,2,3,3,2,2
"30","AN09DI",4,2,6,5,5,1,2
"31","AN09DI",4,66,2,4,4,2,2
"32","AN09DI",4,45,4,5,5,1,2
"33","AN09DI",4,7,2,2,2,2,2
"34","AN09DI",4,50,1,NA,NA,NA,NA
"35","AN09DI",4,29,3,5,2,2,2
"36","AN09DI",4,8,5,5,5,1,1
"37","AN09DI",4,51,2,3,3,2,2
"38","AN09DI",4,30,3,3,3,2,2
"39","AN09DI",4,9,3,3,3,2,2
"40","AN09DI",4,52,2,3,3,2,2
"41","AN09DI",4,31,2,3,3,2,2
"42","AN09DI",4,10,2,3,3,2,2
"43","AN09DI",4,53,3,4,4,2,2
"44","AN09DI",4,57,3,4,4,2,2
"45","AN09DI",4,36,3,2,2,2,2
"46","AN09DI",4,15,5,4,3,1,2
"47","AN09DI",4,58,5,5,5,1,1
"48","AN09DI",4,37,2,2,3,2,2
"49","AN09DI",4,16,4,5,4,2,1
"50","AN09DI",4,59,3,4,4,2,1
"51","AN09DI",4,38,3,4,4,2,2
"52","AN09DI",4,22,2,3,3,2,2
"53","AN09DI",4,74,5,5,5,1,2
"54","AN09DI",4,1,2,3,3,2,2
"55","AN09DI",4,48,2,2,2,2,2
"56","AN09DI",4,27,2,2,2,2,2
"57","AN09DI",4,6,2,5,5,2,1
"58","AN09DI",4,49,3,4,4,2,1
"59","AN09DI",4,28,2,3,3,2,2
"60","AN09DI",4,61,3,5,5,2,1
"61","AN09DI",4,17,3,5,3,2,1
"62","AN09DI",4,60,3,4,4,2,2
"63","AN09DI",4,18,2,3,2,2,2
"64","AN09DI",4,62,2,2,2,2,2
"65","AN09DI",4,41,3,3,3,2,2
"66","AN09DI",4,20,2,5,4,2,1
"67","AN09DI",4,39,3,4,4,2,2
"68","AN09DI",4,71,2,2,4,2,2
"69","AN09DI",4,40,3,4,4,2,1
"70","AN09DI",4,19,4,5,5,2,1
"71","AN11WO",7,5,4,5,5,2,1
"72","AN11WO",7,48,5,5,5,2,1
"73","AN11WO",7,26,3,6,2,2,1
"74","AN11WO",7,6,3,4,4,2,2
"75","AN11WO",7,49,6,5,5,1,1
"76","AN11WO",7,27,3,5,5,2,2
"77","AN11WO",7,10,3,4,5,2,1
"78","AN11WO",7,47,6,6,6,1,1
"79","AN11WO",7,9,3,5,5,2,1
"80","AN11WO",7,28,5,6,5,2,1
"81","AN11WO",7,7,NA,NA,NA,NA,NA
"82","AN11WO",7,57,2,5,5,2,1
"83","AN11WO",7,53,2,4,4,2,1
"84","AN11WO",7,52,2,2,3,2,2
"85","AN11WO",7,31,3,5,5,2,1
"86","AN11WO",7,54,2,5,5,2,2
"87","AN11WO",7,50,6,6,6,1,1
"88","AN11WO",7,32,3,3,4,2,2
"89","AN11WO",7,11,4,5,5,2,1
"90","AN11WO",7,39,3,5,5,2,2
"91","AN11WO",7,30,3,5,5,2,2
"92","AN11WO",7,61,5,6,5,1,1
"93","AN11WO",7,40,3,5,5,2,2
"94","AN11WO",7,19,3,6,4,2,2
"95","AN11WO",7,71,4,5,5,2,1
"96","AN11WO",7,36,5,6,5,2,1
"97","AN11WO",7,15,3,5,5,2,2
"98","AN11WO",7,58,3,5,5,2,1
"99","AN11WO",7,37,3,5,5,2,1
"100","AN11WO",7,16,4,5,5,2,1
"101","AN11WO",7,29,6,6,6,1,1
"102","AN11WO",7,8,2,5,5,2,2
"103","AN11WO",7,51,5,6,5,2,1
"104","AN11WO",7,4,4,5,5,2,1
"105","AN11WO",7,13,3,5,5,2,1
"106","AN11WO",7,56,5,5,5,2,2
"107","AN11WO",7,35,3,5,5,2,2
"108","AN11WO",7,14,3,4,4,2,2
"109","AN11WO",7,62,6,6,6,1,1
"110","AN11WO",7,41,3,4,4,2,1
"111","AN11WO",7,20,5,5,5,2,1
"112","AN11WO",7,72,3,5,5,2,1
"113","AN11WO",7,63,5,5,5,2,1
"114","AN11WO",7,33,2,4,4,2,2
"115","AN11WO",7,12,2,5,5,2,1
"116","AN11WO",7,55,3,4,4,2,2
"117","AN11WO",7,18,3,5,5,2,2
"118","AN11WO",7,60,3,5,5,2,1
"119","AN11WO",7,43,3,4,4,2,1
"120","AN11WO",7,22,5,6,5,2,2
"121","AN11WO",7,74,4,5,5,2,1
"122","AN11WO",7,65,6,6,6,1,1
"123","AN11WO",7,44,6,5,5,1,1
"124","AN11WO",7,23,3,5,5,2,1
"125","AN11WO",7,2,3,5,5,2,1
"126","AN11WO",7,66,4,6,5,2,1
"127","AN11WO",7,45,3,5,5,2,1
"128","AN11WO",7,59,3,5,5,2,1
"129","AN11WO",7,38,3,5,5,2,2
"130","AN11WO",7,34,5,5,5,2,2
"131","AN11WO",7,64,3,5,5,2,2
"132","AN11WO",7,25,3,5,4,2,1
"133","AN11WO",7,42,4,5,5,2,1
"134","AN11WO",7,21,6,6,5,1,1
"135","AN11WO",7,1,6,5,5,1,1
"136","AN11WO",7,46,4,4,4,2,2
"137","AN11WO",7,3,3,5,5,2,1
"138","AN11WO",7,17,3,5,5,2,1
"139","AN11WO",7,73,4,5,5,2,1
"140","AN11WO",7,24,2,5,5,2,2
"141","AN13FR",52,18,2,3,3,2,2
"142","AN13FR",52,61,2,3,3,2,2
"143","AN13FR",52,37,2,3,3,2,2
"144","AN13FR",52,39,3,4,4,2,2
"145","AN13FR",52,38,2,3,3,2,2
"146","AN13FR",52,24,3,1,2,2,2
"147","AN13FR",52,59,2,3,3,2,2
"148","AN13FR",52,29,2,3,3,2,2
"149","AN13FR",52,60,2,3,3,2,2
"150","AN13FR",52,40,2,4,3,2,1
"151","AN13FR",52,19,2,3,3,2,2
"152","AN13FR",52,71,2,3,3,2,2
"153","AN13FR",52,8,3,4,3,2,2
"154","AN13FR",52,31,2,3,3,2,2
"155","AN13FR",52,10,2,3,3,2,2
"156","AN13FR",52,16,2,3,3,2,2
"157","AN13FR",52,2,2,3,3,2,1
"158","AN13FR",52,17,2,3,3,2,2
"159","AN13FR",52,49,2,3,3,2,2
"160","AN13FR",52,3,2,3,3,2,2
"161","AN13FR",52,34,2,2,3,2,2
"162","AN13FR",52,13,2,3,3,2,2
"163","AN13FR",52,51,3,3,3,2,2
"164","AN13FR",52,30,2,4,3,2,1
"165","AN13FR",52,9,3,3,3,2,1
"166","AN13FR",52,52,NA,NA,NA,NA,NA
"167","AN13FR",52,36,2,3,3,2,2
"168","AN13FR",52,15,3,4,3,2,1
"169","AN13FR",52,58,3,3,3,2,1
"170","AN13FR",52,23,2,3,3,2,2
"171","AN13FR",52,45,3,3,3,2,2
"172","AN13FR",52,66,2,3,3,2,2
"173","AN13FR",52,6,3,4,3,2,1
"174","AN13FR",52,28,2,2,2,2,2
"175","AN13FR",52,7,3,1,3,2,2
"176","AN13FR",52,56,2,2,3,2,2
"177","AN13FR",52,35,2,2,2,2,2
"178","AN13FR",52,14,2,2,3,2,2
"179","AN13FR",52,57,2,4,3,2,2
"180","AN13FR",52,47,2,3,3,2,2
"181","AN13FR",52,26,2,3,3,2,2
"182","AN13FR",52,5,2,3,3,2,2
"183","AN13FR",52,48,2,3,3,2,2
"184","AN13FR",52,32,2,3,3,2,2
"185","AN13FR",52,27,2,3,3,2,2
"186","AN13FR",52,54,2,3,3,2,2
"187","AN13FR",52,33,3,3,3,2,2
"188","AN13FR",52,12,2,3,3,2,1
"189","AN13FR",52,50,2,3,3,2,2
"190","AN13FR",52,64,2,4,3,2,2
"191","AN13FR",52,43,3,3,3,2,2
"192","AN13FR",52,22,3,3,3,2,2
"193","AN13FR",52,74,5,5,4,2,2
"194","AN13FR",52,1,2,3,3,2,2
"195","AN13FR",52,62,2,3,3,2,2
"196","AN13FR",52,53,3,4,3,2,2
"197","AN13FR",52,41,2,2,2,2,2
"198","AN13FR",52,11,2,3,3,2,2
"199","AN13FR",52,72,2,3,3,2,2
"200","AN13FR",52,63,2,2,3,2,2
"201","AN13FR",52,42,2,4,3,2,1
"202","AN13FR",52,55,2,3,3,2,2
"203","AN13FR",52,73,3,4,3,2,2
"204","AN13FR",52,46,2,4,3,2,2
"205","AN13FR",52,25,2,3,3,2,1
"206","AN13FR",52,4,3,4,3,2,1
"207","AN13FR",52,20,2,3,3,2,2
"208","AN13FR",52,65,3,3,3,2,2
"209","AN13FR",52,44,2,3,3,2,2
"210","AN13FR",52,21,3,3,3,2,2
"211","AN13TR",49,16,NA,NA,NA,NA,NA
"212","AN13TR",49,46,NA,NA,NA,NA,NA
"213","AN13TR",49,25,NA,NA,NA,NA,NA
"214","AN13TR",49,52,NA,NA,NA,NA,NA
"215","AN13TR",49,24,NA,NA,NA,NA,NA
"216","AN13TR",49,8,NA,NA,NA,NA,NA
"217","AN13TR",49,31,NA,NA,NA,NA,NA
"218","AN13TR",49,10,NA,NA,NA,NA,NA
"219","AN13TR",49,59,NA,NA,NA,NA,NA
"220","AN13TR",49,40,NA,NA,NA,NA,NA
"221","AN13TR",49,3,NA,NA,NA,NA,NA
"222","AN13TR",49,37,NA,NA,NA,NA,NA
"223","AN13TR",49,50,NA,NA,NA,NA,NA
"224","AN13TR",49,45,NA,NA,NA,NA,NA
"225","AN13TR",49,73,NA,NA,NA,NA,NA
"226","AN13TR",49,9,NA,NA,NA,NA,NA
"227","AN13TR",49,18,NA,NA,NA,NA,NA
"228","AN13TR",49,29,NA,NA,NA,NA,NA
"229","AN13TR",49,5,NA,NA,NA,NA,NA
"230","AN13TR",49,48,NA,NA,NA,NA,NA
"231","AN13TR",49,27,NA,NA,NA,NA,NA
"232","AN13TR",49,61,NA,NA,NA,NA,NA
"233","AN13TR",49,53,NA,NA,NA,NA,NA
"234","AN13TR",49,58,NA,NA,NA,NA,NA
"235","AN13TR",49,15,NA,NA,NA,NA,NA
"236","AN13TR",49,7,NA,NA,NA,NA,NA
"237","AN13TR",49,11,NA,NA,NA,NA,NA
"238","AN13TR",49,54,NA,NA,NA,NA,NA
"239","AN13TR",49,33,NA,NA,NA,NA,NA
"240","AN13TR",49,30,NA,NA,NA,NA,NA
"241","AN13TR",49,4,NA,NA,NA,NA,NA
"242","AN13TR",49,47,NA,NA,NA,NA,NA
"243","AN13TR",49,26,NA,NA,NA,NA,NA
"244","AN13TR",49,19,NA,NA,NA,NA,NA
"245","AN13TR",49,71,NA,NA,NA,NA,NA
"246","AN13TR",49,2,NA,NA,NA,NA,NA
"247","AN13TR",49,66,NA,NA,NA,NA,NA
"248","AN13TR",49,28,NA,NA,NA,NA,NA
"249","AN13TR",49,32,NA,NA,NA,NA,NA
"250","AN13TR",49,20,NA,NA,NA,NA,NA
"251","AN13TR",49,72,NA,NA,NA,NA,NA
"252","AN13TR",49,63,NA,NA,NA,NA,NA
"253","AN13TR",49,51,NA,NA,NA,NA,NA
"254","AN13TR",49,43,NA,NA,NA,NA,NA
"255","AN13TR",49,22,NA,NA,NA,NA,NA
"256","AN13TR",49,74,NA,NA,NA,NA,NA
"257","AN13TR",49,60,NA,NA,NA,NA,NA
"258","AN13TR",49,39,NA,NA,NA,NA,NA
"259","AN13TR",49,6,NA,NA,NA,NA,NA
"260","AN13TR",49,49,NA,NA,NA,NA,NA
"261","AN13TR",49,41,NA,NA,NA,NA,NA
"262","AN13TR",49,64,NA,NA,NA,NA,NA
"263","AN13TR",49,12,NA,NA,NA,NA,NA
"264","AN13TR",49,55,NA,NA,NA,NA,NA
"265","AN13TR",49,38,NA,NA,NA,NA,NA
"266","AN13TR",49,1,NA,NA,NA,NA,NA
"267","AN13TR",49,65,NA,NA,NA,NA,NA
"268","AN13TR",49,44,NA,NA,NA,NA,NA
"269","AN13TR",49,62,NA,NA,NA,NA,NA
"270","AN13TR",49,36,NA,NA,NA,NA,NA
"271","AN13TR",49,42,NA,NA,NA,NA,NA
"272","AN13TR",49,56,NA,NA,NA,NA,NA
"273","AN13TR",49,21,NA,NA,NA,NA,NA
"274","AN13TR",49,34,NA,NA,NA,NA,NA
"275","AN13TR",49,17,NA,NA,NA,NA,NA
"276","AN13TR",49,13,NA,NA,NA,NA,NA
"277","AN13TR",49,35,NA,NA,NA,NA,NA
"278","AN13TR",49,23,NA,NA,NA,NA,NA
"279","AN13TR",49,57,NA,NA,NA,NA,NA
"280","AN13TR",49,14,NA,NA,NA,NA,NA
"281","AN24MA",40,35,1,NA,NA,NA,NA
"282","AN24MA",40,65,3,3,3,2,2
"283","AN24MA",40,56,4,4,4,2,2
"284","AN24MA",40,2,1,NA,NA,NA,NA
"285","AN24MA",40,23,2,4,4,2,2
"286","AN24MA",40,57,6,6,5,1,1
"287","AN24MA",40,34,4,4,4,2,1
"288","AN24MA",40,13,4,4,3,2,2
"289","AN24MA",40,44,2,3,4,2,2
"290","AN24MA",40,45,2,4,4,2,2
"291","AN24MA",40,36,4,4,4,2,2
"292","AN24MA",40,27,3,2,4,2,2
"293","AN24MA",40,66,3,3,3,2,2
"294","AN24MA",40,1,2,3,4,2,2
"295","AN24MA",40,22,2,4,4,2,2
"296","AN24MA",40,74,2,3,4,2,2
"297","AN24MA",40,47,2,4,4,2,2
"298","AN24MA",40,14,3,3,3,2,2
"299","AN24MA",40,40,NA,NA,NA,NA,NA
"300","AN24MA",40,19,4,5,4,1,1
"301","AN24MA",40,71,4,5,4,2,1
"302","AN24MA",40,62,2,4,4,2,2
"303","AN24MA",40,15,4,5,3,2,1
"304","AN24MA",40,24,3,3,3,2,2
"305","AN24MA",40,3,6,5,5,1,2
"306","AN24MA",40,46,4,6,4,1,1
"307","AN24MA",40,25,6,6,5,1,1
"308","AN24MA",40,73,3,4,4,2,2
"309","AN24MA",40,4,4,3,4,2,2
"310","AN24MA",40,43,2,4,4,2,2
"311","AN24MA",40,26,5,5,4,1,1
"312","AN24MA",40,60,4,4,4,2,2
"313","AN24MA",40,5,1,NA,NA,NA,NA
"314","AN24MA",40,48,3,4,4,2,2
"315","AN24MA",40,31,3,5,4,2,1
"316","AN24MA",40,41,3,3,2,2,2
"317","AN24MA",40,58,2,4,4,2,2
"318","AN24MA",40,37,2,4,4,2,2
"319","AN24MA",40,16,3,4,4,2,2
"320","AN24MA",40,59,3,3,4,2,1
"321","AN24MA",40,50,2,4,4,2,2
"322","AN24MA",40,64,4,5,4,2,2
"323","AN24MA",40,38,3,4,4,2,2
"324","AN24MA",40,17,2,4,4,2,2
"325","AN24MA",40,30,3,3,3,2,2
"326","AN24MA",40,9,6,6,6,1,1
"327","AN24MA",40,52,2,4,4,2,2
"328","AN24MA",40,39,2,4,4,2,2
"329","AN24MA",40,10,4,4,4,2,2
"330","AN24MA",40,6,5,4,4,1,2
"331","AN24MA",40,49,3,4,4,2,2
"332","AN24MA",40,28,3,4,4,2,2
"333","AN24MA",40,7,2,3,4,2,2
"334","AN24MA",40,42,3,3,4,2,2
"335","AN24MA",40,29,2,4,4,2,2
"336","AN24MA",40,8,3,4,4,2,2
"337","AN24MA",40,55,3,4,3,2,2
"338","AN24MA",40,51,4,4,4,2,2
"339","AN24MA",40,18,3,4,4,2,2
"340","AN24MA",40,61,1,NA,NA,NA,NA
"341","AN24MA",40,72,4,5,4,2,2
"342","AN24MA",40,63,2,3,4,2,2
"343","AN24MA",40,53,5,5,4,1,1
"344","AN24MA",40,20,3,3,3,2,2
"345","AN24MA",40,12,2,4,4,2,2
"346","AN24MA",40,33,2,4,4,2,2
"347","AN24MA",40,11,2,3,3,2,2
"348","AN24MA",40,21,3,4,4,2,2
"349","AN24MA",40,54,3,3,3,2,2
"350","AN24MA",40,32,4,4,3,2,2
"351","AN25PE",34,9,5,6,6,2,2
"352","AN25PE",34,40,4,5,5,2,2
"353","AN25PE",34,52,2,4,4,2,2
"354","AN25PE",34,31,3,4,4,2,2
"355","AN25PE",34,61,2,4,4,2,2
"356","AN25PE",34,48,2,4,4,2,2
"357","AN25PE",34,10,2,4,4,2,2
"358","AN25PE",34,27,2,4,4,2,2
"359","AN25PE",34,5,2,4,4,2,2
"360","AN25PE",34,18,3,4,4,2,2
"361","AN25PE",34,8,2,5,4,2,2
"362","AN25PE",34,51,2,3,3,2,2
"363","AN25PE",34,6,3,4,4,2,2
"364","AN25PE",34,39,2,5,4,2,2
"365","AN25PE",34,26,4,6,5,2,2
"366","AN25PE",34,4,2,4,4,2,2
"367","AN25PE",34,30,5,6,6,1,2
"368","AN25PE",34,53,3,6,6,2,2
"369","AN25PE",34,49,2,4,4,2,2
"370","AN25PE",34,28,3,3,4,2,2
"371","AN25PE",34,62,2,4,4,2,2
"372","AN25PE",34,7,4,5,5,2,2
"373","AN25PE",34,50,3,5,4,2,2
"374","AN25PE",34,29,2,3,3,2,2
"375","AN25PE",34,34,NA,NA,NA,NA,NA
"376","AN25PE",34,13,3,5,5,2,2
"377","AN25PE",34,19,3,5,4,2,2
"378","AN25PE",34,71,2,4,4,2,2
"379","AN25PE",34,25,5,6,6,2,2
"380","AN25PE",34,14,3,4,4,2,2
"381","AN25PE",34,60,3,6,4,2,2
"382","AN25PE",34,32,3,4,4,2,2
"383","AN25PE",34,11,2,4,4,2,2
"384","AN25PE",34,54,4,4,4,2,2
"385","AN25PE",34,33,2,4,4,2,2
"386","AN25PE",34,12,2,3,3,2,2
"387","AN25PE",34,55,3,4,4,2,2
"388","AN25PE",34,73,3,6,4,2,2
"389","AN25PE",34,64,4,4,4,2,2
"390","AN25PE",34,56,2,4,4,2,2
"391","AN25PE",34,47,2,4,4,2,2
"392","AN25PE",34,35,2,4,4,2,2
"393","AN25PE",34,17,3,5,4,2,2
"394","AN25PE",34,3,4,6,6,2,2
"395","AN25PE",34,46,3,4,4,2,2
"396","AN25PE",34,41,4,6,5,2,2
"397","AN25PE",34,72,5,6,6,2,2
"398","AN25PE",34,63,2,4,4,2,2
"399","AN25PE",34,42,4,6,4,2,2
"400","AN25PE",34,21,2,4,4,2,2
"401","AN25PE",34,37,4,6,5,2,2
"402","AN25PE",34,16,3,6,4,2,2
"403","AN25PE",34,43,2,4,4,2,2
"404","AN25PE",34,22,2,4,4,2,2
"405","AN25PE",34,38,2,5,4,2,2
"406","AN25PE",34,24,6,6,6,1,2
"407","AN25PE",34,20,2,4,4,2,2
"408","AN25PE",34,15,2,4,4,2,2
"409","AN25PE",34,58,2,6,4,2,2
"410","AN25PE",34,57,4,5,5,2,2
"411","AN25PE",34,2,3,6,4,2,2
"412","AN25PE",34,66,3,4,4,2,2
"413","AN25PE",34,59,6,6,6,1,2
"414","AN25PE",34,23,4,4,4,2,2
"415","AN25PE",34,65,3,3,4,2,2
"416","AN25PE",34,36,2,5,5,2,2
"417","AN25PE",34,1,2,4,4,2,2
"418","AN25PE",34,45,5,6,6,2,2
"419","AN25PE",34,74,2,6,4,2,2
"420","AN25PE",34,44,3,4,4,2,2
"421","AN27KA",38,19,NA,NA,NA,NA,NA
"422","AN27KA",38,30,NA,NA,NA,NA,NA
"423","AN27KA",38,40,NA,NA,NA,NA,NA
"424","AN27KA",38,51,NA,NA,NA,NA,NA
"425","AN27KA",38,8,NA,NA,NA,NA,NA
"426","AN27KA",38,34,NA,NA,NA,NA,NA
"427","AN27KA",38,61,NA,NA,NA,NA,NA
"428","AN27KA",38,50,NA,NA,NA,NA,NA
"429","AN27KA",38,13,NA,NA,NA,NA,NA
"430","AN27KA",38,71,NA,NA,NA,NA,NA
"431","AN27KA",38,62,NA,NA,NA,NA,NA
"432","AN27KA",38,52,NA,NA,NA,NA,NA
"433","AN27KA",38,31,NA,NA,NA,NA,NA
"434","AN27KA",38,41,NA,NA,NA,NA,NA
"435","AN27KA",38,20,NA,NA,NA,NA,NA
"436","AN27KA",38,72,NA,NA,NA,NA,NA
"437","AN27KA",38,42,NA,NA,NA,NA,NA
"438","AN27KA",38,55,NA,NA,NA,NA,NA
"439","AN27KA",38,33,NA,NA,NA,NA,NA
"440","AN27KA",38,18,NA,NA,NA,NA,NA
"441","AN27KA",38,73,NA,NA,NA,NA,NA
"442","AN27KA",38,17,NA,NA,NA,NA,NA
"443","AN27KA",38,64,NA,NA,NA,NA,NA
"444","AN27KA",38,9,NA,NA,NA,NA,NA
"445","AN27KA",38,14,NA,NA,NA,NA,NA
"446","AN27KA",38,57,NA,NA,NA,NA,NA
"447","AN27KA",38,1,NA,NA,NA,NA,NA
"448","AN27KA",38,10,NA,NA,NA,NA,NA
"449","AN27KA",38,53,NA,NA,NA,NA,NA
"450","AN27KA",38,63,NA,NA,NA,NA,NA
"451","AN27KA",38,54,NA,NA,NA,NA,NA
"452","AN27KA",38,3,NA,NA,NA,NA,NA
"453","AN27KA",38,12,NA,NA,NA,NA,NA
"454","AN27KA",38,29,NA,NA,NA,NA,NA
"455","AN27KA",38,7,NA,NA,NA,NA,NA
"456","AN27KA",38,46,NA,NA,NA,NA,NA
"457","AN27KA",38,56,NA,NA,NA,NA,NA
"458","AN27KA",38,35,NA,NA,NA,NA,NA
"459","AN27KA",38,74,NA,NA,NA,NA,NA
"460","AN27KA",38,47,NA,NA,NA,NA,NA
"461","AN27KA",38,36,NA,NA,NA,NA,NA
"462","AN27KA",38,15,NA,NA,NA,NA,NA
"463","AN27KA",38,32,NA,NA,NA,NA,NA
"464","AN27KA",38,11,NA,NA,NA,NA,NA
"465","AN27KA",38,16,NA,NA,NA,NA,NA
"466","AN27KA",38,59,NA,NA,NA,NA,NA
"467","AN27KA",38,21,NA,NA,NA,NA,NA
"468","AN27KA",38,24,NA,NA,NA,NA,NA
"469","AN27KA",38,22,NA,NA,NA,NA,NA
"470","AN27KA",38,60,NA,NA,NA,NA,NA
"471","AN27KA",38,39,NA,NA,NA,NA,NA
"472","AN27KA",38,4,NA,NA,NA,NA,NA
"473","AN27KA",38,37,NA,NA,NA,NA,NA
"474","AN27KA",38,26,NA,NA,NA,NA,NA
"475","AN27KA",38,5,NA,NA,NA,NA,NA
"476","AN27KA",38,58,NA,NA,NA,NA,NA
"477","AN27KA",38,28,NA,NA,NA,NA,NA
"478","AN27KA",38,2,NA,NA,NA,NA,NA
"479","AN27KA",38,66,NA,NA,NA,NA,NA
"480","AN27KA",38,38,NA,NA,NA,NA,NA
"481","AN27KA",38,43,NA,NA,NA,NA,NA
"482","AN27KA",38,25,NA,NA,NA,NA,NA
"483","AN27KA",38,27,NA,NA,NA,NA,NA
"484","AN27KA",38,65,NA,NA,NA,NA,NA
"485","AN27KA",38,44,NA,NA,NA,NA,NA
"486","AN27KA",38,23,NA,NA,NA,NA,NA
"487","AN27KA",38,48,NA,NA,NA,NA,NA
"488","AN27KA",38,6,NA,NA,NA,NA,NA
"489","AN27KA",38,45,NA,NA,NA,NA,NA
"490","AN27KA",38,49,NA,NA,NA,NA,NA
"491","AN29FR",23,22,2,2,2,2,2
"492","AN29FR",23,43,2,4,3,2,2
"493","AN29FR",23,3,3,4,4,2,1
"494","AN29FR",23,64,2,3,3,2,2
"495","AN29FR",23,24,3,2,2,2,2
"496","AN29FR",23,31,4,4,4,2,1
"497","AN29FR",23,25,3,3,3,2,2
"498","AN29FR",23,4,3,2,3,2,2
"499","AN29FR",23,52,2,4,4,2,2
"500","AN29FR",23,46,4,6,5,2,1
"501","AN29FR",23,45,2,3,3,2,2
"502","AN29FR",23,56,4,4,4,2,2
"503","AN29FR",23,32,3,3,3,2,2
"504","AN29FR",23,35,2,3,3,2,2
"505","AN29FR",23,10,3,4,4,2,2
"506","AN29FR",23,53,3,4,4,2,1
"507","AN29FR",23,44,3,2,2,2,2
"508","AN29FR",23,23,NA,NA,NA,NA,NA
"509","AN29FR",23,66,4,4,4,2,2
"510","AN29FR",23,2,3,4,4,2,1
"511","AN29FR",23,21,4,5,5,2,2
"512","AN29FR",23,73,4,5,5,2,1
"513","AN29FR",23,49,2,3,3,2,2
"514","AN29FR",23,14,3,3,3,2,1
"515","AN29FR",23,57,3,5,4,2,1
"516","AN29FR",23,36,6,6,6,1,2
"517","AN29FR",23,11,4,3,3,2,2
"518","AN29FR",23,74,4,3,3,2,2
"519","AN29FR",23,1,3,4,4,2,2
"520","AN29FR",23,65,3,3,3,2,2
"521","AN29FR",23,55,2,3,3,2,2
"522","AN29FR",23,34,4,6,5,2,1
"523","AN29FR",23,13,3,3,3,2,2
"524","AN29FR",23,17,5,6,5,2,1
"525","AN29FR",23,48,3,3,3,2,2
"526","AN29FR",23,27,3,3,3,2,2
"527","AN29FR",23,6,3,2,2,2,1
"528","AN29FR",23,18,2,3,3,2,2
"529","AN29FR",23,61,2,3,3,2,2
"530","AN29FR",23,15,3,5,5,2,2
"531","AN29FR",23,58,3,4,4,2,1
"532","AN29FR",23,37,4,5,5,2,2
"533","AN29FR",23,47,3,4,4,2,2
"534","AN29FR",23,26,2,4,4,2,2
"535","AN29FR",23,5,5,5,5,2,2
"536","AN29FR",23,42,4,3,3,2,2
"537","AN29FR",23,20,4,5,4,2,2
"538","AN29FR",23,9,4,6,5,2,2
"539","AN29FR",23,60,2,2,2,2,2
"540","AN29FR",23,39,2,3,3,2,2
"541","AN29FR",23,54,2,3,3,2,2
"542","AN29FR",23,28,4,2,3,2,2
"543","AN29FR",23,7,3,3,3,2,2
"544","AN29FR",23,50,3,3,3,2,2
"545","AN29FR",23,38,2,3,3,2,2
"546","AN29FR",23,33,2,4,4,2,2
"547","AN29FR",23,12,3,2,2,2,2
"548","AN29FR",23,59,4,3,3,2,2
"549","AN29FR",23,30,2,2,2,2,2
"550","AN29FR",23,72,2,4,3,2,1
"551","AN29FR",23,41,3,3,3,2,2
"552","AN29FR",23,16,4,4,4,2,1
"553","AN29FR",23,51,4,4,4,2,2
"554","AN29FR",23,29,3,4,4,2,2
"555","AN29FR",23,8,3,5,4,2,2
"556","AN29FR",23,63,4,4,4,2,2
"557","AN29FR",23,62,3,3,3,2,2
"558","AN29FR",23,19,4,5,4,2,1
"559","AN29FR",23,71,3,3,3,2,2
"560","AN29FR",23,40,4,3,3,2,1
"561","AN30KL",58,45,6,6,6,1,1
"562","AN30KL",58,24,3,4,4,2,2
"563","AN30KL",58,3,3,5,4,2,1
"564","AN30KL",58,46,2,4,4,2,2
"565","AN30KL",58,41,4,5,4,2,2
"566","AN30KL",58,40,2,4,4,2,2
"567","AN30KL",58,19,3,1,2,2,2
"568","AN30KL",58,71,2,3,4,2,2
"569","AN30KL",58,62,2,3,4,2,2
"570","AN30KL",58,4,5,3,4,2,1
"571","AN30KL",58,47,2,3,4,2,2
"572","AN30KL",58,26,3,5,4,2,1
"573","AN30KL",58,2,6,5,5,1,1
"574","AN30KL",58,66,2,4,4,2,2
"575","AN30KL",58,35,3,3,4,2,1
"576","AN30KL",58,57,3,6,5,2,1
"577","AN30KL",58,36,2,2,3,2,2
"578","AN30KL",58,15,6,6,5,1,1
"579","AN30KL",58,58,NA,NA,NA,NA,NA
"580","AN30KL",58,50,4,4,4,2,1
"581","AN30KL",58,29,3,4,4,2,2
"582","AN30KL",58,8,6,6,5,1,1
"583","AN30KL",58,51,2,4,4,2,2
"584","AN30KL",58,30,2,5,4,2,2
"585","AN30KL",58,20,2,5,4,2,2
"586","AN30KL",58,5,3,3,4,2,2
"587","AN30KL",58,48,3,4,4,2,2
"588","AN30KL",58,6,3,4,4,2,2
"589","AN30KL",58,49,2,3,4,2,1
"590","AN30KL",58,14,3,4,4,2,1
"591","AN30KL",58,18,2,4,4,2,1
"592","AN30KL",58,61,3,4,4,2,2
"593","AN30KL",58,43,2,2,4,2,2
"594","AN30KL",58,22,2,2,3,2,2
"595","AN30KL",58,74,6,5,6,1,2
"596","AN30KL",58,1,3,4,4,2,2
"597","AN30KL",58,65,3,1,3,2,2
"598","AN30KL",58,44,2,2,4,2,2
"599","AN30KL",58,23,2,4,4,2,1
"600","AN30KL",58,13,2,4,4,2,2
"601","AN30KL",58,56,3,5,4,2,1
"602","AN30KL",58,27,2,4,4,2,2
"603","AN30KL",58,42,2,4,4,2,1
"604","AN30KL",58,21,2,4,4,2,2
"605","AN30KL",58,28,2,2,3,2,2
"606","AN30KL",58,7,2,3,4,2,2
"607","AN30KL",58,32,2,3,4,2,2
"608","AN30KL",58,37,2,2,3,2,2
"609","AN30KL",58,25,2,4,4,2,2
"610","AN30KL",58,59,3,5,4,2,1
"611","AN30KL",58,38,2,5,4,2,1
"612","AN30KL",58,17,3,5,5,2,1
"613","AN30KL",58,60,2,5,4,2,2
"614","AN30KL",58,39,5,5,5,1,2
"615","AN30KL",58,63,2,5,4,2,1
"616","AN30KL",58,9,2,4,4,2,2
"617","AN30KL",58,52,3,5,4,2,2
"618","AN30KL",58,73,3,5,4,2,1
"619","AN30KL",58,64,2,4,4,2,2
"620","AN30KL",58,53,2,5,4,2,2
"621","AN30KL",58,11,2,2,2,2,2
"622","AN30KL",58,54,2,2,3,2,2
"623","AN30KL",58,33,5,5,5,2,2
"624","AN30KL",58,12,2,3,4,2,2
"625","AN30KL",58,55,2,6,4,2,1
"626","AN30KL",58,34,3,5,4,2,2
"627","AN30KL",58,72,3,4,4,2,2
"628","AN30KL",58,10,3,2,3,2,2
"629","AN30KL",58,31,2,4,4,2,1
"630","AN30KL",58,16,2,2,3,2,2
"631","AS24HO",65,44,6,6,6,1,1
"632","AS24HO",65,62,6,6,6,1,1
"633","AS24HO",65,25,3,3,2,2,1
"634","AS24HO",65,4,2,3,3,2,2
"635","AS24HO",65,19,3,4,2,2,1
"636","AS24HO",65,71,2,3,3,2,2
"637","AS24HO",65,1,6,6,4,1,1
"638","AS24HO",65,41,2,3,3,2,2
"639","AS24HO",65,23,2,3,3,2,1
"640","AS24HO",65,2,3,4,3,2,1
"641","AS24HO",65,46,3,4,3,2,1
"642","AS24HO",65,17,2,4,3,2,1
"643","AS24HO",65,40,3,4,3,2,1
"644","AS24HO",65,39,2,3,2,2,2
"645","AS24HO",65,47,6,5,4,1,1
"646","AS24HO",65,26,4,5,3,2,1
"647","AS24HO",65,65,NA,NA,NA,NA,NA
"648","AS24HO",65,36,4,5,3,2,1
"649","AS24HO",65,15,4,5,3,2,1
"650","AS24HO",65,66,4,4,2,2,1
"651","AS24HO",65,45,2,3,3,2,2
"652","AS24HO",65,24,2,3,2,2,1
"653","AS24HO",65,3,3,5,3,2,1
"654","AS24HO",65,38,4,5,3,2,1
"655","AS24HO",65,61,4,4,3,2,1
"656","AS24HO",65,60,4,5,3,2,1
"657","AS24HO",65,8,2,4,3,2,1
"658","AS24HO",65,51,4,5,3,2,1
"659","AS24HO",65,30,2,3,3,2,2
"660","AS24HO",65,9,3,4,3,2,1
"661","AS24HO",65,52,3,5,3,2,2
"662","AS24HO",65,20,3,4,3,2,1
"663","AS24HO",65,58,3,4,3,2,1
"664","AS24HO",65,37,4,5,3,2,1
"665","AS24HO",65,16,3,4,2,2,1
"666","AS24HO",65,59,2,3,3,2,1
"667","AS24HO",65,18,3,5,3,2,1
"668","AS24HO",65,73,4,4,4,2,1
"669","AS24HO",65,64,3,3,2,2,2
"670","AS24HO",65,43,3,4,3,2,1
"671","AS24HO",65,22,4,5,4,2,2
"672","AS24HO",65,74,3,3,3,2,1
"673","AS24HO",65,35,2,3,3,2,2
"674","AS24HO",65,14,4,5,3,2,1
"675","AS24HO",65,57,2,3,3,2,1
"676","AS24HO",65,48,4,4,3,2,1
"677","AS24HO",65,27,3,4,3,2,1
"678","AS24HO",65,6,2,3,3,2,1
"679","AS24HO",65,49,6,6,5,1,1
"680","AS24HO",65,28,4,5,3,2,2
"681","AS24HO",65,7,6,6,6,1,1
"682","AS24HO",65,50,5,5,3,1,1
"683","AS24HO",65,29,6,6,6,1,1
"684","AS24HO",65,12,2,4,3,2,1
"685","AS24HO",65,55,2,3,3,2,1
"686","AS24HO",65,34,2,3,3,2,1
"687","AS24HO",65,13,3,3,3,2,2
"688","AS24HO",65,5,3,4,3,2,1
"689","AS24HO",65,42,3,4,3,2,1
"690","AS24HO",65,31,4,5,2,2,1
"691","AS24HO",65,72,3,4,3,2,1
"692","AS24HO",65,63,2,3,3,2,1
"693","AS24HO",65,56,3,4,3,2,1
"694","AS24HO",65,21,6,6,5,1,1
"695","AS24HO",65,54,2,3,2,2,1
"696","AS24HO",65,33,2,3,3,2,2
"697","AS24HO",65,10,2,4,3,2,1
"698","AS24HO",65,53,3,5,3,2,1
"699","AS24HO",65,32,2,3,2,2,1
"700","AS24HO",65,11,3,3,3,2,2
"701","AS25CH",14,13,5,4,4,1,2
"702","AS25CH",14,74,3,4,4,2,2
"703","AS25CH",14,1,2,4,3,2,2
"704","AS25CH",14,44,2,4,3,2,2
"705","AS25CH",14,23,2,4,3,2,1
"706","AS25CH",14,2,2,4,3,2,1
"707","AS25CH",14,65,4,5,4,2,2
"708","AS25CH",14,45,2,4,3,2,2
"709","AS25CH",14,22,2,4,3,2,2
"710","AS25CH",14,64,2,5,3,2,2
"711","AS25CH",14,66,5,4,4,1,2
"712","AS25CH",14,34,2,4,3,2,2
"713","AS25CH",14,26,5,5,4,2,2
"714","AS25CH",14,56,2,4,4,2,2
"715","AS25CH",14,4,3,3,3,2,2
"716","AS25CH",14,47,2,5,4,2,2
"717","AS25CH",14,57,4,4,4,2,2
"718","AS25CH",14,24,2,3,3,2,2
"719","AS25CH",14,35,2,3,3,2,2
"720","AS25CH",14,14,NA,NA,NA,NA,NA
"721","AS25CH",14,43,3,3,3,2,2
"722","AS25CH",14,73,3,6,6,1,2
"723","AS25CH",14,54,2,1,2,2,2
"724","AS25CH",14,29,2,4,3,2,2
"725","AS25CH",14,16,5,4,4,1,1
"726","AS25CH",14,59,3,4,3,2,2
"727","AS25CH",14,5,2,5,4,2,2
"728","AS25CH",14,48,2,3,3,2,2
"729","AS25CH",14,27,2,4,3,2,2
"730","AS25CH",14,6,5,4,4,2,2
"731","AS25CH",14,36,5,6,5,1,2
"732","AS25CH",14,15,4,5,4,2,2
"733","AS25CH",14,55,2,3,3,2,2
"734","AS25CH",14,12,2,3,3,2,2
"735","AS25CH",14,25,5,4,4,1,2
"736","AS25CH",14,33,2,3,3,2,2
"737","AS25CH",14,42,5,3,4,2,2
"738","AS25CH",14,8,3,5,4,2,2
"739","AS25CH",14,51,5,4,4,1,2
"740","AS25CH",14,38,3,4,4,2,2
"741","AS25CH",14,17,2,4,3,2,1
"742","AS25CH",14,60,5,4,4,1,2
"743","AS25CH",14,39,2,4,4,2,2
"744","AS25CH",14,71,2,4,3,2,2
"745","AS25CH",14,49,2,4,3,2,2
"746","AS25CH",14,3,5,3,4,2,2
"747","AS25CH",14,46,5,5,4,1,1
"748","AS25CH",14,21,3,4,4,2,2
"749","AS25CH",14,72,5,4,4,2,2
"750","AS25CH",14,63,2,4,3,2,2
"751","AS25CH",14,11,5,4,4,1,2
"752","AS25CH",14,19,5,4,4,2,2
"753","AS25CH",14,30,3,4,4,2,2
"754","AS25CH",14,61,4,5,4,2,2
"755","AS25CH",14,40,4,4,3,2,2
"756","AS25CH",14,58,2,5,3,2,2
"757","AS25CH",14,37,2,4,3,2,2
"758","AS25CH",14,62,2,4,4,2,2
"759","AS25CH",14,28,2,4,3,2,2
"760","AS25CH",14,32,5,4,4,1,2
"761","AS25CH",14,7,3,4,3,2,2
"762","AS25CH",14,10,2,4,3,2,2
"763","AS25CH",14,53,5,4,4,2,2
"764","AS25CH",14,52,2,4,3,2,2
"765","AS25CH",14,50,3,4,3,2,2
"766","AS25CH",14,18,5,5,4,1,2
"767","AS25CH",14,31,5,5,4,1,1
"768","AS25CH",14,41,5,4,4,2,2
"769","AS25CH",14,9,4,4,4,2,2
"770","AS25CH",14,20,5,4,4,1,2
"771","BE07RO",36,71,2,3,3,2,2
"772","BE07RO",36,55,2,3,3,2,2
"773","BE07RO",36,19,3,5,3,2,1
"774","BE07RO",36,52,2,3,3,2,2
"775","BE07RO",36,10,2,4,3,2,2
"776","BE07RO",36,12,2,2,3,2,2
"777","BE07RO",36,35,2,3,3,2,2
"778","BE07RO",36,31,6,6,5,1,1
"779","BE07RO",36,9,3,4,3,2,1
"780","BE07RO",36,40,4,5,4,2,2
"781","BE07RO",36,64,2,3,3,2,2
"782","BE07RO",36,22,2,4,3,2,2
"783","BE07RO",36,74,2,3,3,2,2
"784","BE07RO",36,62,4,4,4,2,1
"785","BE07RO",36,18,4,5,4,2,2
"786","BE07RO",36,53,4,4,4,2,1
"787","BE07RO",36,32,4,6,4,2,2
"788","BE07RO",36,11,6,6,6,1,1
"789","BE07RO",36,54,2,4,3,2,2
"790","BE07RO",36,33,3,3,3,2,2
"791","BE07RO",36,34,3,4,3,2,2
"792","BE07RO",36,43,2,3,3,2,2
"793","BE07RO",36,30,3,3,3,2,2
"794","BE07RO",36,56,2,3,3,2,2
"795","BE07RO",36,25,4,5,5,1,1
"796","BE07RO",36,38,2,3,3,2,2
"797","BE07RO",36,14,6,6,5,1,1
"798","BE07RO",36,41,2,4,3,2,2
"799","BE07RO",36,44,3,4,4,2,2
"800","BE07RO",36,20,6,6,5,1,1
"801","BE07RO",36,72,4,5,4,2,2
"802","BE07RO",36,63,2,3,3,2,2
"803","BE07RO",36,42,3,5,4,2,1
"804","BE07RO",36,73,6,6,6,1,2
"805","BE07RO",36,16,3,5,4,2,1
"806","BE07RO",36,13,4,4,4,2,2
"807","BE07RO",36,61,3,4,3,2,2
"808","BE07RO",36,51,6,5,5,1,1
"809","BE07RO",36,8,2,4,4,2,2
"810","BE07RO",36,17,2,3,3,2,2
"811","BE07RO",36,1,3,4,4,2,2
"812","BE07RO",36,65,4,4,4,2,2
"813","BE07RO",36,23,6,6,5,1,1
"814","BE07RO",36,57,2,3,3,2,2
"815","BE07RO",36,36,NA,NA,NA,NA,NA
"816","BE07RO",36,15,2,3,3,2,2
"817","BE07RO",36,21,2,3,3,2,2
"818","BE07RO",36,37,4,4,4,2,2
"819","BE07RO",36,46,4,5,4,1,1
"820","BE07RO",36,59,2,4,3,2,1
"821","BE07RO",36,29,3,3,3,2,2
"822","BE07RO",36,48,3,4,3,2,2
"823","BE07RO",36,27,2,4,3,2,2
"824","BE07RO",36,60,3,3,3,2,2
"825","BE07RO",36,39,2,3,3,2,2
"826","BE07RO",36,58,2,3,3,2,2
"827","BE07RO",36,24,3,5,4,2,1
"828","BE07RO",36,2,3,4,4,2,2
"829","BE07RO",36,66,6,6,5,1,1
"830","BE07RO",36,26,3,5,4,2,2
"831","BE07RO",36,5,2,3,3,2,2
"832","BE07RO",36,3,4,4,4,2,2
"833","BE07RO",36,50,2,3,3,2,2
"834","BE07RO",36,49,2,3,3,2,2
"835","BE07RO",36,45,2,3,3,2,2
"836","BE07RO",36,47,5,3,3,2,2
"837","BE07RO",36,4,3,3,3,2,2
"838","BE07RO",36,28,3,3,3,2,2
"839","BE07RO",36,6,4,6,5,2,1
"840","BE07RO",36,7,4,4,4,2,2
"841","BE16ST",47,35,4,4,4,2,2
"842","BE16ST",47,37,2,4,4,2,2
"843","BE16ST",47,31,3,3,4,2,2
"844","BE16ST",47,74,3,5,5,2,2
"845","BE16ST",47,9,3,6,5,2,1
"846","BE16ST",47,64,2,4,4,2,2
"847","BE16ST",47,43,2,4,4,2,2
"848","BE16ST",47,22,3,3,4,2,2
"849","BE16ST",47,36,3,4,4,2,2
"850","BE16ST",47,32,2,3,4,2,2
"851","BE16ST",47,11,4,4,4,2,2
"852","BE16ST",47,1,3,5,5,2,2
"853","BE16ST",47,13,3,5,4,2,2
"854","BE16ST",47,12,3,5,5,2,2
"855","BE16ST",47,51,3,3,4,2,2
"856","BE16ST",47,30,2,5,4,2,2
"857","BE16ST",47,14,3,4,4,2,1
"858","BE16ST",47,4,3,5,5,2,1
"859","BE16ST",47,56,3,4,4,2,2
"860","BE16ST",47,21,4,5,4,2,2
"861","BE16ST",47,52,2,4,4,2,2
"862","BE16ST",47,18,2,4,4,2,2
"863","BE16ST",47,57,2,5,4,2,2
"864","BE16ST",47,23,2,4,4,2,2
"865","BE16ST",47,54,2,4,4,2,2
"866","BE16ST",47,33,2,3,4,2,2
"867","BE16ST",47,58,3,5,5,2,2
"868","BE16ST",47,41,2,4,4,2,2
"869","BE16ST",47,55,2,4,4,2,2
"870","BE16ST",47,34,2,5,4,2,1
"871","BE16ST",47,72,3,4,4,2,1
"872","BE16ST",47,47,NA,NA,NA,NA,NA
"873","BE16ST",47,26,3,5,5,2,2
"874","BE16ST",47,73,4,5,5,2,2
"875","BE16ST",47,48,4,5,5,2,2
"876","BE16ST",47,10,3,4,4,2,2
"877","BE16ST",47,53,2,5,4,2,2
"878","BE16ST",47,2,3,6,5,2,1
"879","BE16ST",47,15,3,4,4,2,2
"880","BE16ST",47,62,4,4,4,2,1
"881","BE16ST",47,45,3,5,5,2,2
"882","BE16ST",47,24,2,5,4,2,2
"883","BE16ST",47,20,3,5,5,2,2
"884","BE16ST",47,3,3,5,5,2,1
"885","BE16ST",47,63,4,4,4,2,2
"886","BE16ST",47,42,3,6,5,2,1
"887","BE16ST",47,5,4,5,5,2,2
"888","BE16ST",47,17,4,6,5,2,1
"889","BE16ST",47,65,4,5,5,2,2
"890","BE16ST",47,44,3,4,4,2,2
"891","BE16ST",47,19,3,5,4,2,1
"892","BE16ST",47,71,2,3,4,2,2
"893","BE16ST",47,66,4,2,4,2,2
"894","BE16ST",47,29,5,5,5,2,2
"895","BE16ST",47,8,3,5,5,2,2
"896","BE16ST",47,38,3,4,4,2,2
"897","BE16ST",47,6,3,5,4,2,2
"898","BE16ST",47,46,3,4,4,2,2
"899","BE16ST",47,25,2,4,5,2,1
"900","BE16ST",47,40,3,5,4,2,2
"901","BE16ST",47,59,3,5,5,2,2
"902","BE16ST",47,60,3,5,5,2,2
"903","BE16ST",47,61,3,4,4,2,2
"904","BE16ST",47,50,5,5,5,2,2
"905","BE16ST",47,39,2,4,4,2,2
"906","BE16ST",47,28,3,4,4,2,2
"907","BE16ST",47,7,6,6,6,1,2
"908","BE16ST",47,16,3,5,5,2,1
"909","BE16ST",47,49,4,5,5,2,2
"910","BE16ST",47,27,2,5,4,2,2
"911","BE30VO",74,47,4,6,5,2,2
"912","BE30VO",74,4,6,6,6,1,1
"913","BE30VO",74,24,2,4,4,2,2
"914","BE30VO",74,3,2,5,4,2,1
"915","BE30VO",74,46,2,6,5,2,1
"916","BE30VO",74,25,2,6,6,2,1
"917","BE30VO",74,51,2,5,4,2,1
"918","BE30VO",74,30,2,4,5,2,2
"919","BE30VO",74,9,2,6,5,2,1
"920","BE30VO",74,52,4,5,4,2,2
"921","BE30VO",74,31,2,6,5,2,1
"922","BE30VO",74,10,3,6,5,2,2
"923","BE30VO",74,53,2,6,5,2,1
"924","BE30VO",74,32,2,6,4,2,2
"925","BE30VO",74,11,2,6,5,2,1
"926","BE30VO",74,54,2,4,4,2,1
"927","BE30VO",74,33,4,6,4,2,1
"928","BE30VO",74,12,3,6,6,2,2
"929","BE30VO",74,55,2,6,5,2,2
"930","BE30VO",74,34,3,6,5,2,2
"931","BE30VO",74,13,2,6,5,2,2
"932","BE30VO",74,56,4,6,5,2,1
"933","BE30VO",74,35,3,4,4,2,2
"934","BE30VO",74,14,4,6,5,2,1
"935","BE30VO",74,57,3,6,5,2,1
"936","BE30VO",74,36,2,6,6,2,1
"937","BE30VO",74,15,4,2,2,2,1
"938","BE30VO",74,58,6,6,5,2,1
"939","BE30VO",74,37,2,4,4,2,2
"940","BE30VO",74,16,2,6,5,2,1
"941","BE30VO",74,59,3,6,5,2,1
"942","BE30VO",74,38,2,6,5,2,2
"943","BE30VO",74,17,2,4,4,2,2
"944","BE30VO",74,60,2,6,5,2,1
"945","BE30VO",74,39,4,4,4,2,2
"946","BE30VO",74,26,2,4,4,2,2
"947","BE30VO",74,5,3,4,4,2,2
"948","BE30VO",74,48,3,6,4,2,1
"949","BE30VO",74,27,2,3,3,2,2
"950","BE30VO",74,6,3,5,5,2,1
"951","BE30VO",74,49,4,6,5,2,1
"952","BE30VO",74,28,3,5,5,2,2
"953","BE30VO",74,7,4,5,5,2,2
"954","BE30VO",74,50,4,5,5,2,2
"955","BE30VO",74,29,2,6,5,2,2
"956","BE30VO",74,8,6,6,5,1,2
"957","BE30VO",74,18,2,6,6,2,1
"958","BE30VO",74,61,3,5,3,2,1
"959","BE30VO",74,40,3,6,4,2,1
"960","BE30VO",74,19,3,6,5,2,1
"961","BE30VO",74,71,2,4,4,2,2
"962","BE30VO",74,62,4,6,4,2,1
"963","BE30VO",74,41,2,6,5,2,2
"964","BE30VO",74,20,3,6,5,2,1
"965","BE30VO",74,72,4,6,5,2,1
"966","BE30VO",74,63,3,6,5,2,1
"967","BE30VO",74,42,3,6,5,2,1
"968","BE30VO",74,21,2,6,6,2,2
"969","BE30VO",74,73,3,5,4,2,1
"970","BE30VO",74,64,3,6,5,2,1
"971","BE30VO",74,43,3,5,5,2,1
"972","BE30VO",74,22,2,5,5,2,2
"973","BE30VO",74,74,NA,NA,NA,NA,NA
"974","BE30VO",74,1,3,6,5,2,1
"975","BE30VO",74,65,3,4,4,2,2
"976","BE30VO",74,44,2,4,4,2,2
"977","BE30VO",74,23,3,5,4,2,1
"978","BE30VO",74,2,5,4,4,2,2
"979","BE30VO",74,66,2,6,5,2,2
"980","BE30VO",74,45,4,6,5,1,1
"981","CH12LA",27,19,2,5,5,2,1
"982","CH12LA",27,48,3,6,6,2,1
"983","CH12LA",27,61,3,5,5,2,1
"984","CH12LA",27,71,4,6,6,2,1
"985","CH12LA",27,5,2,5,5,2,2
"986","CH12LA",27,31,2,3,4,2,2
"987","CH12LA",27,72,4,4,4,2,2
"988","CH12LA",27,40,3,5,5,2,1
"989","CH12LA",27,41,4,5,5,2,1
"990","CH12LA",27,18,4,5,5,2,1
"991","CH12LA",27,9,4,5,5,2,1
"992","CH12LA",27,62,3,3,4,2,2
"993","CH12LA",27,51,4,3,4,2,2
"994","CH12LA",27,26,4,5,5,2,2
"995","CH12LA",27,43,2,4,4,2,2
"996","CH12LA",27,10,2,5,5,2,2
"997","CH12LA",27,27,NA,NA,NA,NA,NA
"998","CH12LA",27,6,2,4,4,2,2
"999","CH12LA",27,20,2,4,4,2,2
"1000","CH12LA",27,28,2,4,4,2,2
"1001","CH12LA",27,63,3,5,5,2,2
"1002","CH12LA",27,29,3,4,4,2,2
"1003","CH12LA",27,8,2,5,5,2,2
"1004","CH12LA",27,21,5,6,6,1,1
"1005","CH12LA",27,52,2,4,4,2,2
"1006","CH12LA",27,47,2,4,4,2,2
"1007","CH12LA",27,64,3,4,4,2,2
"1008","CH12LA",27,34,2,4,4,2,2
"1009","CH12LA",27,30,3,4,4,2,2
"1010","CH12LA",27,53,4,6,6,2,1
"1011","CH12LA",27,32,2,4,4,2,2
"1012","CH12LA",27,49,3,2,3,2,2
"1013","CH12LA",27,54,2,3,3,2,2
"1014","CH12LA",27,7,3,5,5,2,2
"1015","CH12LA",27,50,4,6,6,2,1
"1016","CH12LA",27,42,3,5,5,2,1
"1017","CH12LA",27,16,2,4,4,2,1
"1018","CH12LA",27,55,2,4,4,2,2
"1019","CH12LA",27,73,3,5,5,2,1
"1020","CH12LA",27,46,4,5,5,2,1
"1021","CH12LA",27,3,3,6,6,2,1
"1022","CH12LA",27,13,2,5,5,2,2
"1023","CH12LA",27,14,2,5,5,2,1
"1024","CH12LA",27,22,2,4,4,2,2
"1025","CH12LA",27,11,4,3,4,2,2
"1026","CH12LA",27,1,2,4,4,2,2
"1027","CH12LA",27,33,2,3,4,2,2
"1028","CH12LA",27,12,2,4,4,2,2
"1029","CH12LA",27,37,5,6,6,1,1
"1030","CH12LA",27,65,2,2,3,2,2
"1031","CH12LA",27,59,4,3,4,2,2
"1032","CH12LA",27,4,2,3,4,2,2
"1033","CH12LA",27,25,2,3,4,2,2
"1034","CH12LA",27,60,2,4,4,2,2
"1035","CH12LA",27,39,2,4,4,2,2
"1036","CH12LA",27,24,2,4,4,2,2
"1037","CH12LA",27,56,3,6,6,2,1
"1038","CH12LA",27,57,3,4,4,2,2
"1039","CH12LA",27,74,2,4,4,2,2
"1040","CH12LA",27,15,2,5,5,2,2
"1041","CH12LA",27,58,2,5,5,2,2
"1042","CH12LA",27,17,2,4,4,2,2
"1043","CH12LA",27,66,3,5,5,2,1
"1044","CH12LA",27,44,2,4,4,2,2
"1045","CH12LA",27,38,3,5,5,2,2
"1046","CH12LA",27,23,3,3,3,2,2
"1047","CH12LA",27,2,3,4,4,2,2
"1048","CH12LA",27,45,3,5,5,2,1
"1049","CH12LA",27,36,2,5,5,2,1
"1050","CH12LA",27,35,3,4,4,2,2
"1051","CH13UL",17,65,2,3,4,2,2
"1052","CH13UL",17,22,2,3,4,2,2
"1053","CH13UL",17,45,2,4,4,2,2
"1054","CH13UL",17,1,2,3,4,2,2
"1055","CH13UL",17,57,2,4,4,2,2
"1056","CH13UL",17,44,2,3,4,2,2
"1057","CH13UL",17,56,5,6,6,1,1
"1058","CH13UL",17,23,4,5,5,2,1
"1059","CH13UL",17,14,2,3,4,2,1
"1060","CH13UL",17,47,3,4,4,2,2
"1061","CH13UL",17,36,2,3,4,2,2
"1062","CH13UL",17,37,2,3,3,2,2
"1063","CH13UL",17,58,2,5,4,2,1
"1064","CH13UL",17,2,2,3,4,2,1
"1065","CH13UL",17,66,2,4,4,2,1
"1066","CH13UL",17,25,3,4,4,2,1
"1067","CH13UL",17,74,2,3,4,2,2
"1068","CH13UL",17,43,2,3,3,2,2
"1069","CH13UL",17,12,2,4,4,2,2
"1070","CH13UL",17,26,3,4,4,2,1
"1071","CH13UL",17,15,5,6,5,1,1
"1072","CH13UL",17,40,2,3,4,2,2
"1073","CH13UL",17,5,5,5,5,1,2
"1074","CH13UL",17,48,2,3,4,2,2
"1075","CH13UL",17,6,3,5,4,2,1
"1076","CH13UL",17,24,2,3,4,2,2
"1077","CH13UL",17,3,3,4,4,2,2
"1078","CH13UL",17,38,3,4,4,2,2
"1079","CH13UL",17,46,2,4,4,2,2
"1080","CH13UL",17,35,2,3,4,2,2
"1081","CH13UL",17,4,2,3,4,2,1
"1082","CH13UL",17,18,2,2,3,2,2
"1083","CH13UL",17,29,2,4,4,2,2
"1084","CH13UL",17,39,2,3,3,2,2
"1085","CH13UL",17,61,2,4,4,2,2
"1086","CH13UL",17,19,3,3,3,2,1
"1087","CH13UL",17,71,2,3,3,2,2
"1088","CH13UL",17,27,2,3,4,2,2
"1089","CH13UL",17,16,3,4,4,2,1
"1090","CH13UL",17,59,2,3,4,2,2
"1091","CH13UL",17,7,2,3,4,2,2
"1092","CH13UL",17,50,3,5,5,2,1
"1093","CH13UL",17,64,3,5,4,2,2
"1094","CH13UL",17,55,2,3,4,2,2
"1095","CH13UL",17,34,2,4,4,2,1
"1096","CH13UL",17,33,2,3,4,2,2
"1097","CH13UL",17,8,2,4,4,2,2
"1098","CH13UL",17,31,2,4,4,2,1
"1099","CH13UL",17,30,2,3,4,2,2
"1100","CH13UL",17,9,4,5,5,2,1
"1101","CH13UL",17,62,2,3,3,2,2
"1102","CH13UL",17,60,3,4,4,2,2
"1103","CH13UL",17,49,2,3,4,2,2
"1104","CH13UL",17,28,2,3,3,2,2
"1105","CH13UL",17,72,2,3,4,2,2
"1106","CH13UL",17,54,2,3,3,2,2
"1107","CH13UL",17,13,2,3,3,2,2
"1108","CH13UL",17,73,3,4,4,2,1
"1109","CH13UL",17,21,3,4,4,2,2
"1110","CH13UL",17,52,2,3,4,2,2
"1111","CH13UL",17,17,NA,NA,NA,NA,NA
"1112","CH13UL",17,51,3,4,4,2,1
"1113","CH13UL",17,20,3,5,4,2,1
"1114","CH13UL",17,10,5,5,5,1,1
"1115","CH13UL",17,41,2,3,3,2,2
"1116","CH13UL",17,42,2,3,4,2,2
"1117","CH13UL",17,11,2,3,3,2,2
"1118","CH13UL",17,63,5,5,5,1,2
"1119","CH13UL",17,32,2,4,4,2,2
"1120","CH13UL",17,53,2,4,4,2,1
"1121","CH31CH",30,71,NA,NA,NA,NA,NA
"1122","CH31CH",30,72,NA,NA,NA,NA,NA
"1123","CH31CH",30,55,NA,NA,NA,NA,NA
"1124","CH31CH",30,19,NA,NA,NA,NA,NA
"1125","CH31CH",30,13,NA,NA,NA,NA,NA
"1126","CH31CH",30,63,NA,NA,NA,NA,NA
"1127","CH31CH",30,34,NA,NA,NA,NA,NA
"1128","CH31CH",30,22,NA,NA,NA,NA,NA
"1129","CH31CH",30,9,NA,NA,NA,NA,NA
"1130","CH31CH",30,52,NA,NA,NA,NA,NA
"1131","CH31CH",30,33,NA,NA,NA,NA,NA
"1132","CH31CH",30,42,NA,NA,NA,NA,NA
"1133","CH31CH",30,62,NA,NA,NA,NA,NA
"1134","CH31CH",30,41,NA,NA,NA,NA,NA
"1135","CH31CH",30,31,NA,NA,NA,NA,NA
"1136","CH31CH",30,10,NA,NA,NA,NA,NA
"1137","CH31CH",30,66,NA,NA,NA,NA,NA
"1138","CH31CH",30,21,NA,NA,NA,NA,NA
"1139","CH31CH",30,20,NA,NA,NA,NA,NA
"1140","CH31CH",30,54,NA,NA,NA,NA,NA
"1141","CH31CH",30,40,NA,NA,NA,NA,NA
"1142","CH31CH",30,56,NA,NA,NA,NA,NA
"1143","CH31CH",30,35,NA,NA,NA,NA,NA
"1144","CH31CH",30,74,NA,NA,NA,NA,NA
"1145","CH31CH",30,1,NA,NA,NA,NA,NA
"1146","CH31CH",30,65,NA,NA,NA,NA,NA
"1147","CH31CH",30,44,NA,NA,NA,NA,NA
"1148","CH31CH",30,23,NA,NA,NA,NA,NA
"1149","CH31CH",30,2,NA,NA,NA,NA,NA
"1150","CH31CH",30,37,NA,NA,NA,NA,NA
"1151","CH31CH",30,12,NA,NA,NA,NA,NA
"1152","CH31CH",30,73,NA,NA,NA,NA,NA
"1153","CH31CH",30,61,NA,NA,NA,NA,NA
"1154","CH31CH",30,30,NA,NA,NA,NA,NA
"1155","CH31CH",30,8,NA,NA,NA,NA,NA
"1156","CH31CH",30,29,NA,NA,NA,NA,NA
"1157","CH31CH",30,64,NA,NA,NA,NA,NA
"1158","CH31CH",30,14,NA,NA,NA,NA,NA
"1159","CH31CH",30,57,NA,NA,NA,NA,NA
"1160","CH31CH",30,53,NA,NA,NA,NA,NA
"1161","CH31CH",30,32,NA,NA,NA,NA,NA
"1162","CH31CH",30,11,NA,NA,NA,NA,NA
"1163","CH31CH",30,48,NA,NA,NA,NA,NA
"1164","CH31CH",30,45,NA,NA,NA,NA,NA
"1165","CH31CH",30,59,NA,NA,NA,NA,NA
"1166","CH31CH",30,38,NA,NA,NA,NA,NA
"1167","CH31CH",30,18,NA,NA,NA,NA,NA
"1168","CH31CH",30,17,NA,NA,NA,NA,NA
"1169","CH31CH",30,7,NA,NA,NA,NA,NA
"1170","CH31CH",30,24,NA,NA,NA,NA,NA
"1171","CH31CH",30,3,NA,NA,NA,NA,NA
"1172","CH31CH",30,43,NA,NA,NA,NA,NA
"1173","CH31CH",30,36,NA,NA,NA,NA,NA
"1174","CH31CH",30,15,NA,NA,NA,NA,NA
"1175","CH31CH",30,58,NA,NA,NA,NA,NA
"1176","CH31CH",30,49,NA,NA,NA,NA,NA
"1177","CH31CH",30,16,NA,NA,NA,NA,NA
"1178","CH31CH",30,27,NA,NA,NA,NA,NA
"1179","CH31CH",30,6,NA,NA,NA,NA,NA
"1180","CH31CH",30,5,NA,NA,NA,NA,NA
"1181","CH31CH",30,51,NA,NA,NA,NA,NA
"1182","CH31CH",30,39,NA,NA,NA,NA,NA
"1183","CH31CH",30,50,NA,NA,NA,NA,NA
"1184","CH31CH",30,25,NA,NA,NA,NA,NA
"1185","CH31CH",30,47,NA,NA,NA,NA,NA
"1186","CH31CH",30,28,NA,NA,NA,NA,NA
"1187","CH31CH",30,26,NA,NA,NA,NA,NA
"1188","CH31CH",30,4,NA,NA,NA,NA,NA
"1189","CH31CH",30,60,NA,NA,NA,NA,NA
"1190","CH31CH",30,46,NA,NA,NA,NA,NA
"1191","CH31GE",2,37,NA,NA,NA,NA,NA
"1192","CH31GE",2,16,2,2,3,2,1
"1193","CH31GE",2,17,NA,NA,NA,NA,NA
"1194","CH31GE",2,60,2,4,4,2,1
"1195","CH31GE",2,59,2,3,3,2,2
"1196","CH31GE",2,38,NA,NA,NA,NA,NA
"1197","CH31GE",2,14,NA,NA,NA,NA,NA
"1198","CH31GE",2,57,NA,NA,NA,NA,NA
"1199","CH31GE",2,36,3,3,3,2,1
"1200","CH31GE",2,15,5,4,3,2,2
"1201","CH31GE",2,58,NA,NA,NA,NA,NA
"1202","CH31GE",2,53,NA,NA,NA,NA,NA
"1203","CH31GE",2,32,NA,NA,NA,NA,NA
"1204","CH31GE",2,11,NA,NA,NA,NA,NA
"1205","CH31GE",2,54,2,2,2,2,2
"1206","CH31GE",2,33,NA,NA,NA,NA,NA
"1207","CH31GE",2,12,2,3,3,2,2
"1208","CH31GE",2,55,NA,NA,NA,NA,NA
"1209","CH31GE",2,34,2,3,3,2,2
"1210","CH31GE",2,13,NA,NA,NA,NA,NA
"1211","CH31GE",2,56,NA,NA,NA,NA,NA
"1212","CH31GE",2,35,NA,NA,NA,NA,NA
"1213","CH31GE",2,1,2,3,3,2,2
"1214","CH31GE",2,65,3,4,3,2,1
"1215","CH31GE",2,44,NA,NA,NA,NA,NA
"1216","CH31GE",2,23,NA,NA,NA,NA,NA
"1217","CH31GE",2,2,NA,NA,NA,NA,NA
"1218","CH31GE",2,66,2,3,3,2,1
"1219","CH31GE",2,45,NA,NA,NA,NA,NA
"1220","CH31GE",2,24,NA,NA,NA,NA,NA
"1221","CH31GE",2,3,NA,NA,NA,NA,NA
"1222","CH31GE",2,39,5,5,5,2,2
"1223","CH31GE",2,25,3,4,3,2,1
"1224","CH31GE",2,4,NA,NA,NA,NA,NA
"1225","CH31GE",2,47,NA,NA,NA,NA,NA
"1226","CH31GE",2,26,NA,NA,NA,NA,NA
"1227","CH31GE",2,5,NA,NA,NA,NA,NA
"1228","CH31GE",2,48,NA,NA,NA,NA,NA
"1229","CH31GE",2,27,NA,NA,NA,NA,NA
"1230","CH31GE",2,6,NA,NA,NA,NA,NA
"1231","CH31GE",2,49,2,3,3,2,2
"1232","CH31GE",2,28,2,3,3,2,2
"1233","CH31GE",2,7,NA,NA,NA,NA,NA
"1234","CH31GE",2,50,5,4,4,2,1
"1235","CH31GE",2,29,2,3,3,2,2
"1236","CH31GE",2,18,NA,NA,NA,NA,NA
"1237","CH31GE",2,61,2,3,3,2,2
"1238","CH31GE",2,40,NA,NA,NA,NA,NA
"1239","CH31GE",2,19,NA,NA,NA,NA,NA
"1240","CH31GE",2,71,1,NA,NA,NA,NA
"1241","CH31GE",2,62,NA,NA,NA,NA,NA
"1242","CH31GE",2,41,2,3,3,2,2
"1243","CH31GE",2,20,2,3,3,2,2
"1244","CH31GE",2,72,2,4,3,2,1
"1245","CH31GE",2,63,NA,NA,NA,NA,NA
"1246","CH31GE",2,42,NA,NA,NA,NA,NA
"1247","CH31GE",2,21,2,3,3,2,2
"1248","CH31GE",2,73,3,5,3,2,1
"1249","CH31GE",2,64,NA,NA,NA,NA,NA
"1250","CH31GE",2,43,NA,NA,NA,NA,NA
"1251","CH31GE",2,22,3,3,3,2,2
"1252","CH31GE",2,74,6,4,4,1,2
"1253","CH31GE",2,9,NA,NA,NA,NA,NA
"1254","CH31GE",2,52,NA,NA,NA,NA,NA
"1255","CH31GE",2,31,NA,NA,NA,NA,NA
"1256","CH31GE",2,10,NA,NA,NA,NA,NA
"1257","CH31GE",2,30,2,2,2,2,2
"1258","CH31GE",2,46,2,4,3,2,2
"1259","CH31GE",2,8,NA,NA,NA,NA,NA
"1260","CH31GE",2,51,NA,NA,NA,NA,NA
"1261","CL21MA",64,12,3,5,2,2,1
"1262","CL21MA",64,55,2,5,2,2,2
"1263","CL21MA",64,39,2,5,2,2,2
"1264","CL21MA",64,13,3,5,2,2,1
"1265","CL21MA",64,28,6,6,4,1,1
"1266","CL21MA",64,7,3,5,2,2,2
"1267","CL21MA",64,50,2,5,2,2,2
"1268","CL21MA",64,34,4,4,2,2,2
"1269","CL21MA",64,25,3,6,2,2,1
"1270","CL21MA",64,4,3,4,1,2,2
"1271","CL21MA",64,47,2,5,2,2,2
"1272","CL21MA",64,26,3,5,2,2,1
"1273","CL21MA",64,5,4,6,2,2,1
"1274","CL21MA",64,20,2,5,2,2,1
"1275","CL21MA",64,72,3,5,2,2,1
"1276","CL21MA",64,33,2,5,2,2,2
"1277","CL21MA",64,42,3,6,2,2,1
"1278","CL21MA",64,21,3,5,2,2,1
"1279","CL21MA",64,73,3,6,2,2,1
"1280","CL21MA",64,56,4,5,2,2,1
"1281","CL21MA",64,35,2,5,2,2,2
"1282","CL21MA",64,14,3,5,2,2,1
"1283","CL21MA",64,48,3,5,2,2,2
"1284","CL21MA",64,27,3,5,2,2,1
"1285","CL21MA",64,6,4,6,2,2,1
"1286","CL21MA",64,49,3,5,2,2,2
"1287","CL21MA",64,16,3,6,2,2,1
"1288","CL21MA",64,59,3,5,2,2,1
"1289","CL21MA",64,38,3,5,2,2,2
"1290","CL21MA",64,17,3,6,2,2,1
"1291","CL21MA",64,60,4,6,2,2,1
"1292","CL21MA",64,24,4,3,1,2,1
"1293","CL21MA",64,3,4,6,2,2,1
"1294","CL21MA",64,46,3,5,2,2,1
"1295","CL21MA",64,61,6,5,2,2,1
"1296","CL21MA",64,40,4,6,2,2,1
"1297","CL21MA",64,19,4,6,2,2,1
"1298","CL21MA",64,71,4,6,1,2,2
"1299","CL21MA",64,62,3,5,2,2,2
"1300","CL21MA",64,41,3,6,2,2,1
"1301","CL21MA",64,32,3,5,2,2,1
"1302","CL21MA",64,11,3,5,2,2,1
"1303","CL21MA",64,63,3,6,2,2,1
"1304","CL21MA",64,2,3,5,2,2,1
"1305","CL21MA",64,29,3,5,2,2,2
"1306","CL21MA",64,8,2,6,2,2,2
"1307","CL21MA",64,18,3,5,2,2,1
"1308","CL21MA",64,51,3,6,2,2,1
"1309","CL21MA",64,64,NA,NA,NA,NA,NA
"1310","CL21MA",64,57,3,5,2,2,1
"1311","CL21MA",64,36,3,5,2,2,1
"1312","CL21MA",64,15,2,5,2,2,2
"1313","CL21MA",64,58,2,6,2,2,1
"1314","CL21MA",64,37,2,5,2,2,2
"1315","CL21MA",64,44,3,5,2,2,2
"1316","CL21MA",64,23,2,5,2,2,2
"1317","CL21MA",64,54,4,4,2,2,1
"1318","CL21MA",64,66,3,6,2,2,1
"1319","CL21MA",64,45,4,6,1,2,1
"1320","CL21MA",64,52,2,6,2,2,2
"1321","CL21MA",64,31,3,6,2,2,1
"1322","CL21MA",64,30,4,3,2,2,1
"1323","CL21MA",64,9,4,6,2,1,1
"1324","CL21MA",64,65,3,5,2,2,1
"1325","CL21MA",64,43,2,5,2,2,1
"1326","CL21MA",64,10,4,6,2,2,1
"1327","CL21MA",64,53,3,5,1,2,1
"1328","CL21MA",64,1,3,5,2,2,2
"1329","CL21MA",64,22,3,5,2,2,2
"1330","CL21MA",64,74,2,5,2,2,1
"1331","CL27HA",26,48,NA,NA,NA,NA,NA
"1332","CL27HA",26,72,NA,NA,NA,NA,NA
"1333","CL27HA",26,43,NA,NA,NA,NA,NA
"1334","CL27HA",26,21,NA,NA,NA,NA,NA
"1335","CL27HA",26,64,NA,NA,NA,NA,NA
"1336","CL27HA",26,18,NA,NA,NA,NA,NA
"1337","CL27HA",26,73,NA,NA,NA,NA,NA
"1338","CL27HA",26,40,NA,NA,NA,NA,NA
"1339","CL27HA",26,9,NA,NA,NA,NA,NA
"1340","CL27HA",26,19,NA,NA,NA,NA,NA
"1341","CL27HA",26,22,NA,NA,NA,NA,NA
"1342","CL27HA",26,41,NA,NA,NA,NA,NA
"1343","CL27HA",26,30,NA,NA,NA,NA,NA
"1344","CL27HA",26,63,NA,NA,NA,NA,NA
"1345","CL27HA",26,61,NA,NA,NA,NA,NA
"1346","CL27HA",26,42,NA,NA,NA,NA,NA
"1347","CL27HA",26,5,NA,NA,NA,NA,NA
"1348","CL27HA",26,39,NA,NA,NA,NA,NA
"1349","CL27HA",26,52,NA,NA,NA,NA,NA
"1350","CL27HA",26,31,NA,NA,NA,NA,NA
"1351","CL27HA",26,10,NA,NA,NA,NA,NA
"1352","CL27HA",26,53,NA,NA,NA,NA,NA
"1353","CL27HA",26,32,NA,NA,NA,NA,NA
"1354","CL27HA",26,71,NA,NA,NA,NA,NA
"1355","CL27HA",26,62,NA,NA,NA,NA,NA
"1356","CL27HA",26,8,NA,NA,NA,NA,NA
"1357","CL27HA",26,20,NA,NA,NA,NA,NA
"1358","CL27HA",26,12,NA,NA,NA,NA,NA
"1359","CL27HA",26,1,2,4,4,2,2
"1360","CL27HA",26,65,NA,NA,NA,NA,NA
"1361","CL27HA",26,23,NA,NA,NA,NA,NA
"1362","CL27HA",26,44,3,4,4,2,2
"1363","CL27HA",26,27,NA,NA,NA,NA,NA
"1364","CL27HA",26,6,NA,NA,NA,NA,NA
"1365","CL27HA",26,49,NA,NA,NA,NA,NA
"1366","CL27HA",26,28,NA,NA,NA,NA,NA
"1367","CL27HA",26,11,NA,NA,NA,NA,NA
"1368","CL27HA",26,54,NA,NA,NA,NA,NA
"1369","CL27HA",26,74,NA,NA,NA,NA,NA
"1370","CL27HA",26,51,NA,NA,NA,NA,NA
"1371","CL27HA",26,4,NA,NA,NA,NA,NA
"1372","CL27HA",26,26,NA,NA,NA,NA,NA
"1373","CL27HA",26,17,NA,NA,NA,NA,NA
"1374","CL27HA",26,60,NA,NA,NA,NA,NA
"1375","CL27HA",26,24,NA,NA,NA,NA,NA
"1376","CL27HA",26,2,NA,NA,NA,NA,NA
"1377","CL27HA",26,66,NA,NA,NA,NA,NA
"1378","CL27HA",26,45,NA,NA,NA,NA,NA
"1379","CL27HA",26,33,NA,NA,NA,NA,NA
"1380","CL27HA",26,7,NA,NA,NA,NA,NA
"1381","CL27HA",26,50,3,4,4,2,2
"1382","CL27HA",26,29,NA,NA,NA,NA,NA
"1383","CL27HA",26,34,NA,NA,NA,NA,NA
"1384","CL27HA",26,58,NA,NA,NA,NA,NA
"1385","CL27HA",26,47,NA,NA,NA,NA,NA
"1386","CL27HA",26,55,NA,NA,NA,NA,NA
"1387","CL27HA",26,35,NA,NA,NA,NA,NA
"1388","CL27HA",26,14,NA,NA,NA,NA,NA
"1389","CL27HA",26,57,NA,NA,NA,NA,NA
"1390","CL27HA",26,13,NA,NA,NA,NA,NA
"1391","CL27HA",26,46,NA,NA,NA,NA,NA
"1392","CL27HA",26,25,NA,NA,NA,NA,NA
"1393","CL27HA",26,15,NA,NA,NA,NA,NA
"1394","CL27HA",26,3,NA,NA,NA,NA,NA
"1395","CL27HA",26,38,NA,NA,NA,NA,NA
"1396","CL27HA",26,59,NA,NA,NA,NA,NA
"1397","CL27HA",26,37,NA,NA,NA,NA,NA
"1398","CL27HA",26,36,NA,NA,NA,NA,NA
"1399","CL27HA",26,56,NA,NA,NA,NA,NA
"1400","CL27HA",26,16,NA,NA,NA,NA,NA
"1401","CO26DI",43,34,3,2,3,2,2
"1402","CO26DI",43,35,3,1,3,2,2
"1403","CO26DI",43,14,5,4,4,2,1
"1404","CO26DI",43,57,4,1,3,2,2
"1405","CO26DI",43,22,2,3,3,2,2
"1406","CO26DI",43,21,3,4,4,2,2
"1407","CO26DI",43,13,4,2,3,2,2
"1408","CO26DI",43,59,2,2,3,2,2
"1409","CO26DI",43,36,2,1,3,2,2
"1410","CO26DI",43,74,3,3,3,2,2
"1411","CO26DI",43,60,4,4,4,2,2
"1412","CO26DI",43,43,5,3,3,2,2
"1413","CO26DI",43,56,3,4,4,2,2
"1414","CO26DI",43,15,6,6,6,1,1
"1415","CO26DI",43,61,2,3,3,2,2
"1416","CO26DI",43,1,3,4,4,2,2
"1417","CO26DI",43,47,2,3,3,2,2
"1418","CO26DI",43,46,4,2,4,2,2
"1419","CO26DI",43,5,4,4,4,2,1
"1420","CO26DI",43,58,2,3,3,2,2
"1421","CO26DI",43,37,2,1,3,2,2
"1422","CO26DI",43,26,4,4,4,2,1
"1423","CO26DI",43,55,3,3,3,2,2
"1424","CO26DI",43,42,4,4,4,2,1
"1425","CO26DI",43,39,2,3,3,2,2
"1426","CO26DI",43,64,3,4,4,2,2
"1427","CO26DI",43,18,3,4,4,2,1
"1428","CO26DI",43,50,2,3,3,2,2
"1429","CO26DI",43,4,5,5,5,2,2
"1430","CO26DI",43,19,5,6,5,2,1
"1431","CO26DI",43,25,4,5,4,2,1
"1432","CO26DI",43,65,3,1,3,2,2
"1433","CO26DI",43,48,2,3,3,2,1
"1434","CO26DI",43,27,2,1,3,2,2
"1435","CO26DI",43,16,5,5,5,2,1
"1436","CO26DI",43,66,3,5,4,2,2
"1437","CO26DI",43,49,4,4,4,2,1
"1438","CO26DI",43,12,5,2,4,2,1
"1439","CO26DI",43,3,4,2,3,2,2
"1440","CO26DI",43,24,3,2,4,2,2
"1441","CO26DI",43,28,2,3,3,2,2
"1442","CO26DI",43,29,3,4,4,2,2
"1443","CO26DI",43,40,3,2,3,2,2
"1444","CO26DI",43,71,2,3,3,2,2
"1445","CO26DI",43,62,5,5,5,2,2
"1446","CO26DI",43,44,2,3,3,2,2
"1447","CO26DI",43,23,2,3,3,2,2
"1448","CO26DI",43,2,3,4,4,2,2
"1449","CO26DI",43,6,4,4,4,2,1
"1450","CO26DI",43,63,3,2,3,2,2
"1451","CO26DI",43,38,4,4,4,2,2
"1452","CO26DI",43,73,4,4,4,2,1
"1453","CO26DI",43,7,4,1,3,2,2
"1454","CO26DI",43,52,2,2,3,2,2
"1455","CO26DI",43,31,4,3,3,2,2
"1456","CO26DI",43,10,2,3,3,2,2
"1457","CO26DI",43,9,5,6,5,2,1
"1458","CO26DI",43,72,3,3,3,2,2
"1459","CO26DI",43,11,4,2,3,2,1
"1460","CO26DI",43,33,3,4,4,2,2
"1461","CO26DI",43,41,5,5,4,2,2
"1462","CO26DI",43,45,2,4,4,2,2
"1463","CO26DI",43,8,2,3,3,2,2
"1464","CO26DI",43,51,4,5,3,2,1
"1465","CO26DI",43,17,3,3,3,2,1
"1466","CO26DI",43,20,4,3,3,2,1
"1467","CO26DI",43,32,3,3,3,2,2
"1468","CO26DI",43,30,4,4,4,2,1
"1469","CO26DI",43,53,3,2,3,2,2
"1470","CO26DI",43,54,3,4,4,2,1
"1471","DO06JO",1,36,3,3,3,2,2
"1472","DO06JO",1,15,3,3,3,2,1
"1473","DO06JO",1,58,3,3,3,2,2
"1474","DO06JO",1,37,2,3,3,2,2
"1475","DO06JO",1,16,2,3,3,2,2
"1476","DO06JO",1,59,4,4,4,2,1
"1477","DO06JO",1,38,4,4,4,2,2
"1478","DO06JO",1,17,3,3,3,2,2
"1479","DO06JO",1,60,3,3,3,2,2
"1480","DO06JO",1,39,2,3,3,2,2
"1481","DO06JO",1,47,3,3,3,2,2
"1482","DO06JO",1,26,2,3,3,2,2
"1483","DO06JO",1,5,2,2,3,2,2
"1484","DO06JO",1,48,4,3,3,2,2
"1485","DO06JO",1,27,3,3,3,2,2
"1486","DO06JO",1,6,3,3,3,2,2
"1487","DO06JO",1,49,4,4,4,2,2
"1488","DO06JO",1,28,3,4,4,2,2
"1489","DO06JO",1,7,4,4,4,2,2
"1490","DO06JO",1,50,4,4,4,2,2
"1491","DO06JO",1,29,4,4,4,2,2
"1492","DO06JO",1,18,3,3,3,2,2
"1493","DO06JO",1,61,4,4,4,2,2
"1494","DO06JO",1,40,2,3,3,2,2
"1495","DO06JO",1,19,3,5,3,2,1
"1496","DO06JO",1,71,2,3,3,2,2
"1497","DO06JO",1,62,4,5,4,2,1
"1498","DO06JO",1,41,3,3,3,2,2
"1499","DO06JO",1,20,3,3,3,2,2
"1500","DO06JO",1,72,3,4,3,2,1
"1501","DO06JO",1,63,2,3,3,2,2
"1502","DO06JO",1,42,2,3,3,2,2
"1503","DO06JO",1,21,4,4,4,2,2
"1504","DO06JO",1,73,3,3,3,2,2
"1505","DO06JO",1,64,2,2,3,2,2
"1506","DO06JO",1,43,2,3,3,2,2
"1507","DO06JO",1,22,4,6,6,1,2
"1508","DO06JO",1,74,3,3,3,2,2
"1509","DO06JO",1,1,NA,NA,NA,NA,NA
"1510","DO06JO",1,65,4,4,4,2,2
"1511","DO06JO",1,44,4,3,3,2,2
"1512","DO06JO",1,23,2,3,3,2,2
"1513","DO06JO",1,2,3,4,4,2,1
"1514","DO06JO",1,66,3,4,3,2,2
"1515","DO06JO",1,45,2,3,3,2,2
"1516","DO06JO",1,24,2,3,3,2,1
"1517","DO06JO",1,3,2,3,3,2,2
"1518","DO06JO",1,46,3,4,4,2,2
"1519","DO06JO",1,25,3,3,3,2,2
"1520","DO06JO",1,4,3,5,3,2,1
"1521","DO06JO",1,30,3,3,3,2,2
"1522","DO06JO",1,9,3,3,3,2,1
"1523","DO06JO",1,52,2,3,3,2,2
"1524","DO06JO",1,31,3,4,3,2,1
"1525","DO06JO",1,10,3,2,3,2,2
"1526","DO06JO",1,53,2,3,3,2,2
"1527","DO06JO",1,32,3,3,3,2,2
"1528","DO06JO",1,11,2,3,3,2,2
"1529","DO06JO",1,54,2,3,3,2,2
"1530","DO06JO",1,33,2,3,3,2,2
"1531","DO06JO",1,12,2,3,3,2,2
"1532","DO06JO",1,8,2,3,3,2,2
"1533","DO06JO",1,51,3,3,3,2,2
"1534","DO06JO",1,13,2,3,3,2,2
"1535","DO06JO",1,56,3,4,3,2,1
"1536","DO06JO",1,35,4,4,3,2,2
"1537","DO06JO",1,14,3,3,3,2,1
"1538","DO06JO",1,57,3,3,3,2,2
"1539","DO06JO",1,55,2,3,3,2,2
"1540","DO06JO",1,34,3,3,3,2,2
"1541","DO18AR",9,48,NA,NA,NA,NA,NA
"1542","DO18AR",9,26,NA,NA,NA,NA,NA
"1543","DO18AR",9,5,NA,NA,NA,NA,NA
"1544","DO18AR",9,49,NA,NA,NA,NA,NA
"1545","DO18AR",9,28,NA,NA,NA,NA,NA
"1546","DO18AR",9,27,NA,NA,NA,NA,NA
"1547","DO18AR",9,6,NA,NA,NA,NA,NA
"1548","DO18AR",9,9,NA,NA,NA,NA,NA
"1549","DO18AR",9,52,NA,NA,NA,NA,NA
"1550","DO18AR",9,31,NA,NA,NA,NA,NA
"1551","DO18AR",9,47,NA,NA,NA,NA,NA
"1552","DO18AR",9,53,NA,NA,NA,NA,NA
"1553","DO18AR",9,32,NA,NA,NA,NA,NA
"1554","DO18AR",9,11,NA,NA,NA,NA,NA
"1555","DO18AR",9,10,NA,NA,NA,NA,NA
"1556","DO18AR",9,50,NA,NA,NA,NA,NA
"1557","DO18AR",9,60,NA,NA,NA,NA,NA
"1558","DO18AR",9,18,NA,NA,NA,NA,NA
"1559","DO18AR",9,7,NA,NA,NA,NA,NA
"1560","DO18AR",9,39,NA,NA,NA,NA,NA
"1561","DO18AR",9,19,NA,NA,NA,NA,NA
"1562","DO18AR",9,71,NA,NA,NA,NA,NA
"1563","DO18AR",9,61,1,NA,NA,NA,NA
"1564","DO18AR",9,40,NA,NA,NA,NA,NA
"1565","DO18AR",9,54,NA,NA,NA,NA,NA
"1566","DO18AR",9,29,NA,NA,NA,NA,NA
"1567","DO18AR",9,62,NA,NA,NA,NA,NA
"1568","DO18AR",9,41,NA,NA,NA,NA,NA
"1569","DO18AR",9,51,NA,NA,NA,NA,NA
"1570","DO18AR",9,30,NA,NA,NA,NA,NA
"1571","DO18AR",9,46,NA,NA,NA,NA,NA
"1572","DO18AR",9,64,NA,NA,NA,NA,NA
"1573","DO18AR",9,22,NA,NA,NA,NA,NA
"1574","DO18AR",9,74,NA,NA,NA,NA,NA
"1575","DO18AR",9,1,NA,NA,NA,NA,NA
"1576","DO18AR",9,65,NA,NA,NA,NA,NA
"1577","DO18AR",9,44,NA,NA,NA,NA,NA
"1578","DO18AR",9,23,NA,NA,NA,NA,NA
"1579","DO18AR",9,33,NA,NA,NA,NA,NA
"1580","DO18AR",9,12,NA,NA,NA,NA,NA
"1581","DO18AR",9,8,NA,NA,NA,NA,NA
"1582","DO18AR",9,34,NA,NA,NA,NA,NA
"1583","DO18AR",9,4,NA,NA,NA,NA,NA
"1584","DO18AR",9,73,NA,NA,NA,NA,NA
"1585","DO18AR",9,17,NA,NA,NA,NA,NA
"1586","DO18AR",9,43,NA,NA,NA,NA,NA
"1587","DO18AR",9,56,NA,NA,NA,NA,NA
"1588","DO18AR",9,35,NA,NA,NA,NA,NA
"1589","DO18AR",9,14,NA,NA,NA,NA,NA
"1590","DO18AR",9,57,NA,NA,NA,NA,NA
"1591","DO18AR",9,36,NA,NA,NA,NA,NA
"1592","DO18AR",9,20,NA,NA,NA,NA,NA
"1593","DO18AR",9,72,NA,NA,NA,NA,NA
"1594","DO18AR",9,55,NA,NA,NA,NA,NA
"1595","DO18AR",9,25,NA,NA,NA,NA,NA
"1596","DO18AR",9,21,NA,NA,NA,NA,NA
"1597","DO18AR",9,3,NA,NA,NA,NA,NA
"1598","DO18AR",9,38,NA,NA,NA,NA,NA
"1599","DO18AR",9,63,NA,NA,NA,NA,NA
"1600","DO18AR",9,13,NA,NA,NA,NA,NA
"1601","DO18AR",9,15,NA,NA,NA,NA,NA
"1602","DO18AR",9,2,NA,NA,NA,NA,NA
"1603","DO18AR",9,42,NA,NA,NA,NA,NA
"1604","DO18AR",9,24,NA,NA,NA,NA,NA
"1605","DO18AR",9,59,NA,NA,NA,NA,NA
"1606","DO18AR",9,66,NA,NA,NA,NA,NA
"1607","DO18AR",9,45,NA,NA,NA,NA,NA
"1608","DO18AR",9,16,NA,NA,NA,NA,NA
"1609","DO18AR",9,58,NA,NA,NA,NA,NA
"1610","DO18AR",9,37,NA,NA,NA,NA,NA
"1611","FE02BE",24,37,2,4,4,2,2
"1612","FE02BE",24,59,6,6,6,1,2
"1613","FE02BE",24,17,2,4,4,2,2
"1614","FE02BE",24,16,4,1,3,2,1
"1615","FE02BE",24,27,4,4,4,2,2
"1616","FE02BE",24,60,2,3,3,2,2
"1617","FE02BE",24,38,2,5,4,2,2
"1618","FE02BE",24,49,3,4,4,2,2
"1619","FE02BE",24,58,4,5,5,2,2
"1620","FE02BE",24,6,4,2,3,2,2
"1621","FE02BE",24,65,3,2,3,2,2
"1622","FE02BE",24,29,3,4,4,2,2
"1623","FE02BE",24,28,3,4,4,2,2
"1624","FE02BE",24,1,3,3,3,2,2
"1625","FE02BE",24,50,2,4,4,2,2
"1626","FE02BE",24,48,2,4,4,2,2
"1627","FE02BE",24,5,2,3,4,2,2
"1628","FE02BE",24,7,3,3,4,2,2
"1629","FE02BE",24,56,2,4,4,2,2
"1630","FE02BE",24,10,2,3,3,2,2
"1631","FE02BE",24,44,3,3,3,2,2
"1632","FE02BE",24,15,3,4,4,2,2
"1633","FE02BE",24,2,4,3,3,2,2
"1634","FE02BE",24,66,3,5,4,2,2
"1635","FE02BE",24,45,4,5,4,2,2
"1636","FE02BE",24,23,3,4,4,2,2
"1637","FE02BE",24,4,4,4,4,2,2
"1638","FE02BE",24,47,3,4,4,2,2
"1639","FE02BE",24,26,4,4,4,2,2
"1640","FE02BE",24,9,5,5,4,2,2
"1641","FE02BE",24,57,5,5,5,1,2
"1642","FE02BE",24,52,2,4,4,2,2
"1643","FE02BE",24,74,3,4,4,2,2
"1644","FE02BE",24,22,2,4,4,2,2
"1645","FE02BE",24,18,4,4,4,2,2
"1646","FE02BE",24,53,4,4,4,2,2
"1647","FE02BE",24,32,5,5,4,2,2
"1648","FE02BE",24,11,3,3,3,2,2
"1649","FE02BE",24,39,2,4,4,2,2
"1650","FE02BE",24,3,4,3,3,2,2
"1651","FE02BE",24,46,3,5,4,2,2
"1652","FE02BE",24,25,5,4,4,2,2
"1653","FE02BE",24,36,4,5,4,2,2
"1654","FE02BE",24,55,4,5,5,2,2
"1655","FE02BE",24,14,2,2,2,2,1
"1656","FE02BE",24,31,3,4,4,2,2
"1657","FE02BE",24,61,3,3,4,2,2
"1658","FE02BE",24,43,3,4,4,2,2
"1659","FE02BE",24,8,2,4,4,2,2
"1660","FE02BE",24,40,4,4,4,2,2
"1661","FE02BE",24,19,5,5,4,2,2
"1662","FE02BE",24,71,2,4,4,2,2
"1663","FE02BE",24,72,5,5,5,2,2
"1664","FE02BE",24,51,3,4,4,2,2
"1665","FE02BE",24,30,6,6,6,1,2
"1666","FE02BE",24,12,2,4,4,2,2
"1667","FE02BE",24,21,3,4,4,2,2
"1668","FE02BE",24,34,6,6,6,1,2
"1669","FE02BE",24,73,4,4,4,2,2
"1670","FE02BE",24,64,5,5,4,2,2
"1671","FE02BE",24,20,3,3,3,2,2
"1672","FE02BE",24,24,NA,NA,NA,NA,NA
"1673","FE02BE",24,54,2,6,6,1,2
"1674","FE02BE",24,33,2,3,4,2,2
"1675","FE02BE",24,13,4,3,4,2,2
"1676","FE02BE",24,63,2,3,4,2,2
"1677","FE02BE",24,35,2,3,4,2,2
"1678","FE02BE",24,41,5,5,4,2,2
"1679","FE02BE",24,62,2,4,4,2,2
"1680","FE02BE",24,42,5,5,4,2,2
"1681","FR09FR",59,46,4,5,4,2,2
"1682","FR09FR",59,73,3,4,4,2,2
"1683","FR09FR",59,22,3,4,4,2,2
"1684","FR09FR",59,25,4,5,5,2,2
"1685","FR09FR",59,4,4,5,5,2,2
"1686","FR09FR",59,42,3,4,4,2,2
"1687","FR09FR",59,26,3,5,4,2,2
"1688","FR09FR",59,5,2,4,4,2,2
"1689","FR09FR",59,48,2,3,3,2,2
"1690","FR09FR",59,72,4,5,4,2,2
"1691","FR09FR",59,63,3,4,4,2,2
"1692","FR09FR",59,3,3,5,4,2,2
"1693","FR09FR",59,36,2,4,4,2,2
"1694","FR09FR",59,64,4,4,4,2,2
"1695","FR09FR",59,43,2,4,4,2,2
"1696","FR09FR",59,58,3,5,4,2,2
"1697","FR09FR",59,12,3,3,3,2,2
"1698","FR09FR",59,74,3,4,4,2,2
"1699","FR09FR",59,47,3,3,3,2,2
"1700","FR09FR",59,44,2,3,3,2,2
"1701","FR09FR",59,23,3,3,3,2,2
"1702","FR09FR",59,2,3,4,4,2,2
"1703","FR09FR",59,66,3,4,4,2,2
"1704","FR09FR",59,45,4,6,6,1,2
"1705","FR09FR",59,32,3,4,4,2,2
"1706","FR09FR",59,21,2,4,4,2,2
"1707","FR09FR",59,11,2,3,3,2,2
"1708","FR09FR",59,54,4,6,5,2,2
"1709","FR09FR",59,33,2,4,4,2,2
"1710","FR09FR",59,18,2,4,4,2,2
"1711","FR09FR",59,37,2,3,3,2,2
"1712","FR09FR",59,16,3,2,3,2,2
"1713","FR09FR",59,59,NA,NA,NA,NA,NA
"1714","FR09FR",59,38,2,4,4,2,2
"1715","FR09FR",59,17,2,4,4,2,2
"1716","FR09FR",59,60,2,4,4,2,2
"1717","FR09FR",59,39,2,3,3,2,2
"1718","FR09FR",59,24,6,6,6,1,2
"1719","FR09FR",59,57,6,6,6,1,2
"1720","FR09FR",59,14,3,3,2,2,2
"1721","FR09FR",59,49,3,4,4,2,2
"1722","FR09FR",59,15,2,4,4,2,2
"1723","FR09FR",59,7,2,3,3,2,2
"1724","FR09FR",59,61,3,4,4,2,2
"1725","FR09FR",59,40,4,5,4,2,2
"1726","FR09FR",59,19,3,5,4,2,2
"1727","FR09FR",59,71,4,4,4,2,2
"1728","FR09FR",59,62,2,4,4,2,2
"1729","FR09FR",59,41,3,4,4,2,2
"1730","FR09FR",59,20,3,4,4,2,2
"1731","FR09FR",59,10,3,4,4,2,2
"1732","FR09FR",59,53,4,5,4,2,2
"1733","FR09FR",59,6,4,4,4,2,2
"1734","FR09FR",59,55,4,6,5,2,2
"1735","FR09FR",59,28,2,3,3,2,2
"1736","FR09FR",59,65,2,2,3,2,2
"1737","FR09FR",59,50,2,4,4,2,2
"1738","FR09FR",59,34,6,6,6,1,2
"1739","FR09FR",59,1,4,4,4,2,2
"1740","FR09FR",59,56,3,5,5,2,2
"1741","FR09FR",59,30,6,6,6,1,2
"1742","FR09FR",59,27,3,3,2,2,2
"1743","FR09FR",59,13,3,4,4,2,2
"1744","FR09FR",59,8,2,4,4,2,2
"1745","FR09FR",59,35,2,3,3,2,2
"1746","FR09FR",59,29,2,3,4,2,2
"1747","FR09FR",59,52,2,4,4,2,2
"1748","FR09FR",59,51,2,4,4,2,2
"1749","FR09FR",59,9,4,5,4,2,2
"1750","FR09FR",59,31,4,6,5,2,2
"1751","GU29MI",46,37,2,3,3,2,2
"1752","GU29MI",46,61,3,4,4,2,2
"1753","GU29MI",46,14,4,4,4,1,1
"1754","GU29MI",46,15,3,4,3,2,2
"1755","GU29MI",46,38,3,4,4,2,2
"1756","GU29MI",46,16,3,4,4,2,1
"1757","GU29MI",46,59,3,4,4,2,2
"1758","GU29MI",46,9,4,5,4,2,2
"1759","GU29MI",46,40,4,6,5,1,2
"1760","GU29MI",46,36,4,4,4,2,2
"1761","GU29MI",46,51,4,3,3,1,2
"1762","GU29MI",46,1,3,4,4,2,2
"1763","GU29MI",46,64,4,5,4,2,2
"1764","GU29MI",46,58,2,4,3,2,2
"1765","GU29MI",46,74,2,4,4,2,2
"1766","GU29MI",46,33,2,3,3,2,2
"1767","GU29MI",46,32,4,6,4,1,2
"1768","GU29MI",46,11,4,4,4,1,1
"1769","GU29MI",46,54,3,4,3,2,2
"1770","GU29MI",46,35,2,2,2,2,2
"1771","GU29MI",46,56,3,4,4,2,1
"1772","GU29MI",46,73,4,5,4,1,1
"1773","GU29MI",46,57,3,5,5,2,2
"1774","GU29MI",46,31,6,6,5,1,1
"1775","GU29MI",46,10,3,3,3,2,2
"1776","GU29MI",46,65,2,2,3,2,2
"1777","GU29MI",46,52,2,2,5,2,2
"1778","GU29MI",46,17,2,4,4,2,2
"1779","GU29MI",46,60,2,4,4,2,2
"1780","GU29MI",46,39,2,4,4,2,2
"1781","GU29MI",46,44,3,4,3,2,2
"1782","GU29MI",46,55,2,4,3,2,2
"1783","GU29MI",46,34,3,5,4,2,2
"1784","GU29MI",46,8,3,4,4,2,2
"1785","GU29MI",46,29,3,4,4,2,2
"1786","GU29MI",46,21,4,4,3,2,2
"1787","GU29MI",46,46,NA,NA,NA,NA,NA
"1788","GU29MI",46,30,3,4,4,2,2
"1789","GU29MI",46,53,4,4,4,1,2
"1790","GU29MI",46,71,4,4,3,2,2
"1791","GU29MI",46,62,4,4,3,2,2
"1792","GU29MI",46,41,3,4,3,2,2
"1793","GU29MI",46,20,6,5,5,1,1
"1794","GU29MI",46,12,3,5,4,2,2
"1795","GU29MI",46,28,3,4,4,2,2
"1796","GU29MI",46,7,2,4,4,2,2
"1797","GU29MI",46,13,3,4,2,2,2
"1798","GU29MI",46,42,4,5,5,2,1
"1799","GU29MI",46,3,6,5,5,1,2
"1800","GU29MI",46,4,3,4,3,2,2
"1801","GU29MI",46,25,6,5,5,1,1
"1802","GU29MI",46,43,2,2,3,2,2
"1803","GU29MI",46,22,3,3,3,2,2
"1804","GU29MI",46,49,3,3,3,2,2
"1805","GU29MI",46,23,3,4,4,2,2
"1806","GU29MI",46,2,2,4,4,2,2
"1807","GU29MI",46,66,4,6,5,1,2
"1808","GU29MI",46,19,3,4,3,2,2
"1809","GU29MI",46,72,4,5,5,2,2
"1810","GU29MI",46,18,2,2,2,2,2
"1811","GU29MI",46,24,3,5,4,2,2
"1812","GU29MI",46,27,3,3,3,2,2
"1813","GU29MI",46,6,4,5,5,1,2
"1814","GU29MI",46,5,3,4,3,2,2
"1815","GU29MI",46,48,2,4,4,2,2
"1816","GU29MI",46,50,3,5,4,2,2
"1817","GU29MI",46,26,4,6,5,2,1
"1818","GU29MI",46,63,3,2,2,2,2
"1819","GU29MI",46,47,2,2,2,2,2
"1820","GU29MI",46,45,3,4,4,2,2
"1821","HA10AN",48,63,3,4,4,2,1
"1822","HA10AN",48,34,2,4,4,2,2
"1823","HA10AN",48,25,3,4,4,2,1
"1824","HA10AN",48,39,3,5,4,2,2
"1825","HA10AN",48,72,3,4,4,2,2
"1826","HA10AN",48,13,2,4,4,2,2
"1827","HA10AN",48,12,3,4,4,2,2
"1828","HA10AN",48,5,4,4,4,2,1
"1829","HA10AN",48,56,5,5,4,2,1
"1830","HA10AN",48,58,3,4,4,2,2
"1831","HA10AN",48,37,3,4,4,2,2
"1832","HA10AN",48,6,2,4,4,2,1
"1833","HA10AN",48,55,2,3,3,2,2
"1834","HA10AN",48,41,3,4,3,2,2
"1835","HA10AN",48,42,3,3,3,2,1
"1836","HA10AN",48,60,2,4,3,2,2
"1837","HA10AN",48,23,2,3,3,2,2
"1838","HA10AN",48,24,2,3,3,2,2
"1839","HA10AN",48,4,3,4,3,2,1
"1840","HA10AN",48,26,2,4,4,2,1
"1841","HA10AN",48,36,3,4,3,2,2
"1842","HA10AN",48,15,3,4,4,2,1
"1843","HA10AN",48,48,NA,NA,NA,NA,NA
"1844","HA10AN",48,27,3,4,4,2,2
"1845","HA10AN",48,54,2,3,3,2,2
"1846","HA10AN",48,33,3,5,4,2,2
"1847","HA10AN",48,62,5,4,4,2,1
"1848","HA10AN",48,20,3,4,4,2,1
"1849","HA10AN",48,17,2,4,4,2,2
"1850","HA10AN",48,8,3,5,4,2,1
"1851","HA10AN",48,2,4,5,4,2,1
"1852","HA10AN",48,66,3,3,3,2,2
"1853","HA10AN",48,47,5,5,4,2,2
"1854","HA10AN",48,14,3,4,4,2,1
"1855","HA10AN",48,57,3,5,4,2,1
"1856","HA10AN",48,64,2,3,3,2,2
"1857","HA10AN",48,43,3,4,4,2,1
"1858","HA10AN",48,22,5,5,4,2,2
"1859","HA10AN",48,16,3,4,4,2,1
"1860","HA10AN",48,59,2,4,4,2,1
"1861","HA10AN",48,38,3,5,4,2,2
"1862","HA10AN",48,65,5,5,4,2,1
"1863","HA10AN",48,44,5,5,5,2,2
"1864","HA10AN",48,51,3,3,3,2,1
"1865","HA10AN",48,30,2,4,4,2,2
"1866","HA10AN",48,35,3,5,4,2,2
"1867","HA10AN",48,46,2,4,4,2,2
"1868","HA10AN",48,21,4,4,4,2,2
"1869","HA10AN",48,10,3,3,3,2,1
"1870","HA10AN",48,53,2,4,3,2,2
"1871","HA10AN",48,32,2,3,3,2,2
"1872","HA10AN",48,11,2,4,4,2,2
"1873","HA10AN",48,49,4,5,4,2,1
"1874","HA10AN",48,1,4,5,4,2,2
"1875","HA10AN",48,28,3,4,4,2,2
"1876","HA10AN",48,7,4,4,4,2,1
"1877","HA10AN",48,50,5,5,4,2,1
"1878","HA10AN",48,29,4,4,4,2,2
"1879","HA10AN",48,3,2,4,4,2,2
"1880","HA10AN",48,45,4,5,4,2,1
"1881","HA10AN",48,52,2,4,3,2,2
"1882","HA10AN",48,73,2,4,4,2,1
"1883","HA10AN",48,18,4,4,4,2,1
"1884","HA10AN",48,61,5,5,4,2,1
"1885","HA10AN",48,40,4,4,3,2,2
"1886","HA10AN",48,71,2,3,3,2,2
"1887","HA10AN",48,31,3,4,4,2,1
"1888","HA10AN",48,19,2,4,3,2,1
"1889","HA10AN",48,9,2,4,4,2,2
"1890","HA10AN",48,74,4,4,4,2,2
"1891","HE23RO",35,32,2,1,3,2,2
"1892","HE23RO",35,62,2,4,3,2,1
"1893","HE23RO",35,53,2,5,3,2,1
"1894","HE23RO",35,30,2,2,5,2,2
"1895","HE23RO",35,41,2,1,2,2,2
"1896","HE23RO",35,11,2,2,3,2,2
"1897","HE23RO",35,20,2,4,3,2,1
"1898","HE23RO",35,43,3,1,2,2,2
"1899","HE23RO",35,44,2,2,3,2,2
"1900","HE23RO",35,74,2,4,3,2,1
"1901","HE23RO",35,71,2,4,3,2,2
"1902","HE23RO",35,19,2,5,3,2,1
"1903","HE23RO",35,22,3,4,2,2,1
"1904","HE23RO",35,14,2,2,3,2,2
"1905","HE23RO",35,57,2,3,4,2,2
"1906","HE23RO",35,54,2,1,2,2,2
"1907","HE23RO",35,65,3,4,3,2,1
"1908","HE23RO",35,72,2,2,4,2,1
"1909","HE23RO",35,63,2,4,3,2,2
"1910","HE23RO",35,64,3,5,2,2,1
"1911","HE23RO",35,21,2,3,3,2,1
"1912","HE23RO",35,73,3,4,3,2,1
"1913","HE23RO",35,56,3,5,4,2,1
"1914","HE23RO",35,1,3,4,2,2,1
"1915","HE23RO",35,35,NA,NA,NA,NA,NA
"1916","HE23RO",35,61,2,5,3,2,1
"1917","HE23RO",35,10,2,5,3,2,1
"1918","HE23RO",35,26,2,5,4,2,1
"1919","HE23RO",35,23,2,3,2,2,1
"1920","HE23RO",35,33,2,2,3,2,2
"1921","HE23RO",35,2,2,2,4,2,2
"1922","HE23RO",35,66,2,6,3,2,1
"1923","HE23RO",35,42,2,1,2,2,2
"1924","HE23RO",35,55,2,4,2,2,1
"1925","HE23RO",35,34,3,4,6,2,1
"1926","HE23RO",35,13,2,3,2,2,1
"1927","HE23RO",35,25,4,4,4,2,1
"1928","HE23RO",35,40,2,2,3,2,2
"1929","HE23RO",35,47,4,5,6,2,1
"1930","HE23RO",35,31,3,4,3,2,1
"1931","HE23RO",35,52,2,5,3,2,1
"1932","HE23RO",35,51,3,5,4,2,1
"1933","HE23RO",35,5,2,3,2,2,1
"1934","HE23RO",35,36,2,3,3,2,1
"1935","HE23RO",35,58,3,4,5,2,1
"1936","HE23RO",35,12,3,5,3,2,1
"1937","HE23RO",35,24,2,1,2,2,2
"1938","HE23RO",35,3,2,5,4,2,1
"1939","HE23RO",35,46,2,4,3,2,1
"1940","HE23RO",35,17,2,4,3,2,1
"1941","HE23RO",35,4,3,3,5,2,2
"1942","HE23RO",35,18,2,3,3,2,1
"1943","HE23RO",35,50,4,5,5,2,1
"1944","HE23RO",35,9,2,2,4,2,2
"1945","HE23RO",35,8,3,5,4,2,1
"1946","HE23RO",35,16,2,3,2,2,2
"1947","HE23RO",35,48,2,4,4,2,1
"1948","HE23RO",35,27,3,5,6,2,1
"1949","HE23RO",35,45,4,6,5,2,1
"1950","HE23RO",35,60,2,3,4,2,1
"1951","HE23RO",35,59,2,2,2,2,2
"1952","HE23RO",35,38,2,5,4,2,1
"1953","HE23RO",35,29,3,5,4,2,1
"1954","HE23RO",35,37,2,3,2,2,2
"1955","HE23RO",35,39,2,5,3,2,1
"1956","HE23RO",35,49,2,3,2,2,1
"1957","HE23RO",35,28,4,1,2,2,2
"1958","HE23RO",35,6,2,5,2,2,1
"1959","HE23RO",35,7,4,4,5,2,1
"1960","HE23RO",35,15,3,2,4,2,2
"1961","IL21IN",66,11,NA,NA,NA,NA,NA
"1962","IL21IN",66,14,NA,NA,NA,NA,NA
"1963","IL21IN",66,57,NA,NA,NA,NA,NA
"1964","IL21IN",66,36,NA,NA,NA,NA,NA
"1965","IL21IN",66,35,NA,NA,NA,NA,NA
"1966","IL21IN",66,27,NA,NA,NA,NA,NA
"1967","IL21IN",66,54,NA,NA,NA,NA,NA
"1968","IL21IN",66,33,NA,NA,NA,NA,NA
"1969","IL21IN",66,56,NA,NA,NA,NA,NA
"1970","IL21IN",66,4,NA,NA,NA,NA,NA
"1971","IL21IN",66,47,NA,NA,NA,NA,NA
"1972","IL21IN",66,26,NA,NA,NA,NA,NA
"1973","IL21IN",66,5,NA,NA,NA,NA,NA
"1974","IL21IN",66,48,NA,NA,NA,NA,NA
"1975","IL21IN",66,32,NA,NA,NA,NA,NA
"1976","IL21IN",66,40,NA,NA,NA,NA,NA
"1977","IL21IN",66,19,NA,NA,NA,NA,NA
"1978","IL21IN",66,12,NA,NA,NA,NA,NA
"1979","IL21IN",66,55,NA,NA,NA,NA,NA
"1980","IL21IN",66,34,NA,NA,NA,NA,NA
"1981","IL21IN",66,13,NA,NA,NA,NA,NA
"1982","IL21IN",66,72,NA,NA,NA,NA,NA
"1983","IL21IN",66,63,NA,NA,NA,NA,NA
"1984","IL21IN",66,42,NA,NA,NA,NA,NA
"1985","IL21IN",66,21,NA,NA,NA,NA,NA
"1986","IL21IN",66,73,NA,NA,NA,NA,NA
"1987","IL21IN",66,64,NA,NA,NA,NA,NA
"1988","IL21IN",66,15,NA,NA,NA,NA,NA
"1989","IL21IN",66,58,NA,NA,NA,NA,NA
"1990","IL21IN",66,37,NA,NA,NA,NA,NA
"1991","IL21IN",66,71,NA,NA,NA,NA,NA
"1992","IL21IN",66,62,NA,NA,NA,NA,NA
"1993","IL21IN",66,41,NA,NA,NA,NA,NA
"1994","IL21IN",66,20,NA,NA,NA,NA,NA
"1995","IL21IN",66,60,NA,NA,NA,NA,NA
"1996","IL21IN",66,39,NA,NA,NA,NA,NA
"1997","IL21IN",66,25,NA,NA,NA,NA,NA
"1998","IL21IN",66,46,NA,NA,NA,NA,NA
"1999","IL21IN",66,3,NA,NA,NA,NA,NA
"2000","IL21IN",66,10,NA,NA,NA,NA,NA
"2001","IL21IN",66,53,NA,NA,NA,NA,NA
"2002","IL21IN",66,18,NA,NA,NA,NA,NA
"2003","IL21IN",66,6,NA,NA,NA,NA,NA
"2004","IL21IN",66,16,NA,NA,NA,NA,NA
"2005","IL21IN",66,59,NA,NA,NA,NA,NA
"2006","IL21IN",66,38,NA,NA,NA,NA,NA
"2007","IL21IN",66,17,NA,NA,NA,NA,NA
"2008","IL21IN",66,51,NA,NA,NA,NA,NA
"2009","IL21IN",66,30,NA,NA,NA,NA,NA
"2010","IL21IN",66,9,NA,NA,NA,NA,NA
"2011","IL21IN",66,52,NA,NA,NA,NA,NA
"2012","IL21IN",66,31,NA,NA,NA,NA,NA
"2013","IL21IN",66,74,NA,NA,NA,NA,NA
"2014","IL21IN",66,1,NA,NA,NA,NA,NA
"2015","IL21IN",66,43,NA,NA,NA,NA,NA
"2016","IL21IN",66,61,NA,NA,NA,NA,NA
"2017","IL21IN",66,23,NA,NA,NA,NA,NA
"2018","IL21IN",66,2,NA,NA,NA,NA,NA
"2019","IL21IN",66,65,NA,NA,NA,NA,NA
"2020","IL21IN",66,44,NA,NA,NA,NA,NA
"2021","IL21IN",66,24,NA,NA,NA,NA,NA
"2022","IL21IN",66,50,NA,NA,NA,NA,NA
"2023","IL21IN",66,66,NA,NA,NA,NA,NA
"2024","IL21IN",66,45,NA,NA,NA,NA,NA
"2025","IL21IN",66,22,NA,NA,NA,NA,NA
"2026","IL21IN",66,49,NA,NA,NA,NA,NA
"2027","IL21IN",66,28,NA,NA,NA,NA,NA
"2028","IL21IN",66,7,NA,NA,NA,NA,NA
"2029","IL21IN",66,29,NA,NA,NA,NA,NA
"2030","IL21IN",66,8,NA,NA,NA,NA,NA
"2031","KA03AN",21,59,2,4,4,2,1
"2032","KA03AN",21,16,4,5,4,2,1
"2033","KA03AN",21,38,2,4,4,2,2
"2034","KA03AN",21,37,6,6,5,1,2
"2035","KA03AN",21,17,3,4,4,2,1
"2036","KA03AN",21,2,2,4,4,2,1
"2037","KA03AN",21,18,3,4,4,2,1
"2038","KA03AN",21,48,4,5,4,2,2
"2039","KA03AN",21,52,3,4,4,2,2
"2040","KA03AN",21,60,4,4,4,2,2
"2041","KA03AN",21,66,3,2,3,2,2
"2042","KA03AN",21,45,3,5,4,2,2
"2043","KA03AN",21,44,4,4,4,2,2
"2044","KA03AN",21,23,3,5,4,2,2
"2045","KA03AN",21,39,2,4,4,2,2
"2046","KA03AN",21,9,3,5,4,2,1
"2047","KA03AN",21,49,5,5,4,1,2
"2048","KA03AN",21,28,4,5,4,2,1
"2049","KA03AN",21,27,6,6,5,1,2
"2050","KA03AN",21,6,3,4,4,2,1
"2051","KA03AN",21,25,3,4,4,2,1
"2052","KA03AN",21,4,3,5,4,2,2
"2053","KA03AN",21,7,5,5,5,1,2
"2054","KA03AN",21,50,5,5,5,1,2
"2055","KA03AN",21,58,3,5,5,2,2
"2056","KA03AN",21,5,3,3,4,2,2
"2057","KA03AN",21,15,3,4,2,2,2
"2058","KA03AN",21,62,6,6,5,1,1
"2059","KA03AN",21,53,4,5,4,2,1
"2060","KA03AN",21,72,4,3,3,2,2
"2061","KA03AN",21,63,3,4,4,2,2
"2062","KA03AN",21,24,3,3,3,2,1
"2063","KA03AN",21,3,3,4,4,2,2
"2064","KA03AN",21,61,3,4,4,2,2
"2065","KA03AN",21,40,4,4,4,2,2
"2066","KA03AN",21,19,3,4,4,2,1
"2067","KA03AN",21,31,3,3,3,2,1
"2068","KA03AN",21,65,5,5,5,1,2
"2069","KA03AN",21,36,3,4,4,2,2
"2070","KA03AN",21,1,5,5,4,1,2
"2071","KA03AN",21,14,4,5,4,2,2
"2072","KA03AN",21,56,5,6,5,2,2
"2073","KA03AN",21,41,2,4,4,2,2
"2074","KA03AN",21,20,3,4,4,2,2
"2075","KA03AN",21,42,3,5,5,2,1
"2076","KA03AN",21,21,NA,NA,NA,NA,NA
"2077","KA03AN",21,46,4,5,4,2,1
"2078","KA03AN",21,29,5,4,4,2,2
"2079","KA03AN",21,8,2,4,4,2,2
"2080","KA03AN",21,51,3,3,3,2,2
"2081","KA03AN",21,26,4,4,4,2,1
"2082","KA03AN",21,47,5,5,5,1,2
"2083","KA03AN",21,74,3,4,4,2,2
"2084","KA03AN",21,35,2,4,4,2,2
"2085","KA03AN",21,11,3,5,4,2,2
"2086","KA03AN",21,54,2,4,4,2,2
"2087","KA03AN",21,73,3,5,4,2,1
"2088","KA03AN",21,32,2,4,4,2,2
"2089","KA03AN",21,43,2,4,4,2,2
"2090","KA03AN",21,71,4,5,4,2,2
"2091","KA03AN",21,10,3,4,4,2,1
"2092","KA03AN",21,64,3,5,4,2,1
"2093","KA03AN",21,22,4,5,4,2,2
"2094","KA03AN",21,12,3,4,4,2,2
"2095","KA03AN",21,55,2,4,4,2,2
"2096","KA03AN",21,13,2,3,3,2,2
"2097","KA03AN",21,33,2,4,4,2,2
"2098","KA03AN",21,34,3,5,4,2,1
"2099","KA03AN",21,57,3,4,4,2,2
"2100","KA03AN",21,30,3,4,4,2,2
"2101","KA15LU",62,43,4,4,4,2,2
"2102","KA15LU",62,65,6,6,6,1,2
"2103","KA15LU",62,22,4,4,4,2,2
"2104","KA15LU",62,6,3,5,4,2,1
"2105","KA15LU",62,1,6,6,5,1,2
"2106","KA15LU",62,64,3,4,4,2,2
"2107","KA15LU",62,26,4,4,4,2,2
"2108","KA15LU",62,74,3,4,4,2,2
"2109","KA15LU",62,56,4,6,5,2,2
"2110","KA15LU",62,27,3,4,4,2,2
"2111","KA15LU",62,10,3,4,4,2,2
"2112","KA15LU",62,5,3,5,4,2,2
"2113","KA15LU",62,48,4,5,5,2,2
"2114","KA15LU",62,28,4,5,5,2,2
"2115","KA15LU",62,7,6,6,6,1,2
"2116","KA15LU",62,53,4,5,4,2,2
"2117","KA15LU",62,49,6,5,5,1,2
"2118","KA15LU",62,8,2,4,4,2,2
"2119","KA15LU",62,51,5,5,4,2,1
"2120","KA15LU",62,30,3,4,4,2,1
"2121","KA15LU",62,9,3,4,4,2,2
"2122","KA15LU",62,52,2,4,4,2,2
"2123","KA15LU",62,31,3,5,4,2,1
"2124","KA15LU",62,14,4,5,4,2,1
"2125","KA15LU",62,57,3,4,4,2,2
"2126","KA15LU",62,32,3,3,4,2,2
"2127","KA15LU",62,11,4,4,4,2,1
"2128","KA15LU",62,54,3,3,4,2,2
"2129","KA15LU",62,50,6,6,5,1,2
"2130","KA15LU",62,29,6,5,5,1,2
"2131","KA15LU",62,55,2,4,4,2,2
"2132","KA15LU",62,34,2,4,4,2,2
"2133","KA15LU",62,13,3,4,4,2,1
"2134","KA15LU",62,73,3,5,4,2,2
"2135","KA15LU",62,39,2,4,4,2,2
"2136","KA15LU",62,35,3,4,4,2,2
"2137","KA15LU",62,61,4,5,5,2,2
"2138","KA15LU",62,40,3,4,4,2,1
"2139","KA15LU",62,44,6,5,4,1,2
"2140","KA15LU",62,23,3,4,4,2,2
"2141","KA15LU",62,2,3,5,4,2,2
"2142","KA15LU",62,33,3,4,4,2,2
"2143","KA15LU",62,12,2,4,4,2,2
"2144","KA15LU",62,25,4,5,4,2,1
"2145","KA15LU",62,4,3,4,4,2,2
"2146","KA15LU",62,47,6,4,4,1,2
"2147","KA15LU",62,60,4,4,4,2,2
"2148","KA15LU",62,17,3,4,4,2,2
"2149","KA15LU",62,18,3,4,4,2,2
"2150","KA15LU",62,62,NA,NA,NA,NA,NA
"2151","KA15LU",62,41,3,4,4,2,2
"2152","KA15LU",62,19,3,5,4,2,1
"2153","KA15LU",62,71,3,4,4,2,2
"2154","KA15LU",62,63,4,5,4,2,2
"2155","KA15LU",62,42,4,5,4,2,1
"2156","KA15LU",62,20,3,5,4,2,1
"2157","KA15LU",62,72,3,4,4,2,2
"2158","KA15LU",62,36,3,4,4,2,2
"2159","KA15LU",62,15,3,4,4,2,2
"2160","KA15LU",62,21,6,6,6,1,2
"2161","KA15LU",62,38,4,4,4,2,2
"2162","KA15LU",62,45,3,4,4,2,2
"2163","KA15LU",62,24,3,3,4,2,2
"2164","KA15LU",62,58,3,4,4,2,2
"2165","KA15LU",62,66,4,5,4,2,2
"2166","KA15LU",62,59,3,4,4,2,2
"2167","KA15LU",62,3,3,6,4,2,1
"2168","KA15LU",62,46,4,5,4,2,1
"2169","KA15LU",62,37,3,4,4,2,2
"2170","KA15LU",62,16,3,4,4,2,1
"2171","KA20TH",44,28,3,6,5,2,2
"2172","KA20TH",44,37,3,4,4,2,2
"2173","KA20TH",44,59,2,4,4,2,2
"2174","KA20TH",44,17,2,4,4,2,2
"2175","KA20TH",44,16,4,6,5,2,1
"2176","KA20TH",44,38,3,5,5,2,2
"2177","KA20TH",44,7,6,6,6,1,2
"2178","KA20TH",44,30,3,6,5,2,2
"2179","KA20TH",44,6,2,5,4,2,1
"2180","KA20TH",44,44,NA,NA,NA,NA,NA
"2181","KA20TH",44,22,3,5,4,2,2
"2182","KA20TH",44,23,3,3,4,2,2
"2183","KA20TH",44,2,4,6,6,2,1
"2184","KA20TH",44,49,5,5,5,1,2
"2185","KA20TH",44,8,2,5,4,2,2
"2186","KA20TH",44,51,5,6,6,2,1
"2187","KA20TH",44,3,3,6,5,2,1
"2188","KA20TH",44,29,5,5,5,1,2
"2189","KA20TH",44,26,4,5,4,2,2
"2190","KA20TH",44,4,3,5,4,2,2
"2191","KA20TH",44,58,2,4,4,2,2
"2192","KA20TH",44,1,5,5,5,2,2
"2193","KA20TH",44,65,6,6,6,1,2
"2194","KA20TH",44,48,5,6,6,2,2
"2195","KA20TH",44,32,3,2,4,2,2
"2196","KA20TH",44,11,3,2,4,2,2
"2197","KA20TH",44,66,4,6,5,2,1
"2198","KA20TH",44,60,2,4,4,2,2
"2199","KA20TH",44,39,2,4,4,2,2
"2200","KA20TH",44,24,3,5,5,2,2
"2201","KA20TH",44,46,4,5,5,2,2
"2202","KA20TH",44,25,4,5,5,2,1
"2203","KA20TH",44,52,1,NA,NA,NA,NA
"2204","KA20TH",44,15,4,6,6,2,1
"2205","KA20TH",44,74,2,4,4,2,2
"2206","KA20TH",44,27,3,4,4,2,2
"2207","KA20TH",44,53,3,6,5,2,1
"2208","KA20TH",44,64,4,4,4,2,2
"2209","KA20TH",44,61,3,5,5,2,2
"2210","KA20TH",44,50,6,6,6,1,2
"2211","KA20TH",44,54,3,3,4,2,1
"2212","KA20TH",44,45,2,4,4,2,2
"2213","KA20TH",44,55,2,4,4,2,2
"2214","KA20TH",44,62,6,6,6,1,1
"2215","KA20TH",44,9,4,6,5,2,1
"2216","KA20TH",44,14,3,5,4,2,1
"2217","KA20TH",44,57,3,5,4,2,2
"2218","KA20TH",44,47,4,5,5,2,2
"2219","KA20TH",44,43,2,4,4,2,2
"2220","KA20TH",44,73,3,4,4,2,1
"2221","KA20TH",44,10,2,4,4,2,2
"2222","KA20TH",44,18,3,6,5,2,2
"2223","KA20TH",44,40,4,5,4,2,1
"2224","KA20TH",44,34,4,6,5,2,2
"2225","KA20TH",44,33,2,4,4,2,2
"2226","KA20TH",44,12,2,4,4,2,2
"2227","KA20TH",44,19,3,5,4,2,1
"2228","KA20TH",44,5,3,5,4,2,2
"2229","KA20TH",44,13,3,4,4,2,2
"2230","KA20TH",44,56,3,4,4,2,1
"2231","KA20TH",44,36,4,6,6,2,2
"2232","KA20TH",44,35,2,4,4,2,2
"2233","KA20TH",44,31,4,6,5,2,1
"2234","KA20TH",44,41,5,6,5,2,1
"2235","KA20TH",44,20,3,6,5,2,1
"2236","KA20TH",44,71,2,4,4,2,2
"2237","KA20TH",44,42,5,6,6,1,1
"2238","KA20TH",44,63,3,5,4,2,2
"2239","KA20TH",44,21,5,6,6,1,2
"2240","KA20TH",44,72,4,5,4,2,2
"2241","KA22ST",63,53,2,3,3,2,1
"2242","KA22ST",63,10,6,3,3,1,2
"2243","KA22ST",63,40,2,3,3,2,2
"2244","KA22ST",63,61,3,3,3,2,2
"2245","KA22ST",63,25,3,4,3,2,1
"2246","KA22ST",63,19,2,3,3,2,2
"2247","KA22ST",63,71,2,3,3,2,2
"2248","KA22ST",63,39,2,2,3,2,2
"2249","KA22ST",63,32,2,1,1,2,2
"2250","KA22ST",63,4,2,3,3,2,2
"2251","KA22ST",63,47,4,1,1,2,2
"2252","KA22ST",63,26,2,1,2,2,2
"2253","KA22ST",63,12,4,6,4,2,2
"2254","KA22ST",63,11,2,1,1,2,2
"2255","KA22ST",63,54,2,1,1,2,2
"2256","KA22ST",63,33,2,2,3,2,2
"2257","KA22ST",63,56,6,4,4,1,2
"2258","KA22ST",63,18,2,2,2,2,2
"2259","KA22ST",63,9,2,4,3,2,1
"2260","KA22ST",63,52,1,NA,NA,NA,NA
"2261","KA22ST",63,31,2,2,2,2,1
"2262","KA22ST",63,1,3,4,4,2,2
"2263","KA22ST",63,62,4,5,5,2,1
"2264","KA22ST",63,41,2,3,3,2,2
"2265","KA22ST",63,20,2,6,4,2,1
"2266","KA22ST",63,72,2,4,4,2,1
"2267","KA22ST",63,55,2,2,2,2,2
"2268","KA22ST",63,34,3,2,2,2,2
"2269","KA22ST",63,13,4,4,4,2,2
"2270","KA22ST",63,46,4,3,3,2,1
"2271","KA22ST",63,64,4,6,5,2,1
"2272","KA22ST",63,43,2,2,2,2,2
"2273","KA22ST",63,22,4,1,3,2,2
"2274","KA22ST",63,74,3,2,3,2,2
"2275","KA22ST",63,30,2,1,1,2,2
"2276","KA22ST",63,65,3,3,3,2,2
"2277","KA22ST",63,44,3,3,3,2,2
"2278","KA22ST",63,23,3,2,2,2,2
"2279","KA22ST",63,2,3,4,4,2,1
"2280","KA22ST",63,63,NA,NA,NA,NA,NA
"2281","KA22ST",63,42,3,4,4,2,2
"2282","KA22ST",63,21,3,6,4,2,2
"2283","KA22ST",63,73,3,3,3,2,2
"2284","KA22ST",63,17,6,5,5,1,2
"2285","KA22ST",63,60,2,3,3,2,2
"2286","KA22ST",63,8,2,3,3,2,2
"2287","KA22ST",63,51,3,2,2,2,2
"2288","KA22ST",63,35,2,2,2,2,2
"2289","KA22ST",63,14,3,4,4,2,1
"2290","KA22ST",63,5,6,5,5,1,1
"2291","KA22ST",63,48,3,5,3,2,2
"2292","KA22ST",63,27,3,6,6,2,1
"2293","KA22ST",63,66,2,4,4,2,1
"2294","KA22ST",63,45,2,3,3,2,2
"2295","KA22ST",63,24,2,2,2,2,2
"2296","KA22ST",63,3,3,1,1,2,2
"2297","KA22ST",63,50,3,5,5,2,1
"2298","KA22ST",63,29,4,5,5,2,2
"2299","KA22ST",63,57,3,3,3,2,2
"2300","KA22ST",63,36,2,3,3,2,2
"2301","KA22ST",63,15,3,3,3,2,2
"2302","KA22ST",63,58,2,3,3,2,2
"2303","KA22ST",63,37,3,4,4,2,1
"2304","KA22ST",63,16,3,6,4,2,1
"2305","KA22ST",63,59,4,3,3,2,2
"2306","KA22ST",63,38,3,3,3,2,2
"2307","KA22ST",63,7,4,3,3,2,2
"2308","KA22ST",63,6,3,1,1,2,2
"2309","KA22ST",63,49,4,5,4,2,1
"2310","KA22ST",63,28,2,2,2,2,2
"2311","KR07CH",39,47,2,4,4,2,2
"2312","KR07CH",39,27,2,6,4,2,2
"2313","KR07CH",39,48,2,3,4,2,2
"2314","KR07CH",39,5,2,2,4,2,2
"2315","KR07CH",39,72,2,4,4,2,2
"2316","KR07CH",39,71,2,3,4,2,2
"2317","KR07CH",39,62,2,3,4,2,2
"2318","KR07CH",39,26,2,3,4,2,2
"2319","KR07CH",39,4,5,5,3,1,2
"2320","KR07CH",39,23,2,3,4,2,2
"2321","KR07CH",39,2,5,6,5,1,1
"2322","KR07CH",39,6,2,5,4,2,2
"2323","KR07CH",39,49,2,4,4,2,2
"2324","KR07CH",39,18,2,3,4,2,2
"2325","KR07CH",39,61,2,3,4,2,2
"2326","KR07CH",39,28,2,3,4,2,2
"2327","KR07CH",39,19,3,4,3,2,2
"2328","KR07CH",39,51,2,4,4,2,2
"2329","KR07CH",39,60,4,4,4,2,2
"2330","KR07CH",39,39,NA,NA,NA,NA,NA
"2331","KR07CH",39,9,2,5,4,2,2
"2332","KR07CH",39,41,2,3,4,2,2
"2333","KR07CH",39,20,2,3,4,2,2
"2334","KR07CH",39,10,2,5,4,2,1
"2335","KR07CH",39,66,2,4,4,2,1
"2336","KR07CH",39,7,3,5,4,2,2
"2337","KR07CH",39,50,3,2,3,2,2
"2338","KR07CH",39,29,3,4,4,2,2
"2339","KR07CH",39,8,5,5,5,1,2
"2340","KR07CH",39,40,2,4,4,2,2
"2341","KR07CH",39,25,2,5,4,2,2
"2342","KR07CH",39,22,2,3,4,2,2
"2343","KR07CH",39,30,2,2,4,2,2
"2344","KR07CH",39,1,2,2,4,2,2
"2345","KR07CH",39,65,2,2,3,2,2
"2346","KR07CH",39,44,2,3,4,2,2
"2347","KR07CH",39,57,2,3,4,2,2
"2348","KR07CH",39,53,2,5,4,2,2
"2349","KR07CH",39,63,2,4,4,2,2
"2350","KR07CH",39,42,3,5,4,2,1
"2351","KR07CH",39,21,2,5,4,2,2
"2352","KR07CH",39,73,2,3,4,2,2
"2353","KR07CH",39,64,3,4,4,2,2
"2354","KR07CH",39,43,2,4,4,2,2
"2355","KR07CH",39,17,2,4,4,2,2
"2356","KR07CH",39,74,5,4,4,2,2
"2357","KR07CH",39,56,2,3,3,2,2
"2358","KR07CH",39,35,2,3,3,2,2
"2359","KR07CH",39,14,3,4,4,2,1
"2360","KR07CH",39,52,3,5,4,2,2
"2361","KR07CH",39,36,2,5,4,2,2
"2362","KR07CH",39,15,5,4,4,2,2
"2363","KR07CH",39,58,5,5,5,1,1
"2364","KR07CH",39,45,4,4,4,2,2
"2365","KR07CH",39,24,2,3,4,2,2
"2366","KR07CH",39,3,2,5,4,2,2
"2367","KR07CH",39,46,2,3,3,2,2
"2368","KR07CH",39,55,2,3,4,2,2
"2369","KR07CH",39,34,3,3,4,2,2
"2370","KR07CH",39,31,2,3,4,2,2
"2371","KR07CH",39,33,3,1,1,2,2
"2372","KR07CH",39,13,2,3,4,2,2
"2373","KR07CH",39,11,2,3,4,2,2
"2374","KR07CH",39,54,3,4,4,2,2
"2375","KR07CH",39,37,3,3,3,2,2
"2376","KR07CH",39,32,3,4,4,2,2
"2377","KR07CH",39,38,2,4,3,2,2
"2378","KR07CH",39,12,2,5,4,2,2
"2379","KR07CH",39,59,2,3,4,2,2
"2380","KR07CH",39,16,2,3,4,2,2
"2381","LI11KA",42,44,NA,NA,NA,NA,NA
"2382","LI11KA",42,57,NA,NA,NA,NA,NA
"2383","LI11KA",42,15,5,4,4,2,2
"2384","LI11KA",42,35,NA,NA,NA,NA,NA
"2385","LI11KA",42,14,NA,NA,NA,NA,NA
"2386","LI11KA",42,58,NA,NA,NA,NA,NA
"2387","LI11KA",42,36,NA,NA,NA,NA,NA
"2388","LI11KA",42,65,NA,NA,NA,NA,NA
"2389","LI11KA",42,5,4,4,4,2,2
"2390","LI11KA",42,60,NA,NA,NA,NA,NA
"2391","LI11KA",42,37,NA,NA,NA,NA,NA
"2392","LI11KA",42,16,NA,NA,NA,NA,NA
"2393","LI11KA",42,43,NA,NA,NA,NA,NA
"2394","LI11KA",42,13,NA,NA,NA,NA,NA
"2395","LI11KA",42,74,NA,NA,NA,NA,NA
"2396","LI11KA",42,1,NA,NA,NA,NA,NA
"2397","LI11KA",42,26,NA,NA,NA,NA,NA
"2398","LI11KA",42,4,NA,NA,NA,NA,NA
"2399","LI11KA",42,47,3,4,4,2,2
"2400","LI11KA",42,48,NA,NA,NA,NA,NA
"2401","LI11KA",42,23,NA,NA,NA,NA,NA
"2402","LI11KA",42,59,NA,NA,NA,NA,NA
"2403","LI11KA",42,38,NA,NA,NA,NA,NA
"2404","LI11KA",42,17,NA,NA,NA,NA,NA
"2405","LI11KA",42,56,NA,NA,NA,NA,NA
"2406","LI11KA",42,18,NA,NA,NA,NA,NA
"2407","LI11KA",42,34,5,4,4,2,1
"2408","LI11KA",42,22,NA,NA,NA,NA,NA
"2409","LI11KA",42,25,NA,NA,NA,NA,NA
"2410","LI11KA",42,71,NA,NA,NA,NA,NA
"2411","LI11KA",42,62,NA,NA,NA,NA,NA
"2412","LI11KA",42,41,6,6,6,1,2
"2413","LI11KA",42,20,NA,NA,NA,NA,NA
"2414","LI11KA",42,27,NA,NA,NA,NA,NA
"2415","LI11KA",42,2,NA,NA,NA,NA,NA
"2416","LI11KA",42,66,NA,NA,NA,NA,NA
"2417","LI11KA",42,45,NA,NA,NA,NA,NA
"2418","LI11KA",42,24,NA,NA,NA,NA,NA
"2419","LI11KA",42,73,NA,NA,NA,NA,NA
"2420","LI11KA",42,39,NA,NA,NA,NA,NA
"2421","LI11KA",42,46,6,5,5,1,1
"2422","LI11KA",42,40,5,5,4,2,1
"2423","LI11KA",42,19,NA,NA,NA,NA,NA
"2424","LI11KA",42,30,3,4,4,2,2
"2425","LI11KA",42,52,2,2,3,2,2
"2426","LI11KA",42,31,NA,NA,NA,NA,NA
"2427","LI11KA",42,72,NA,NA,NA,NA,NA
"2428","LI11KA",42,6,NA,NA,NA,NA,NA
"2429","LI11KA",42,49,NA,NA,NA,NA,NA
"2430","LI11KA",42,28,3,4,4,2,2
"2431","LI11KA",42,7,NA,NA,NA,NA,NA
"2432","LI11KA",42,21,3,6,5,2,2
"2433","LI11KA",42,64,NA,NA,NA,NA,NA
"2434","LI11KA",42,3,5,4,4,1,2
"2435","LI11KA",42,63,NA,NA,NA,NA,NA
"2436","LI11KA",42,8,NA,NA,NA,NA,NA
"2437","LI11KA",42,51,NA,NA,NA,NA,NA
"2438","LI11KA",42,32,6,5,5,1,2
"2439","LI11KA",42,61,NA,NA,NA,NA,NA
"2440","LI11KA",42,10,3,2,2,2,2
"2441","LI11KA",42,53,NA,NA,NA,NA,NA
"2442","LI11KA",42,50,3,4,4,2,2
"2443","LI11KA",42,12,NA,NA,NA,NA,NA
"2444","LI11KA",42,42,NA,NA,NA,NA,NA
"2445","LI11KA",42,54,5,3,3,2,2
"2446","LI11KA",42,29,NA,NA,NA,NA,NA
"2447","LI11KA",42,55,2,4,4,2,2
"2448","LI11KA",42,9,5,4,4,1,2
"2449","LI11KA",42,33,NA,NA,NA,NA,NA
"2450","LI11KA",42,11,NA,NA,NA,NA,NA
"2451","LJ08DR",31,20,6,6,6,1,2
"2452","LJ08DR",31,18,4,4,4,2,2
"2453","LJ08DR",31,62,4,5,5,2,2
"2454","LJ08DR",31,6,5,6,6,1,1
"2455","LJ08DR",31,63,2,4,4,2,2
"2456","LJ08DR",31,42,5,5,5,1,1
"2457","LJ08DR",31,21,3,4,4,2,2
"2458","LJ08DR",31,41,5,5,5,2,2
"2459","LJ08DR",31,73,5,6,6,2,2
"2460","LJ08DR",31,49,3,4,4,2,2
"2461","LJ08DR",31,64,4,4,4,2,2
"2462","LJ08DR",31,61,2,2,3,2,2
"2463","LJ08DR",31,8,2,5,5,2,2
"2464","LJ08DR",31,72,5,6,6,1,2
"2465","LJ08DR",31,44,3,4,4,2,2
"2466","LJ08DR",31,71,4,5,5,2,2
"2467","LJ08DR",31,27,2,3,3,2,2
"2468","LJ08DR",31,39,2,3,3,2,2
"2469","LJ08DR",31,52,2,4,4,2,2
"2470","LJ08DR",31,30,3,5,5,2,2
"2471","LJ08DR",31,28,5,6,6,1,2
"2472","LJ08DR",31,7,3,3,3,2,2
"2473","LJ08DR",31,40,4,3,4,2,2
"2474","LJ08DR",31,66,6,6,6,1,2
"2475","LJ08DR",31,74,3,4,4,2,2
"2476","LJ08DR",31,1,3,4,4,2,2
"2477","LJ08DR",31,51,5,4,5,2,2
"2478","LJ08DR",31,12,2,3,3,2,2
"2479","LJ08DR",31,23,4,3,3,2,2
"2480","LJ08DR",31,9,5,5,5,2,2
"2481","LJ08DR",31,48,3,4,4,2,2
"2482","LJ08DR",31,5,3,3,4,2,2
"2483","LJ08DR",31,60,3,3,3,2,2
"2484","LJ08DR",31,45,3,3,3,2,2
"2485","LJ08DR",31,53,5,5,5,2,2
"2486","LJ08DR",31,43,3,2,3,2,2
"2487","LJ08DR",31,19,5,5,5,2,1
"2488","LJ08DR",31,11,5,4,4,2,2
"2489","LJ08DR",31,50,3,3,3,2,2
"2490","LJ08DR",31,65,4,4,4,2,2
"2491","LJ08DR",31,15,5,5,5,1,2
"2492","LJ08DR",31,55,3,4,4,2,2
"2493","LJ08DR",31,34,4,4,4,2,2
"2494","LJ08DR",31,2,3,4,4,2,2
"2495","LJ08DR",31,4,3,3,3,2,2
"2496","LJ08DR",31,47,3,3,3,2,2
"2497","LJ08DR",31,26,5,5,5,2,2
"2498","LJ08DR",31,31,NA,NA,NA,NA,NA
"2499","LJ08DR",31,10,2,3,3,2,2
"2500","LJ08DR",31,22,3,3,3,2,2
"2501","LJ08DR",31,57,4,6,6,2,2
"2502","LJ08DR",31,54,4,3,3,2,2
"2503","LJ08DR",31,29,3,4,4,2,2
"2504","LJ08DR",31,16,5,5,5,1,1
"2505","LJ08DR",31,58,2,4,4,2,2
"2506","LJ08DR",31,37,3,4,4,2,2
"2507","LJ08DR",31,25,6,5,5,1,2
"2508","LJ08DR",31,24,3,5,5,2,2
"2509","LJ08DR",31,59,4,4,4,2,2
"2510","LJ08DR",31,38,3,4,4,2,2
"2511","LJ08DR",31,17,4,5,5,2,2
"2512","LJ08DR",31,33,3,4,4,2,2
"2513","LJ08DR",31,32,6,6,6,1,2
"2514","LJ08DR",31,35,3,3,3,2,2
"2515","LJ08DR",31,46,6,6,6,1,1
"2516","LJ08DR",31,14,5,5,5,1,2
"2517","LJ08DR",31,36,5,4,4,2,2
"2518","LJ08DR",31,13,5,5,5,2,2
"2519","LJ08DR",31,3,5,5,5,1,2
"2520","LJ08DR",31,56,3,4,4,2,2
"2521","MA06SM",50,54,2,3,3,2,2
"2522","MA06SM",50,33,2,3,3,2,2
"2523","MA06SM",50,40,2,3,3,2,2
"2524","MA06SM",50,18,2,3,3,2,2
"2525","MA06SM",50,19,2,3,3,2,2
"2526","MA06SM",50,71,2,3,3,2,2
"2527","MA06SM",50,11,2,3,3,2,2
"2528","MA06SM",50,17,3,3,3,2,2
"2529","MA06SM",50,58,3,4,4,2,2
"2530","MA06SM",50,37,3,3,3,2,2
"2531","MA06SM",50,53,3,4,4,2,2
"2532","MA06SM",50,10,2,1,2,2,2
"2533","MA06SM",50,38,2,3,3,2,2
"2534","MA06SM",50,60,2,3,3,2,2
"2535","MA06SM",50,16,2,3,2,2,1
"2536","MA06SM",50,62,6,5,4,1,2
"2537","MA06SM",50,3,3,3,3,2,2
"2538","MA06SM",50,46,3,4,3,2,1
"2539","MA06SM",50,39,3,3,3,2,2
"2540","MA06SM",50,32,2,2,2,2,2
"2541","MA06SM",50,36,2,3,3,2,2
"2542","MA06SM",50,15,2,3,3,2,2
"2543","MA06SM",50,74,4,3,3,2,2
"2544","MA06SM",50,61,3,4,4,2,2
"2545","MA06SM",50,65,4,4,3,2,2
"2546","MA06SM",50,59,4,4,3,2,2
"2547","MA06SM",50,66,2,3,3,2,2
"2548","MA06SM",50,45,3,4,3,2,2
"2549","MA06SM",50,24,2,2,2,2,2
"2550","MA06SM",50,56,4,5,4,2,2
"2551","MA06SM",50,35,3,4,3,2,2
"2552","MA06SM",50,14,2,2,2,2,2
"2553","MA06SM",50,57,3,4,4,2,2
"2554","MA06SM",50,4,2,3,3,2,2
"2555","MA06SM",50,31,3,3,3,2,2
"2556","MA06SM",50,64,2,2,2,2,2
"2557","MA06SM",50,1,5,4,4,2,2
"2558","MA06SM",50,43,2,3,3,2,2
"2559","MA06SM",50,22,3,4,4,2,2
"2560","MA06SM",50,2,3,4,3,2,2
"2561","MA06SM",50,23,2,3,3,2,2
"2562","MA06SM",50,12,4,4,3,2,2
"2563","MA06SM",50,55,2,3,3,2,2
"2564","MA06SM",50,34,3,3,3,2,2
"2565","MA06SM",50,13,2,1,2,2,2
"2566","MA06SM",50,25,3,2,2,2,1
"2567","MA06SM",50,52,2,3,3,2,2
"2568","MA06SM",50,73,3,3,3,2,2
"2569","MA06SM",50,47,4,4,4,1,2
"2570","MA06SM",50,26,2,3,3,2,2
"2571","MA06SM",50,5,3,3,3,2,2
"2572","MA06SM",50,48,6,5,4,1,2
"2573","MA06SM",50,44,4,5,4,2,2
"2574","MA06SM",50,49,6,4,4,2,2
"2575","MA06SM",50,28,4,5,4,2,2
"2576","MA06SM",50,7,4,4,4,2,1
"2577","MA06SM",50,50,NA,NA,NA,NA,NA
"2578","MA06SM",50,29,6,6,5,1,2
"2579","MA06SM",50,42,3,3,3,2,2
"2580","MA06SM",50,21,3,3,3,2,2
"2581","MA06SM",50,30,2,3,3,2,2
"2582","MA06SM",50,9,4,5,4,2,2
"2583","MA06SM",50,27,4,4,4,2,2
"2584","MA06SM",50,6,2,4,3,2,1
"2585","MA06SM",50,41,2,3,3,2,2
"2586","MA06SM",50,20,2,3,3,2,2
"2587","MA06SM",50,72,2,3,3,2,2
"2588","MA06SM",50,8,4,4,3,2,2
"2589","MA06SM",50,51,2,2,2,2,1
"2590","MA06SM",50,63,3,3,3,2,2
"2591","MI07JA",51,62,4,4,4,2,1
"2592","MI07JA",51,30,3,4,4,2,1
"2593","MI07JA",51,19,4,4,4,2,1
"2594","MI07JA",51,18,6,5,5,1,2
"2595","MI07JA",51,61,2,4,4,2,2
"2596","MI07JA",51,43,3,3,3,2,2
"2597","MI07JA",51,71,2,3,3,2,2
"2598","MI07JA",51,9,3,4,4,2,2
"2599","MI07JA",51,52,2,4,4,2,2
"2600","MI07JA",51,44,4,4,4,2,2
"2601","MI07JA",51,40,4,4,3,2,1
"2602","MI07JA",51,2,2,4,4,2,2
"2603","MI07JA",51,66,6,5,5,1,2
"2604","MI07JA",51,45,2,4,4,2,2
"2605","MI07JA",51,23,4,4,4,2,2
"2606","MI07JA",51,24,3,4,4,2,2
"2607","MI07JA",51,3,3,4,3,2,2
"2608","MI07JA",51,51,NA,NA,NA,NA,NA
"2609","MI07JA",51,29,3,4,4,2,2
"2610","MI07JA",51,8,2,4,4,2,2
"2611","MI07JA",51,22,3,4,4,2,2
"2612","MI07JA",51,74,3,4,4,2,2
"2613","MI07JA",51,31,5,6,5,1,1
"2614","MI07JA",51,36,5,5,5,1,2
"2615","MI07JA",51,15,3,4,3,2,2
"2616","MI07JA",51,58,2,4,4,2,2
"2617","MI07JA",51,37,2,4,4,2,2
"2618","MI07JA",51,16,5,4,3,2,1
"2619","MI07JA",51,42,5,5,4,2,1
"2620","MI07JA",51,21,2,4,4,2,2
"2621","MI07JA",51,73,6,5,5,1,2
"2622","MI07JA",51,64,2,3,3,2,2
"2623","MI07JA",51,13,3,4,3,2,2
"2624","MI07JA",51,25,5,5,4,2,1
"2625","MI07JA",51,4,3,3,3,2,1
"2626","MI07JA",51,1,2,4,4,2,2
"2627","MI07JA",51,65,4,4,4,2,2
"2628","MI07JA",51,57,2,4,4,2,1
"2629","MI07JA",51,48,2,3,3,2,2
"2630","MI07JA",51,27,4,4,4,2,2
"2631","MI07JA",51,6,4,4,2,2,1
"2632","MI07JA",51,49,2,3,3,2,2
"2633","MI07JA",51,28,4,5,4,2,2
"2634","MI07JA",51,59,2,3,3,2,2
"2635","MI07JA",51,38,3,4,4,2,2
"2636","MI07JA",51,46,5,6,5,1,1
"2637","MI07JA",51,55,2,3,3,2,2
"2638","MI07JA",51,56,2,3,3,2,2
"2639","MI07JA",51,35,3,3,3,2,2
"2640","MI07JA",51,47,3,3,3,2,2
"2641","MI07JA",51,5,2,4,4,2,2
"2642","MI07JA",51,63,2,3,3,2,2
"2643","MI07JA",51,41,4,5,4,2,2
"2644","MI07JA",51,20,6,6,5,1,2
"2645","MI07JA",51,72,4,4,4,2,2
"2646","MI07JA",51,17,3,4,4,2,1
"2647","MI07JA",51,7,5,4,4,2,2
"2648","MI07JA",51,50,2,3,3,2,2
"2649","MI07JA",51,12,3,4,4,2,2
"2650","MI07JA",51,14,6,6,6,1,1
"2651","MI07JA",51,60,2,4,4,2,2
"2652","MI07JA",51,39,2,3,3,2,2
"2653","MI07JA",51,10,2,4,4,2,2
"2654","MI07JA",51,53,3,4,4,2,2
"2655","MI07JA",51,32,4,4,4,2,2
"2656","MI07JA",51,54,3,4,4,2,2
"2657","MI07JA",51,33,2,4,4,2,2
"2658","MI07JA",51,26,4,5,4,2,1
"2659","MI07JA",51,34,2,4,4,2,2
"2660","MI07JA",51,11,6,5,5,1,1
"2661","MO10FA",8,44,NA,NA,NA,NA,NA
"2662","MO10FA",8,65,NA,NA,NA,NA,NA
"2663","MO10FA",8,2,NA,NA,NA,NA,NA
"2664","MO10FA",8,36,NA,NA,NA,NA,NA
"2665","MO10FA",8,23,NA,NA,NA,NA,NA
"2666","MO10FA",8,35,NA,NA,NA,NA,NA
"2667","MO10FA",8,66,NA,NA,NA,NA,NA
"2668","MO10FA",8,45,NA,NA,NA,NA,NA
"2669","MO10FA",8,1,NA,NA,NA,NA,NA
"2670","MO10FA",8,48,NA,NA,NA,NA,NA
"2671","MO10FA",8,14,NA,NA,NA,NA,NA
"2672","MO10FA",8,57,NA,NA,NA,NA,NA
"2673","MO10FA",8,5,NA,NA,NA,NA,NA
"2674","MO10FA",8,24,NA,NA,NA,NA,NA
"2675","MO10FA",8,15,NA,NA,NA,NA,NA
"2676","MO10FA",8,58,NA,NA,NA,NA,NA
"2677","MO10FA",8,37,NA,NA,NA,NA,NA
"2678","MO10FA",8,56,NA,NA,NA,NA,NA
"2679","MO10FA",8,64,NA,NA,NA,NA,NA
"2680","MO10FA",8,13,NA,NA,NA,NA,NA
"2681","MO10FA",8,74,NA,NA,NA,NA,NA
"2682","MO10FA",8,52,NA,NA,NA,NA,NA
"2683","MO10FA",8,31,NA,NA,NA,NA,NA
"2684","MO10FA",8,27,NA,NA,NA,NA,NA
"2685","MO10FA",8,26,NA,NA,NA,NA,NA
"2686","MO10FA",8,49,NA,NA,NA,NA,NA
"2687","MO10FA",8,16,NA,NA,NA,NA,NA
"2688","MO10FA",8,3,NA,NA,NA,NA,NA
"2689","MO10FA",8,6,NA,NA,NA,NA,NA
"2690","MO10FA",8,22,NA,NA,NA,NA,NA
"2691","MO10FA",8,43,NA,NA,NA,NA,NA
"2692","MO10FA",8,4,NA,NA,NA,NA,NA
"2693","MO10FA",8,47,NA,NA,NA,NA,NA
"2694","MO10FA",8,39,NA,NA,NA,NA,NA
"2695","MO10FA",8,61,NA,NA,NA,NA,NA
"2696","MO10FA",8,40,NA,NA,NA,NA,NA
"2697","MO10FA",8,10,NA,NA,NA,NA,NA
"2698","MO10FA",8,53,NA,NA,NA,NA,NA
"2699","MO10FA",8,32,NA,NA,NA,NA,NA
"2700","MO10FA",8,11,NA,NA,NA,NA,NA
"2701","MO10FA",8,59,NA,NA,NA,NA,NA
"2702","MO10FA",8,38,NA,NA,NA,NA,NA
"2703","MO10FA",8,46,NA,NA,NA,NA,NA
"2704","MO10FA",8,25,NA,NA,NA,NA,NA
"2705","MO10FA",8,73,NA,NA,NA,NA,NA
"2706","MO10FA",8,34,NA,NA,NA,NA,NA
"2707","MO10FA",8,18,NA,NA,NA,NA,NA
"2708","MO10FA",8,51,NA,NA,NA,NA,NA
"2709","MO10FA",8,30,NA,NA,NA,NA,NA
"2710","MO10FA",8,19,NA,NA,NA,NA,NA
"2711","MO10FA",8,71,NA,NA,NA,NA,NA
"2712","MO10FA",8,62,NA,NA,NA,NA,NA
"2713","MO10FA",8,41,NA,NA,NA,NA,NA
"2714","MO10FA",8,20,NA,NA,NA,NA,NA
"2715","MO10FA",8,28,NA,NA,NA,NA,NA
"2716","MO10FA",8,7,NA,NA,NA,NA,NA
"2717","MO10FA",8,50,NA,NA,NA,NA,NA
"2718","MO10FA",8,17,NA,NA,NA,NA,NA
"2719","MO10FA",8,60,NA,NA,NA,NA,NA
"2720","MO10FA",8,72,NA,NA,NA,NA,NA
"2721","MO10FA",8,63,NA,NA,NA,NA,NA
"2722","MO10FA",8,42,NA,NA,NA,NA,NA
"2723","MO10FA",8,9,NA,NA,NA,NA,NA
"2724","MO10FA",8,8,NA,NA,NA,NA,NA
"2725","MO10FA",8,55,NA,NA,NA,NA,NA
"2726","MO10FA",8,12,NA,NA,NA,NA,NA
"2727","MO10FA",8,29,NA,NA,NA,NA,NA
"2728","MO10FA",8,21,NA,NA,NA,NA,NA
"2729","MO10FA",8,33,NA,NA,NA,NA,NA
"2730","MO10FA",8,54,NA,NA,NA,NA,NA
"2731","PA24DE",16,25,4,6,5,1,1
"2732","PA24DE",16,36,3,4,4,2,2
"2733","PA24DE",16,46,4,4,4,2,1
"2734","PA24DE",16,16,NA,NA,NA,NA,NA
"2735","PA24DE",16,15,4,5,4,1,1
"2736","PA24DE",16,37,3,3,3,2,2
"2737","PA24DE",16,3,4,5,5,2,2
"2738","PA24DE",16,40,4,4,4,2,1
"2739","PA24DE",16,66,4,5,5,2,1
"2740","PA24DE",16,24,3,2,2,2,2
"2741","PA24DE",16,49,4,4,4,2,2
"2742","PA24DE",16,72,4,5,4,2,1
"2743","PA24DE",16,27,3,3,3,2,2
"2744","PA24DE",16,58,2,4,4,2,2
"2745","PA24DE",16,47,4,4,4,2,2
"2746","PA24DE",16,18,4,5,5,2,1
"2747","PA24DE",16,61,2,3,3,2,2
"2748","PA24DE",16,4,4,3,4,2,1
"2749","PA24DE",16,45,2,3,3,2,2
"2750","PA24DE",16,57,4,5,4,2,2
"2751","PA24DE",16,56,3,3,3,2,2
"2752","PA24DE",16,48,2,3,3,2,2
"2753","PA24DE",16,6,4,3,3,2,2
"2754","PA24DE",16,11,4,4,4,2,1
"2755","PA24DE",16,54,4,3,2,2,2
"2756","PA24DE",16,63,3,4,4,2,1
"2757","PA24DE",16,59,3,4,3,2,2
"2758","PA24DE",16,38,4,3,3,2,2
"2759","PA24DE",16,17,4,4,4,2,1
"2760","PA24DE",16,33,2,4,4,2,2
"2761","PA24DE",16,5,2,4,4,2,2
"2762","PA24DE",16,35,2,3,3,2,2
"2763","PA24DE",16,14,4,5,4,2,1
"2764","PA24DE",16,2,3,4,3,2,2
"2765","PA24DE",16,31,4,5,5,2,1
"2766","PA24DE",16,10,2,4,4,2,2
"2767","PA24DE",16,42,4,4,4,2,1
"2768","PA24DE",16,21,4,5,4,2,1
"2769","PA24DE",16,28,4,3,2,2,2
"2770","PA24DE",16,8,2,4,4,2,2
"2771","PA24DE",16,19,6,6,6,1,1
"2772","PA24DE",16,71,2,3,3,2,2
"2773","PA24DE",16,26,4,6,5,2,1
"2774","PA24DE",16,20,4,4,4,2,1
"2775","PA24DE",16,39,2,3,3,2,2
"2776","PA24DE",16,23,4,4,4,2,1
"2777","PA24DE",16,34,3,2,2,2,2
"2778","PA24DE",16,44,4,4,4,2,2
"2779","PA24DE",16,65,3,2,3,2,2
"2780","PA24DE",16,50,2,3,3,2,2
"2781","PA24DE",16,53,4,5,5,2,1
"2782","PA24DE",16,73,4,4,4,2,1
"2783","PA24DE",16,7,3,3,4,2,2
"2784","PA24DE",16,9,4,3,3,2,1
"2785","PA24DE",16,29,3,3,3,2,2
"2786","PA24DE",16,62,3,3,3,2,2
"2787","PA24DE",16,41,4,5,4,2,2
"2788","PA24DE",16,64,3,5,4,2,2
"2789","PA24DE",16,60,4,5,5,2,2
"2790","PA24DE",16,55,3,4,4,2,2
"2791","PA24DE",16,13,4,3,4,2,2
"2792","PA24DE",16,51,4,3,4,2,1
"2793","PA24DE",16,12,4,4,4,2,2
"2794","PA24DE",16,52,1,NA,NA,NA,NA
"2795","PA24DE",16,32,4,4,4,2,2
"2796","PA24DE",16,1,3,3,3,2,2
"2797","PA24DE",16,30,4,4,4,2,1
"2798","PA24DE",16,22,2,4,4,2,2
"2799","PA24DE",16,74,2,3,3,2,2
"2800","PA24DE",16,43,4,2,3,2,1
"2801","PE28UW",3,50,3,3,3,2,1
"2802","PE28UW",3,29,2,3,3,2,1
"2803","PE28UW",3,8,2,3,3,2,2
"2804","PE28UW",3,51,3,3,3,2,1
"2805","PE28UW",3,30,3,2,2,2,2
"2806","PE28UW",3,6,5,4,4,1,2
"2807","PE28UW",3,49,3,2,2,2,2
"2808","PE28UW",3,28,3,3,3,2,2
"2809","PE28UW",3,7,2,2,2,2,2
"2810","PE28UW",3,21,3,2,2,2,2
"2811","PE28UW",3,73,3,3,3,2,1
"2812","PE28UW",3,64,4,5,5,2,2
"2813","PE28UW",3,43,3,2,2,2,2
"2814","PE28UW",3,22,2,3,3,2,2
"2815","PE28UW",3,74,2,3,3,2,1
"2816","PE28UW",3,71,4,3,3,2,2
"2817","PE28UW",3,62,3,3,3,2,1
"2818","PE28UW",3,41,3,3,3,2,2
"2819","PE28UW",3,20,3,4,4,2,1
"2820","PE28UW",3,72,5,6,5,1,1
"2821","PE28UW",3,63,2,2,2,2,2
"2822","PE28UW",3,42,4,3,3,2,1
"2823","PE28UW",3,24,3,2,2,2,2
"2824","PE28UW",3,3,NA,NA,NA,NA,NA
"2825","PE28UW",3,46,6,6,5,1,1
"2826","PE28UW",3,25,5,5,5,1,1
"2827","PE28UW",3,4,3,4,3,2,1
"2828","PE28UW",3,47,3,2,2,2,2
"2829","PE28UW",3,26,6,6,6,1,1
"2830","PE28UW",3,5,3,3,3,2,2
"2831","PE28UW",3,48,2,3,3,2,2
"2832","PE28UW",3,27,2,3,3,2,2
"2833","PE28UW",3,39,2,3,3,2,2
"2834","PE28UW",3,31,3,4,4,2,1
"2835","PE28UW",3,10,3,2,2,2,2
"2836","PE28UW",3,53,6,6,6,1,1
"2837","PE28UW",3,32,4,3,3,2,2
"2838","PE28UW",3,11,3,2,2,2,2
"2839","PE28UW",3,54,4,3,3,2,2
"2840","PE28UW",3,18,3,3,3,2,1
"2841","PE28UW",3,61,2,3,3,2,2
"2842","PE28UW",3,40,6,6,5,1,1
"2843","PE28UW",3,19,5,5,4,1,1
"2844","PE28UW",3,65,2,2,2,2,1
"2845","PE28UW",3,9,6,6,6,1,1
"2846","PE28UW",3,52,2,3,3,2,2
"2847","PE28UW",3,2,3,3,3,2,1
"2848","PE28UW",3,66,4,5,4,2,1
"2849","PE28UW",3,45,3,3,3,2,2
"2850","PE28UW",3,57,5,3,3,2,2
"2851","PE28UW",3,36,3,3,3,2,2
"2852","PE28UW",3,15,4,3,3,2,2
"2853","PE28UW",3,33,2,3,3,2,2
"2854","PE28UW",3,12,2,3,3,2,2
"2855","PE28UW",3,55,2,2,2,2,2
"2856","PE28UW",3,1,2,3,3,2,2
"2857","PE28UW",3,38,3,3,3,2,2
"2858","PE28UW",3,44,2,3,3,2,2
"2859","PE28UW",3,23,2,2,2,2,1
"2860","PE28UW",3,13,5,4,4,2,2
"2861","PE28UW",3,56,3,2,2,2,2
"2862","PE28UW",3,35,2,2,2,2,2
"2863","PE28UW",3,14,4,4,4,2,1
"2864","PE28UW",3,16,5,5,5,1,1
"2865","PE28UW",3,59,4,3,3,2,1
"2866","PE28UW",3,58,2,3,3,2,2
"2867","PE28UW",3,37,2,2,2,2,2
"2868","PE28UW",3,60,5,4,5,2,2
"2869","PE28UW",3,34,4,5,5,2,1
"2870","PE28UW",3,17,3,3,3,2,2
"2871","RE09GE",71,5,4,5,5,2,2
"2872","RE09GE",71,74,2,4,4,2,2
"2873","RE09GE",71,26,4,4,4,2,2
"2874","RE09GE",71,20,2,6,6,2,2
"2875","RE09GE",71,1,2,5,5,2,2
"2876","RE09GE",71,48,2,5,5,2,2
"2877","RE09GE",71,43,3,5,5,2,1
"2878","RE09GE",71,22,2,6,6,2,2
"2879","RE09GE",71,47,2,5,5,2,2
"2880","RE09GE",71,17,3,4,4,2,2
"2881","RE09GE",71,60,4,5,5,2,2
"2882","RE09GE",71,39,2,5,5,2,2
"2883","RE09GE",71,27,3,6,6,2,2
"2884","RE09GE",71,72,4,6,6,2,2
"2885","RE09GE",71,63,1,NA,NA,NA,NA
"2886","RE09GE",71,42,3,4,4,1,2
"2887","RE09GE",71,21,4,6,6,2,2
"2888","RE09GE",71,73,4,6,4,2,2
"2889","RE09GE",71,64,5,6,6,2,2
"2890","RE09GE",71,18,3,4,4,2,1
"2891","RE09GE",71,61,3,3,3,2,2
"2892","RE09GE",71,40,4,5,5,2,2
"2893","RE09GE",71,19,3,4,4,2,1
"2894","RE09GE",71,71,NA,NA,NA,NA,NA
"2895","RE09GE",71,62,3,4,4,2,2
"2896","RE09GE",71,41,4,5,4,2,2
"2897","RE09GE",71,10,2,3,3,2,2
"2898","RE09GE",71,53,4,6,5,2,2
"2899","RE09GE",71,32,2,3,3,2,2
"2900","RE09GE",71,11,2,4,4,2,2
"2901","RE09GE",71,54,2,3,3,2,2
"2902","RE09GE",71,33,1,NA,NA,NA,NA
"2903","RE09GE",71,12,3,5,5,2,1
"2904","RE09GE",71,55,2,5,5,2,2
"2905","RE09GE",71,34,2,4,4,2,2
"2906","RE09GE",71,13,3,2,2,2,2
"2907","RE09GE",71,56,3,5,5,2,1
"2908","RE09GE",71,65,2,4,4,2,2
"2909","RE09GE",71,44,2,4,4,2,2
"2910","RE09GE",71,23,3,3,3,2,2
"2911","RE09GE",71,2,2,5,5,2,2
"2912","RE09GE",71,66,3,6,5,2,2
"2913","RE09GE",71,45,2,5,5,2,2
"2914","RE09GE",71,24,3,4,4,2,2
"2915","RE09GE",71,3,4,3,3,2,2
"2916","RE09GE",71,46,4,5,5,2,2
"2917","RE09GE",71,25,4,6,5,2,1
"2918","RE09GE",71,4,4,6,4,2,2
"2919","RE09GE",71,38,4,4,4,2,2
"2920","RE09GE",71,30,4,6,4,2,2
"2921","RE09GE",71,9,4,6,5,2,2
"2922","RE09GE",71,52,1,NA,NA,NA,NA
"2923","RE09GE",71,31,3,6,5,2,2
"2924","RE09GE",71,35,2,3,3,2,1
"2925","RE09GE",71,6,4,4,4,2,2
"2926","RE09GE",71,49,3,5,5,2,2
"2927","RE09GE",71,28,6,6,6,1,2
"2928","RE09GE",71,7,2,5,5,2,2
"2929","RE09GE",71,50,3,5,5,2,2
"2930","RE09GE",71,29,3,5,5,2,2
"2931","RE09GE",71,8,2,6,6,2,2
"2932","RE09GE",71,51,2,5,5,2,2
"2933","RE09GE",71,15,4,4,2,2,2
"2934","RE09GE",71,14,3,6,6,2,1
"2935","RE09GE",71,57,3,3,3,2,2
"2936","RE09GE",71,36,2,6,5,2,2
"2937","RE09GE",71,59,4,6,5,2,2
"2938","RE09GE",71,58,2,6,5,2,2
"2939","RE09GE",71,37,4,5,5,2,2
"2940","RE09GE",71,16,3,5,4,2,1
"2941","RI21AN",5,7,4,4,4,2,1
"2942","RI21AN",5,28,3,4,3,2,1
"2943","RI21AN",5,24,2,2,2,2,2
"2944","RI21AN",5,50,4,5,4,2,1
"2945","RI21AN",5,6,3,3,3,2,1
"2946","RI21AN",5,49,2,3,3,2,2
"2947","RI21AN",5,8,4,5,4,2,1
"2948","RI21AN",5,3,4,4,3,2,1
"2949","RI21AN",5,46,4,4,3,2,1
"2950","RI21AN",5,29,4,4,3,2,1
"2951","RI21AN",5,9,5,5,4,2,1
"2952","RI21AN",5,52,2,3,3,2,2
"2953","RI21AN",5,27,3,4,3,2,1
"2954","RI21AN",5,48,4,4,3,2,1
"2955","RI21AN",5,10,6,6,5,1,1
"2956","RI21AN",5,53,2,3,3,2,2
"2957","RI21AN",5,32,2,3,3,2,1
"2958","RI21AN",5,11,2,3,3,2,2
"2959","RI21AN",5,54,3,2,2,2,2
"2960","RI21AN",5,18,2,4,3,2,1
"2961","RI21AN",5,61,4,4,3,2,1
"2962","RI21AN",5,40,2,4,3,2,1
"2963","RI21AN",5,19,3,4,3,2,1
"2964","RI21AN",5,71,3,4,3,2,2
"2965","RI21AN",5,62,3,4,3,2,1
"2966","RI21AN",5,41,3,4,3,2,1
"2967","RI21AN",5,31,2,3,3,2,1
"2968","RI21AN",5,57,2,3,3,2,1
"2969","RI21AN",5,36,3,4,3,2,1
"2970","RI21AN",5,15,4,4,3,2,1
"2971","RI21AN",5,58,3,3,3,2,2
"2972","RI21AN",5,37,3,4,3,2,1
"2973","RI21AN",5,33,2,3,3,2,2
"2974","RI21AN",5,12,2,3,3,2,1
"2975","RI21AN",5,55,3,3,3,2,2
"2976","RI21AN",5,34,4,4,3,2,1
"2977","RI21AN",5,13,3,3,3,2,2
"2978","RI21AN",5,56,6,6,5,1,1
"2979","RI21AN",5,35,3,3,3,2,2
"2980","RI21AN",5,14,3,4,3,2,1
"2981","RI21AN",5,20,3,4,3,2,1
"2982","RI21AN",5,72,4,5,4,2,1
"2983","RI21AN",5,63,6,5,5,1,1
"2984","RI21AN",5,42,5,6,4,2,1
"2985","RI21AN",5,21,3,4,3,2,1
"2986","RI21AN",5,16,2,3,3,2,1
"2987","RI21AN",5,59,2,3,3,2,2
"2988","RI21AN",5,38,4,5,3,2,1
"2989","RI21AN",5,17,6,6,5,1,1
"2990","RI21AN",5,60,4,4,3,2,1
"2991","RI21AN",5,39,2,3,3,2,1
"2992","RI21AN",5,26,4,4,3,2,1
"2993","RI21AN",5,5,NA,NA,NA,NA,NA
"2994","RI21AN",5,23,4,4,3,2,1
"2995","RI21AN",5,2,4,5,4,2,1
"2996","RI21AN",5,66,2,4,3,2,1
"2997","RI21AN",5,45,2,3,3,2,1
"2998","RI21AN",5,22,2,3,3,2,2
"2999","RI21AN",5,73,4,5,4,2,1
"3000","RI21AN",5,64,4,5,4,2,2
"3001","RI21AN",5,43,4,4,3,2,2
"3002","RI21AN",5,44,3,4,3,2,1
"3003","RI21AN",5,74,3,3,3,2,1
"3004","RI21AN",5,51,3,4,3,2,1
"3005","RI21AN",5,30,2,3,3,2,2
"3006","RI21AN",5,65,3,4,3,2,1
"3007","RI21AN",5,47,4,4,3,2,1
"3008","RI21AN",5,25,3,3,3,2,1
"3009","RI21AN",5,1,2,3,3,2,2
"3010","RI21AN",5,4,3,4,3,2,1
"3011","SA28AN",12,1,2,3,3,2,2
"3012","SA28AN",12,65,2,3,3,2,2
"3013","SA28AN",12,11,3,4,3,2,2
"3014","SA28AN",12,10,2,3,3,2,2
"3015","SA28AN",12,54,2,3,3,2,2
"3016","SA28AN",12,22,2,3,3,2,2
"3017","SA28AN",12,74,3,3,3,2,2
"3018","SA28AN",12,55,2,4,3,2,2
"3019","SA28AN",12,43,4,4,4,2,2
"3020","SA28AN",12,44,2,3,3,2,2
"3021","SA28AN",12,32,2,3,3,2,2
"3022","SA28AN",12,14,4,3,3,2,2
"3023","SA28AN",12,34,2,3,3,2,2
"3024","SA28AN",12,64,5,5,4,2,2
"3025","SA28AN",12,33,2,3,3,2,2
"3026","SA28AN",12,12,NA,NA,NA,NA,NA
"3027","SA28AN",12,45,3,4,3,2,2
"3028","SA28AN",12,24,2,3,3,2,2
"3029","SA28AN",12,13,4,2,3,2,2
"3030","SA28AN",12,56,3,4,3,2,2
"3031","SA28AN",12,25,3,5,3,2,2
"3032","SA28AN",12,4,4,5,4,1,2
"3033","SA28AN",12,73,2,3,3,2,2
"3034","SA28AN",12,53,2,3,3,2,2
"3035","SA28AN",12,63,3,4,3,2,2
"3036","SA28AN",12,72,2,3,3,2,2
"3037","SA28AN",12,27,2,3,3,2,2
"3038","SA28AN",12,3,2,3,3,2,2
"3039","SA28AN",12,46,4,3,3,2,1
"3040","SA28AN",12,15,2,3,3,2,2
"3041","SA28AN",12,58,2,3,3,2,2
"3042","SA28AN",12,37,2,3,3,2,2
"3043","SA28AN",12,16,2,4,3,2,2
"3044","SA28AN",12,23,2,3,3,2,2
"3045","SA28AN",12,2,2,3,3,2,2
"3046","SA28AN",12,66,2,3,3,2,2
"3047","SA28AN",12,21,2,3,3,2,2
"3048","SA28AN",12,48,2,3,3,2,2
"3049","SA28AN",12,39,2,3,3,2,2
"3050","SA28AN",12,31,2,3,3,2,2
"3051","SA28AN",12,57,2,3,3,2,2
"3052","SA28AN",12,36,2,2,3,2,2
"3053","SA28AN",12,50,4,5,3,2,2
"3054","SA28AN",12,29,2,3,3,2,2
"3055","SA28AN",12,8,3,4,3,2,2
"3056","SA28AN",12,51,2,3,3,2,2
"3057","SA28AN",12,59,2,3,3,2,2
"3058","SA28AN",12,47,2,3,3,2,2
"3059","SA28AN",12,26,3,4,3,2,2
"3060","SA28AN",12,35,2,3,3,2,2
"3061","SA28AN",12,42,3,3,3,2,2
"3062","SA28AN",12,20,2,3,3,2,2
"3063","SA28AN",12,52,2,3,3,2,2
"3064","SA28AN",12,6,3,5,4,2,2
"3065","SA28AN",12,49,2,3,3,2,2
"3066","SA28AN",12,28,3,4,3,2,2
"3067","SA28AN",12,7,2,3,3,2,2
"3068","SA28AN",12,18,3,4,3,2,2
"3069","SA28AN",12,61,2,3,3,2,2
"3070","SA28AN",12,40,2,3,3,2,2
"3071","SA28AN",12,19,2,3,3,2,2
"3072","SA28AN",12,38,3,4,3,2,2
"3073","SA28AN",12,5,2,3,3,2,2
"3074","SA28AN",12,60,2,3,3,2,2
"3075","SA28AN",12,9,2,3,3,2,2
"3076","SA28AN",12,30,2,4,3,2,2
"3077","SA28AN",12,71,2,2,3,2,2
"3078","SA28AN",12,17,2,3,3,2,2
"3079","SA28AN",12,41,2,3,3,2,2
"3080","SA28AN",12,62,2,3,3,2,2
"3081","SA30DE",11,18,5,5,5,2,1
"3082","SA30DE",11,6,5,5,4,2,2
"3083","SA30DE",11,26,5,6,5,2,2
"3084","SA30DE",11,49,3,4,3,2,2
"3085","SA30DE",11,19,5,5,4,2,2
"3086","SA30DE",11,17,3,4,4,2,2
"3087","SA30DE",11,48,2,3,3,2,2
"3088","SA30DE",11,27,4,5,4,2,2
"3089","SA30DE",11,7,5,6,5,2,2
"3090","SA30DE",11,71,2,4,4,2,2
"3091","SA30DE",11,5,3,3,3,2,2
"3092","SA30DE",11,40,4,5,4,2,1
"3093","SA30DE",11,47,5,3,3,2,2
"3094","SA30DE",11,39,2,3,3,2,2
"3095","SA30DE",11,62,5,5,4,2,2
"3096","SA30DE",11,28,5,6,5,2,1
"3097","SA30DE",11,30,4,4,4,2,2
"3098","SA30DE",11,9,4,5,4,2,2
"3099","SA30DE",11,21,4,5,4,2,2
"3100","SA30DE",11,61,4,5,4,2,2
"3101","SA30DE",11,10,3,4,3,2,2
"3102","SA30DE",11,53,5,5,5,2,2
"3103","SA30DE",11,52,2,4,4,2,2
"3104","SA30DE",11,31,6,6,6,1,1
"3105","SA30DE",11,4,3,4,4,2,2
"3106","SA30DE",11,60,3,4,4,2,2
"3107","SA30DE",11,25,5,5,4,2,1
"3108","SA30DE",11,46,6,6,6,1,1
"3109","SA30DE",11,51,6,6,6,1,1
"3110","SA30DE",11,74,3,4,4,2,2
"3111","SA30DE",11,1,2,3,3,2,2
"3112","SA30DE",11,65,4,5,4,2,2
"3113","SA30DE",11,44,3,4,4,2,2
"3114","SA30DE",11,23,5,4,4,2,2
"3115","SA30DE",11,2,2,4,4,2,2
"3116","SA30DE",11,41,5,5,4,2,2
"3117","SA30DE",11,20,6,6,6,1,1
"3118","SA30DE",11,50,3,4,4,2,2
"3119","SA30DE",11,29,5,4,4,2,2
"3120","SA30DE",11,8,3,4,4,2,2
"3121","SA30DE",11,12,4,5,4,2,1
"3122","SA30DE",11,55,2,3,3,2,2
"3123","SA30DE",11,73,6,6,6,1,1
"3124","SA30DE",11,64,3,4,4,2,2
"3125","SA30DE",11,43,4,3,3,2,2
"3126","SA30DE",11,22,2,4,4,2,2
"3127","SA30DE",11,14,6,6,6,1,1
"3128","SA30DE",11,57,3,4,4,2,2
"3129","SA30DE",11,36,6,6,6,1,1
"3130","SA30DE",11,32,5,5,4,2,1
"3131","SA30DE",11,72,5,4,4,2,2
"3132","SA30DE",11,63,2,4,4,2,2
"3133","SA30DE",11,42,5,5,4,2,2
"3134","SA30DE",11,3,5,5,5,2,1
"3135","SA30DE",11,38,4,4,4,2,2
"3136","SA30DE",11,35,2,3,3,2,2
"3137","SA30DE",11,34,3,5,4,2,2
"3138","SA30DE",11,13,5,5,4,2,2
"3139","SA30DE",11,56,3,5,4,2,2
"3140","SA30DE",11,11,NA,NA,NA,NA,NA
"3141","SA30DE",11,54,3,4,4,2,2
"3142","SA30DE",11,33,1,NA,NA,NA,NA
"3143","SA30DE",11,15,3,4,4,2,2
"3144","SA30DE",11,59,3,4,4,2,2
"3145","SA30DE",11,66,6,6,6,1,1
"3146","SA30DE",11,45,2,4,4,2,2
"3147","SA30DE",11,16,5,5,4,2,1
"3148","SA30DE",11,37,2,4,4,2,2
"3149","SA30DE",11,24,2,4,4,2,2
"3150","SA30DE",11,58,2,4,4,2,2
"3151","SE16MA",20,65,4,2,4,2,1
"3152","SE16MA",20,58,3,3,4,2,2
"3153","SE16MA",20,15,4,4,4,2,2
"3154","SE16MA",20,14,5,5,5,1,1
"3155","SE16MA",20,36,5,4,4,1,2
"3156","SE16MA",20,57,3,2,3,2,2
"3157","SE16MA",20,2,2,4,3,2,1
"3158","SE16MA",20,48,2,3,4,2,2
"3159","SE16MA",20,37,2,2,4,2,2
"3160","SE16MA",20,23,3,3,4,2,1
"3161","SE16MA",20,59,3,3,4,2,2
"3162","SE16MA",20,28,4,1,4,2,2
"3163","SE16MA",20,17,3,5,5,2,1
"3164","SE16MA",20,16,4,4,4,2,1
"3165","SE16MA",20,35,2,2,4,2,2
"3166","SE16MA",20,1,3,4,4,2,2
"3167","SE16MA",20,5,3,4,3,2,1
"3168","SE16MA",20,44,3,3,4,2,2
"3169","SE16MA",20,27,2,3,4,2,2
"3170","SE16MA",20,6,3,3,4,2,2
"3171","SE16MA",20,49,2,4,4,2,1
"3172","SE16MA",20,66,6,6,6,1,2
"3173","SE16MA",20,45,2,3,3,2,2
"3174","SE16MA",20,8,3,6,5,2,2
"3175","SE16MA",20,51,5,5,6,1,2
"3176","SE16MA",20,30,2,3,3,2,2
"3177","SE16MA",20,56,4,5,4,2,1
"3178","SE16MA",20,74,4,4,4,2,2
"3179","SE16MA",20,13,4,4,4,2,2
"3180","SE16MA",20,18,4,6,6,2,1
"3181","SE16MA",20,73,5,6,6,1,2
"3182","SE16MA",20,19,3,5,5,2,1
"3183","SE16MA",20,71,3,4,4,2,2
"3184","SE16MA",20,62,4,5,5,2,1
"3185","SE16MA",20,41,3,4,4,2,2
"3186","SE16MA",20,7,4,4,4,2,2
"3187","SE16MA",20,24,3,4,4,2,2
"3188","SE16MA",20,3,4,5,4,2,2
"3189","SE16MA",20,38,2,4,4,2,2
"3190","SE16MA",20,60,4,4,4,2,2
"3191","SE16MA",20,39,2,3,4,2,2
"3192","SE16MA",20,26,3,4,4,2,2
"3193","SE16MA",20,64,3,4,4,2,2
"3194","SE16MA",20,33,3,1,4,2,2
"3195","SE16MA",20,61,2,3,4,2,2
"3196","SE16MA",20,40,3,2,5,2,2
"3197","SE16MA",20,9,3,4,4,2,2
"3198","SE16MA",20,52,3,4,4,2,2
"3199","SE16MA",20,20,5,5,5,2,1
"3200","SE16MA",20,50,3,5,4,2,2
"3201","SE16MA",20,29,2,3,3,2,2
"3202","SE16MA",20,63,2,3,4,2,1
"3203","SE16MA",20,4,4,2,4,2,2
"3204","SE16MA",20,22,2,2,4,2,2
"3205","SE16MA",20,34,3,5,4,2,2
"3206","SE16MA",20,55,2,2,4,2,2
"3207","SE16MA",20,53,4,5,5,2,2
"3208","SE16MA",20,12,2,4,4,2,1
"3209","SE16MA",20,10,2,2,4,2,2
"3210","SE16MA",20,72,3,5,4,2,2
"3211","SE16MA",20,21,3,5,4,2,2
"3212","SE16MA",20,31,5,6,5,1,1
"3213","SE16MA",20,47,3,2,3,2,2
"3214","SE16MA",20,25,4,4,4,2,2
"3215","SE16MA",20,43,4,1,3,2,1
"3216","SE16MA",20,32,3,4,4,2,2
"3217","SE16MA",20,46,5,6,5,1,2
"3218","SE16MA",20,11,5,3,5,1,2
"3219","SE16MA",20,54,2,1,4,2,2
"3220","SE16MA",20,42,4,6,5,2,1
"3221","SI21JO",28,21,5,5,4,2,2
"3222","SI21JO",28,64,6,6,6,1,1
"3223","SI21JO",28,19,4,3,2,2,1
"3224","SI21JO",28,71,6,6,6,1,2
"3225","SI21JO",28,62,5,5,4,2,1
"3226","SI21JO",28,73,4,4,4,2,2
"3227","SI21JO",28,43,3,3,3,2,2
"3228","SI21JO",28,72,3,3,4,2,2
"3229","SI21JO",28,63,3,1,3,2,2
"3230","SI21JO",28,50,5,6,5,1,2
"3231","SI21JO",28,29,3,4,4,2,2
"3232","SI21JO",28,32,4,3,3,2,2
"3233","SI21JO",28,11,5,5,4,2,2
"3234","SI21JO",28,74,3,4,4,2,2
"3235","SI21JO",28,41,4,4,3,2,2
"3236","SI21JO",28,20,4,2,2,2,2
"3237","SI21JO",28,44,4,4,4,2,2
"3238","SI21JO",28,23,4,3,2,2,2
"3239","SI21JO",28,42,3,3,4,2,1
"3240","SI21JO",28,52,1,NA,NA,NA,NA
"3241","SI21JO",28,31,5,5,4,2,1
"3242","SI21JO",28,22,4,4,3,2,2
"3243","SI21JO",28,7,4,5,4,2,2
"3244","SI21JO",28,40,4,4,3,2,2
"3245","SI21JO",28,10,2,4,4,2,1
"3246","SI21JO",28,53,3,3,4,2,2
"3247","SI21JO",28,46,3,3,2,2,2
"3248","SI21JO",28,1,3,4,4,2,2
"3249","SI21JO",28,65,4,5,3,2,2
"3250","SI21JO",28,51,4,4,3,2,1
"3251","SI21JO",28,30,4,4,3,2,2
"3252","SI21JO",28,2,3,4,4,2,2
"3253","SI21JO",28,9,5,6,5,1,2
"3254","SI21JO",28,66,5,5,4,2,2
"3255","SI21JO",28,45,5,5,4,2,1
"3256","SI21JO",28,28,NA,NA,NA,NA,NA
"3257","SI21JO",28,61,2,4,4,2,2
"3258","SI21JO",28,18,2,4,4,2,1
"3259","SI21JO",28,56,3,3,4,2,2
"3260","SI21JO",28,48,3,4,4,2,2
"3261","SI21JO",28,54,4,3,2,2,2
"3262","SI21JO",28,8,3,4,4,2,2
"3263","SI21JO",28,12,4,6,3,2,1
"3264","SI21JO",28,55,4,6,4,2,2
"3265","SI21JO",28,34,5,4,3,2,2
"3266","SI21JO",28,13,5,3,3,2,2
"3267","SI21JO",28,16,4,1,3,2,1
"3268","SI21JO",28,59,4,4,3,2,1
"3269","SI21JO",28,38,3,5,4,2,2
"3270","SI21JO",28,49,4,4,4,2,1
"3271","SI21JO",28,3,3,3,3,2,1
"3272","SI21JO",28,27,3,4,3,2,2
"3273","SI21JO",28,25,4,3,3,2,1
"3274","SI21JO",28,35,4,3,4,2,2
"3275","SI21JO",28,33,3,4,4,2,2
"3276","SI21JO",28,15,3,3,4,2,2
"3277","SI21JO",28,39,2,4,4,2,2
"3278","SI21JO",28,58,2,5,4,2,2
"3279","SI21JO",28,37,4,4,4,2,2
"3280","SI21JO",28,6,3,3,3,2,2
"3281","SI21JO",28,36,4,4,3,2,2
"3282","SI21JO",28,4,4,3,3,2,2
"3283","SI21JO",28,24,4,3,2,2,2
"3284","SI21JO",28,14,5,5,4,2,1
"3285","SI21JO",28,60,6,6,6,1,2
"3286","SI21JO",28,57,3,2,1,2,2
"3287","SI21JO",28,17,2,4,4,2,1
"3288","SI21JO",28,47,3,4,4,2,2
"3289","SI21JO",28,5,2,5,4,2,1
"3290","SI21JO",28,26,3,3,3,2,2
"3291","ST18MI",73,61,3,4,4,2,2
"3292","ST18MI",73,40,3,5,4,2,2
"3293","ST18MI",73,19,3,3,3,2,1
"3294","ST18MI",73,71,4,5,6,2,2
"3295","ST18MI",73,62,4,5,4,2,2
"3296","ST18MI",73,25,4,6,6,2,1
"3297","ST18MI",73,4,3,4,4,2,1
"3298","ST18MI",73,47,4,4,4,2,2
"3299","ST18MI",73,26,3,5,5,2,1
"3300","ST18MI",73,65,4,4,4,2,2
"3301","ST18MI",73,44,2,4,4,2,2
"3302","ST18MI",73,23,3,4,4,2,2
"3303","ST18MI",73,2,3,5,5,2,1
"3304","ST18MI",73,66,4,4,5,2,2
"3305","ST18MI",73,45,3,4,4,2,2
"3306","ST18MI",73,24,3,4,4,2,2
"3307","ST18MI",73,3,4,2,4,2,2
"3308","ST18MI",73,46,4,6,6,2,1
"3309","ST18MI",73,18,6,6,6,1,1
"3310","ST18MI",73,51,6,5,6,1,2
"3311","ST18MI",73,30,3,4,4,2,2
"3312","ST18MI",73,9,3,5,5,2,1
"3313","ST18MI",73,52,2,3,3,2,2
"3314","ST18MI",73,31,4,6,5,2,1
"3315","ST18MI",73,41,2,3,3,2,2
"3316","ST18MI",73,20,6,6,6,1,2
"3317","ST18MI",73,72,3,2,3,2,2
"3318","ST18MI",73,63,3,5,5,2,2
"3319","ST18MI",73,42,4,5,5,2,1
"3320","ST18MI",73,21,3,4,4,2,2
"3321","ST18MI",73,73,NA,NA,NA,NA,NA
"3322","ST18MI",73,64,4,5,5,2,2
"3323","ST18MI",73,43,4,4,5,2,2
"3324","ST18MI",73,22,2,3,4,2,2
"3325","ST18MI",73,74,2,4,4,2,2
"3326","ST18MI",73,1,3,4,4,2,2
"3327","ST18MI",73,35,3,3,5,2,2
"3328","ST18MI",73,14,6,6,6,1,1
"3329","ST18MI",73,57,3,4,4,2,2
"3330","ST18MI",73,36,6,6,6,1,2
"3331","ST18MI",73,15,3,4,4,2,2
"3332","ST18MI",73,58,4,6,5,2,1
"3333","ST18MI",73,37,2,4,4,2,2
"3334","ST18MI",73,16,3,4,4,2,1
"3335","ST18MI",73,59,2,3,4,2,1
"3336","ST18MI",73,38,4,4,5,2,2
"3337","ST18MI",73,17,3,4,4,2,1
"3338","ST18MI",73,60,4,5,5,2,2
"3339","ST18MI",73,39,2,4,4,2,2
"3340","ST18MI",73,5,4,5,5,2,2
"3341","ST18MI",73,48,2,3,4,2,2
"3342","ST18MI",73,27,3,4,4,2,2
"3343","ST18MI",73,6,3,4,4,2,2
"3344","ST18MI",73,49,3,4,4,2,2
"3345","ST18MI",73,28,3,5,5,2,2
"3346","ST18MI",73,7,3,4,4,2,2
"3347","ST18MI",73,50,2,4,4,2,2
"3348","ST18MI",73,29,4,5,6,2,2
"3349","ST18MI",73,8,2,4,4,2,2
"3350","ST18MI",73,55,2,2,3,2,2
"3351","ST18MI",73,34,2,4,4,2,1
"3352","ST18MI",73,13,3,4,4,2,2
"3353","ST18MI",73,56,3,4,4,2,2
"3354","ST18MI",73,32,4,5,5,2,2
"3355","ST18MI",73,11,6,6,6,1,2
"3356","ST18MI",73,10,3,4,4,2,2
"3357","ST18MI",73,53,3,4,4,2,1
"3358","ST18MI",73,12,3,3,4,2,2
"3359","ST18MI",73,54,2,3,3,2,2
"3360","ST18MI",73,33,3,4,4,2,2
"3361","SU09ST",60,15,NA,NA,NA,NA,NA
"3362","SU09ST",60,36,NA,NA,NA,NA,NA
"3363","SU09ST",60,37,NA,NA,NA,NA,NA
"3364","SU09ST",60,53,NA,NA,NA,NA,NA
"3365","SU09ST",60,52,NA,NA,NA,NA,NA
"3366","SU09ST",60,31,NA,NA,NA,NA,NA
"3367","SU09ST",60,10,NA,NA,NA,NA,NA
"3368","SU09ST",60,34,NA,NA,NA,NA,NA
"3369","SU09ST",60,9,NA,NA,NA,NA,NA
"3370","SU09ST",60,43,NA,NA,NA,NA,NA
"3371","SU09ST",60,22,NA,NA,NA,NA,NA
"3372","SU09ST",60,58,NA,NA,NA,NA,NA
"3373","SU09ST",60,65,NA,NA,NA,NA,NA
"3374","SU09ST",60,44,NA,NA,NA,NA,NA
"3375","SU09ST",60,16,NA,NA,NA,NA,NA
"3376","SU09ST",60,59,NA,NA,NA,NA,NA
"3377","SU09ST",60,38,NA,NA,NA,NA,NA
"3378","SU09ST",60,17,NA,NA,NA,NA,NA
"3379","SU09ST",60,60,NA,NA,NA,NA,NA
"3380","SU09ST",60,39,NA,NA,NA,NA,NA
"3381","SU09ST",60,51,NA,NA,NA,NA,NA
"3382","SU09ST",60,30,NA,NA,NA,NA,NA
"3383","SU09ST",60,57,NA,NA,NA,NA,NA
"3384","SU09ST",60,18,NA,NA,NA,NA,NA
"3385","SU09ST",60,61,NA,NA,NA,NA,NA
"3386","SU09ST",60,40,NA,NA,NA,NA,NA
"3387","SU09ST",60,19,NA,NA,NA,NA,NA
"3388","SU09ST",60,32,NA,NA,NA,NA,NA
"3389","SU09ST",60,11,NA,NA,NA,NA,NA
"3390","SU09ST",60,54,NA,NA,NA,NA,NA
"3391","SU09ST",60,33,NA,NA,NA,NA,NA
"3392","SU09ST",60,13,NA,NA,NA,NA,NA
"3393","SU09ST",60,56,NA,NA,NA,NA,NA
"3394","SU09ST",60,35,NA,NA,NA,NA,NA
"3395","SU09ST",60,14,NA,NA,NA,NA,NA
"3396","SU09ST",60,25,NA,NA,NA,NA,NA
"3397","SU09ST",60,73,NA,NA,NA,NA,NA
"3398","SU09ST",60,64,NA,NA,NA,NA,NA
"3399","SU09ST",60,74,NA,NA,NA,NA,NA
"3400","SU09ST",60,1,NA,NA,NA,NA,NA
"3401","SU09ST",60,48,NA,NA,NA,NA,NA
"3402","SU09ST",60,23,NA,NA,NA,NA,NA
"3403","SU09ST",60,2,NA,NA,NA,NA,NA
"3404","SU09ST",60,66,NA,NA,NA,NA,NA
"3405","SU09ST",60,45,NA,NA,NA,NA,NA
"3406","SU09ST",60,24,NA,NA,NA,NA,NA
"3407","SU09ST",60,3,NA,NA,NA,NA,NA
"3408","SU09ST",60,46,NA,NA,NA,NA,NA
"3409","SU09ST",60,8,NA,NA,NA,NA,NA
"3410","SU09ST",60,4,NA,NA,NA,NA,NA
"3411","SU09ST",60,47,NA,NA,NA,NA,NA
"3412","SU09ST",60,26,NA,NA,NA,NA,NA
"3413","SU09ST",60,5,NA,NA,NA,NA,NA
"3414","SU09ST",60,28,NA,NA,NA,NA,NA
"3415","SU09ST",60,27,NA,NA,NA,NA,NA
"3416","SU09ST",60,6,NA,NA,NA,NA,NA
"3417","SU09ST",60,49,NA,NA,NA,NA,NA
"3418","SU09ST",60,42,NA,NA,NA,NA,NA
"3419","SU09ST",60,7,NA,NA,NA,NA,NA
"3420","SU09ST",60,50,NA,NA,NA,NA,NA
"3421","SU09ST",60,29,NA,NA,NA,NA,NA
"3422","SU09ST",60,62,NA,NA,NA,NA,NA
"3423","SU09ST",60,21,NA,NA,NA,NA,NA
"3424","SU09ST",60,12,NA,NA,NA,NA,NA
"3425","SU09ST",60,71,NA,NA,NA,NA,NA
"3426","SU09ST",60,63,NA,NA,NA,NA,NA
"3427","SU09ST",60,41,NA,NA,NA,NA,NA
"3428","SU09ST",60,55,NA,NA,NA,NA,NA
"3429","SU09ST",60,20,NA,NA,NA,NA,NA
"3430","SU09ST",60,72,NA,NA,NA,NA,NA
"3431","SY16AN",22,53,3,4,4,2,2
"3432","SY16AN",22,10,2,3,3,2,2
"3433","SY16AN",22,58,2,3,3,2,2
"3434","SY16AN",22,37,2,4,3,2,2
"3435","SY16AN",22,31,2,3,3,2,1
"3436","SY16AN",22,43,2,3,3,2,2
"3437","SY16AN",22,38,2,4,3,2,2
"3438","SY16AN",22,34,2,3,3,2,2
"3439","SY16AN",22,16,3,4,3,2,1
"3440","SY16AN",22,59,3,4,3,2,1
"3441","SY16AN",22,61,3,5,4,2,2
"3442","SY16AN",22,40,2,3,3,2,2
"3443","SY16AN",22,15,3,4,3,2,2
"3444","SY16AN",22,52,3,4,3,2,2
"3445","SY16AN",22,32,2,3,3,2,2
"3446","SY16AN",22,11,2,2,3,2,1
"3447","SY16AN",22,19,3,4,3,2,1
"3448","SY16AN",22,71,2,3,3,2,2
"3449","SY16AN",22,56,3,5,4,2,2
"3450","SY16AN",22,35,2,4,3,2,2
"3451","SY16AN",22,54,2,3,3,2,2
"3452","SY16AN",22,13,2,3,3,2,1
"3453","SY16AN",22,64,3,5,3,2,2
"3454","SY16AN",22,30,2,3,3,2,1
"3455","SY16AN",22,9,3,4,3,2,1
"3456","SY16AN",22,36,3,4,3,2,2
"3457","SY16AN",22,74,2,3,3,2,2
"3458","SY16AN",22,1,5,6,5,1,2
"3459","SY16AN",22,65,4,5,4,2,1
"3460","SY16AN",22,22,NA,NA,NA,NA,NA
"3461","SY16AN",22,33,2,4,3,2,2
"3462","SY16AN",22,12,2,3,3,2,2
"3463","SY16AN",22,55,2,4,3,2,2
"3464","SY16AN",22,44,3,5,4,2,2
"3465","SY16AN",22,14,3,5,3,2,1
"3466","SY16AN",22,18,2,4,3,2,1
"3467","SY16AN",22,73,3,4,3,2,1
"3468","SY16AN",22,8,2,3,3,2,2
"3469","SY16AN",22,51,3,4,3,2,1
"3470","SY16AN",22,47,3,5,4,2,2
"3471","SY16AN",22,60,3,4,3,2,2
"3472","SY16AN",22,62,4,5,4,2,1
"3473","SY16AN",22,41,2,4,3,2,2
"3474","SY16AN",22,17,2,4,3,2,2
"3475","SY16AN",22,57,2,4,3,2,2
"3476","SY16AN",22,39,2,3,3,2,2
"3477","SY16AN",22,21,3,6,4,2,1
"3478","SY16AN",22,25,2,4,3,2,1
"3479","SY16AN",22,20,3,4,3,2,1
"3480","SY16AN",22,4,3,4,3,2,1
"3481","SY16AN",22,3,2,3,3,2,2
"3482","SY16AN",22,46,3,4,3,2,1
"3483","SY16AN",22,45,2,4,3,2,2
"3484","SY16AN",22,72,3,4,3,2,1
"3485","SY16AN",22,26,2,3,3,2,1
"3486","SY16AN",22,5,2,3,3,2,2
"3487","SY16AN",22,66,3,4,3,2,1
"3488","SY16AN",22,24,2,3,3,2,2
"3489","SY16AN",22,63,3,4,3,2,1
"3490","SY16AN",22,42,2,3,3,2,1
"3491","SY16AN",22,27,2,3,3,2,2
"3492","SY16AN",22,49,4,6,4,2,1
"3493","SY16AN",22,29,4,6,4,2,2
"3494","SY16AN",22,7,4,5,4,2,1
"3495","SY16AN",22,6,2,3,3,2,1
"3496","SY16AN",22,23,2,3,3,2,2
"3497","SY16AN",22,2,3,4,3,2,1
"3498","SY16AN",22,28,4,5,4,2,1
"3499","SY16AN",22,50,4,5,4,2,2
"3500","SY16AN",22,48,5,6,5,1,2
"3501","TE05CH",6,14,NA,NA,NA,NA,NA
"3502","TE05CH",6,57,NA,NA,NA,NA,NA
"3503","TE05CH",6,36,NA,NA,NA,NA,NA
"3504","TE05CH",6,58,NA,NA,NA,NA,NA
"3505","TE05CH",6,2,NA,NA,NA,NA,NA
"3506","TE05CH",6,66,NA,NA,NA,NA,NA
"3507","TE05CH",6,37,NA,NA,NA,NA,NA
"3508","TE05CH",6,15,NA,NA,NA,NA,NA
"3509","TE05CH",6,59,NA,NA,NA,NA,NA
"3510","TE05CH",6,35,NA,NA,NA,NA,NA
"3511","TE05CH",6,65,NA,NA,NA,NA,NA
"3512","TE05CH",6,16,NA,NA,NA,NA,NA
"3513","TE05CH",6,39,NA,NA,NA,NA,NA
"3514","TE05CH",6,72,NA,NA,NA,NA,NA
"3515","TE05CH",6,63,NA,NA,NA,NA,NA
"3516","TE05CH",6,44,NA,NA,NA,NA,NA
"3517","TE05CH",6,23,NA,NA,NA,NA,NA
"3518","TE05CH",6,73,NA,NA,NA,NA,NA
"3519","TE05CH",6,38,NA,NA,NA,NA,NA
"3520","TE05CH",6,42,NA,NA,NA,NA,NA
"3521","TE05CH",6,21,NA,NA,NA,NA,NA
"3522","TE05CH",6,13,NA,NA,NA,NA,NA
"3523","TE05CH",6,56,NA,NA,NA,NA,NA
"3524","TE05CH",6,74,NA,NA,NA,NA,NA
"3525","TE05CH",6,1,NA,NA,NA,NA,NA
"3526","TE05CH",6,26,NA,NA,NA,NA,NA
"3527","TE05CH",6,5,NA,NA,NA,NA,NA
"3528","TE05CH",6,48,NA,NA,NA,NA,NA
"3529","TE05CH",6,27,NA,NA,NA,NA,NA
"3530","TE05CH",6,45,NA,NA,NA,NA,NA
"3531","TE05CH",6,24,NA,NA,NA,NA,NA
"3532","TE05CH",6,3,NA,NA,NA,NA,NA
"3533","TE05CH",6,46,NA,NA,NA,NA,NA
"3534","TE05CH",6,17,NA,NA,NA,NA,NA
"3535","TE05CH",6,60,NA,NA,NA,NA,NA
"3536","TE05CH",6,25,NA,NA,NA,NA,NA
"3537","TE05CH",6,4,NA,NA,NA,NA,NA
"3538","TE05CH",6,47,NA,NA,NA,NA,NA
"3539","TE05CH",6,9,NA,NA,NA,NA,NA
"3540","TE05CH",6,52,NA,NA,NA,NA,NA
"3541","TE05CH",6,31,NA,NA,NA,NA,NA
"3542","TE05CH",6,10,NA,NA,NA,NA,NA
"3543","TE05CH",6,6,NA,NA,NA,NA,NA
"3544","TE05CH",6,49,NA,NA,NA,NA,NA
"3545","TE05CH",6,28,NA,NA,NA,NA,NA
"3546","TE05CH",6,7,NA,NA,NA,NA,NA
"3547","TE05CH",6,50,NA,NA,NA,NA,NA
"3548","TE05CH",6,29,NA,NA,NA,NA,NA
"3549","TE05CH",6,8,NA,NA,NA,NA,NA
"3550","TE05CH",6,51,NA,NA,NA,NA,NA
"3551","TE05CH",6,30,NA,NA,NA,NA,NA
"3552","TE05CH",6,71,NA,NA,NA,NA,NA
"3553","TE05CH",6,62,NA,NA,NA,NA,NA
"3554","TE05CH",6,41,NA,NA,NA,NA,NA
"3555","TE05CH",6,20,NA,NA,NA,NA,NA
"3556","TE05CH",6,53,NA,NA,NA,NA,NA
"3557","TE05CH",6,32,NA,NA,NA,NA,NA
"3558","TE05CH",6,11,NA,NA,NA,NA,NA
"3559","TE05CH",6,54,NA,NA,NA,NA,NA
"3560","TE05CH",6,33,NA,NA,NA,NA,NA
"3561","TE05CH",6,12,NA,NA,NA,NA,NA
"3562","TE05CH",6,55,NA,NA,NA,NA,NA
"3563","TE05CH",6,34,NA,NA,NA,NA,NA
"3564","TE05CH",6,19,NA,NA,NA,NA,NA
"3565","TE05CH",6,22,NA,NA,NA,NA,NA
"3566","TE05CH",6,18,NA,NA,NA,NA,NA
"3567","TE05CH",6,61,NA,NA,NA,NA,NA
"3568","TE05CH",6,40,NA,NA,NA,NA,NA
"3569","TE05CH",6,43,NA,NA,NA,NA,NA
"3570","TE05CH",6,64,NA,NA,NA,NA,NA
